{
    "name": "002 - ANiMAL - Rockshow",
    "nsdr": [
        8.39055434409343,
        6.133814059284349,
        6.63142858872386,
        2.0342147943509206
    ],
    "sar": [
        5.72746901933007,
        6.026629842844895,
        7.926134069506511,
        5.0083030336310275
    ],
    "sdr": [
        1.5199190701572907,
        4.213872689993638,
        3.092302620651112,
        -6.36023064943426
    ],
    "sir": [
        4.622034933977482,
        9.851111489207238,
        5.471341311191421,
        -4.839849638424233
    ]
}