{
    "name": "067 - Georgia Wonder - Siren",
    "nsdr": [
        3.782179708928414,
        1.065238992432441,
        -0.11131744175624902,
        3.145901457675567
    ],
    "sar": [
        -13.444691897598396,
        -21.3507677310572,
        -21.598072352674397,
        -19.59156832676188
    ],
    "sdr": [
        -13.85002083362492,
        -24.042033648274813,
        -24.411758211079714,
        -22.772086026359716
    ],
    "sir": [
        10.287690210044538,
        0.6950803415481448,
        0.4325087799079127,
        -0.28656301470332374
    ]
}