{
    "name": "026 - Louis Cressy Band - Good Time",
    "nsdr": [
        6.6610545236298035,
        8.21394445321232,
        7.498501364266598,
        5.1772496567200506
    ],
    "sar": [
        5.848827382953461,
        7.5947286505594,
        8.16010150161472,
        5.453456832596428
    ],
    "sdr": [
        2.148649559535091,
        2.135489274279549,
        5.209750633508008,
        -1.4564641218698196
    ],
    "sir": [
        5.5677877243606595,
        4.286016403011188,
        8.898201545514866,
        0.6214206340738216
    ]
}