{
    "name": "094 - Titanium - Haunted Age",
    "nsdr": [
        -1.4375358757659527,
        -1.4484175224829592,
        -0.1663063892465111,
        13.704464876196777
    ],
    "sar": [
        -19.491577010370285,
        -25.238312750863816,
        -19.557797491217404,
        -19.19800385759551
    ],
    "sdr": [
        -23.33061280899862,
        -26.626762671455516,
        -21.181472977357515,
        -20.247203322631417
    ],
    "sir": [
        -1.4758358531676103,
        4.252817102342459,
        3.4835694744498613,
        5.686032550265344
    ]
}