{
    "name": "034 - Secretariat - Over The Top",
    "nsdr": [
        9.348632959354566,
        5.323094958763481,
        5.9238074042898035,
        5.69414310810162
    ],
    "sar": [
        5.078649190147811,
        7.871357324706186,
        5.147399867468153,
        5.324073822982386
    ],
    "sdr": [
        2.6256838407158867,
        4.695279696888112,
        0.5232688672321338,
        -2.1579227055080903
    ],
    "sir": [
        7.450064443035048,
        8.202644176332125,
        3.5179844569558587,
        -0.18601683699632193
    ]
}