{
    "name": "058 - Ben Carrigan - We'll Talk About It All Tonight",
    "nsdr": [
        1.4879849553683613,
        5.006609936910184,
        -0.313694527308634,
        -1.4585218005571114
    ],
    "sar": [
        -10.541873014971783,
        -18.53268051772372,
        -20.040395608020543,
        -16.208159690789888
    ],
    "sdr": [
        -10.926224076600072,
        -20.237120768019384,
        -22.361520799004715,
        -21.379457288442737
    ],
    "sir": [
        10.704335754192087,
        3.2424318562689844,
        1.5515435608318668,
        -3.4946455052149012
    ]
}