{
    "name": "019 - James Elder & Mark M Thompson - The English Actor",
    "nsdr": [
        5.464607607276805,
        7.947977167988412,
        10.066399822307385,
        6.443867664872821
    ],
    "sar": [
        9.116305854116673,
        1.8761215539349938,
        8.331945778485094,
        5.157999558596968
    ],
    "sdr": [
        7.120749771627928,
        -13.311396442073299,
        5.5799972556919,
        -1.2872242812329557
    ],
    "sir": [
        11.959710671086798,
        -11.005061134431038,
        9.459973326760903,
        0.9852440218973666
    ]
}