{
    "name": "075 - Leaf - Summerghost",
    "nsdr": [
        9.344313345348478,
        9.370417101579887,
        11.323035347911656,
        4.951111752074242
    ],
    "sar": [
        9.60350159035544,
        10.971547769467364,
        8.861908785669408,
        6.440487712309617
    ],
    "sdr": [
        5.180178376908539,
        7.601020868667536,
        5.374144093236549,
        -3.7015548394063624
    ],
    "sir": [
        7.577582427004412,
        10.612754292166155,
        8.484941214409615,
        -2.371171872875756
    ]
}