{
    "name": "043 - Timboz - Pony",
    "nsdr": [
        3.694970804393291,
        2.2648259512181212,
        4.382419134842457,
        -1.6887709564981779
    ],
    "sar": [
        -0.39438470989464813,
        6.309452477406055,
        3.5521954251600762,
        5.558978305014963
    ],
    "sdr": [
        -7.02337122702742,
        -7.824984421514703,
        -1.6303025609581125,
        0.49999310842471634
    ],
    "sir": [
        -2.7472414485315073,
        -6.741191899573452,
        1.5263937573899498,
        3.189301231049101
    ]
}