{
    "name": "070 - James May - All Souls Moon",
    "nsdr": [
        -3.485994814508249,
        2.263507269494365,
        -18.50104398794348,
        -4.8583743688704075
    ],
    "sar": [
        -15.764054148026695,
        -19.9017786008364,
        -12.401432211441206,
        -18.885300174115383
    ],
    "sdr": [
        -16.760491336402623,
        -20.992441817481236,
        -35.0964793361087,
        -26.737636819127793
    ],
    "sir": [
        5.999283150741357,
        5.488395396657313,
        -22.42872800978894,
        -7.018773528785694
    ]
}