{
    "name": "012 - Dark Ride - Burning Bridges",
    "nsdr": [
        9.264005308014342,
        0.18569094801748331,
        2.2994955533484975,
        4.009541929942278
    ],
    "sar": [
        3.946352481344009,
        6.045785887183791,
        4.757056220134156,
        5.095518978193598
    ],
    "sdr": [
        1.4075794024457644,
        -3.69634801597123,
        2.4949976207771414,
        -7.94214680279887
    ],
    "sir": [
        6.4176560346241605,
        -2.2450782341135214,
        7.662780646911925,
        -6.550265639320588
    ]
}