{
    "name": "025 - Leaf - Wicked",
    "nsdr": [
        2.748601633170507,
        3.963593142774876,
        2.305352656965292,
        0.5739158743980681
    ],
    "sar": [
        -9.22391693547554,
        -18.973722378153354,
        -15.395862612747228,
        -17.61459123538434
    ],
    "sdr": [
        -9.408216264186075,
        -20.583789357136972,
        -15.738837275119481,
        -21.052478439090727
    ],
    "sir": [
        14.120627700946187,
        3.5341884916357866,
        10.976202667437105,
        -0.7422491555311673
    ]
}