{
    "name": "086 - Skelpolu - Human Mistakes",
    "nsdr": [
        -10.33411679452435,
        2.155969923773295,
        3.8870449019087676,
        7.735360501121429
    ],
    "sar": [
        -17.982579047551297,
        -17.64172829469826,
        -14.19324562530435,
        -12.661558615356356
    ],
    "sdr": [
        -23.39494352067094,
        -18.039819899012265,
        -14.802519366314522,
        -12.780674874554625
    ],
    "sir": [
        -3.8711422153146757,
        10.251560832086996,
        8.383821097479458,
        15.787588760942604
    ]
}