{
    "name": "028 - Motor Tapes - Shore",
    "nsdr": [
        3.098699785505378,
        -0.029148989821777604,
        -3.401333376972339,
        -1.537104833082509
    ],
    "sar": [
        -13.000028783394622,
        -22.649843688450254,
        -16.37400656703801,
        -19.832691513223363
    ],
    "sdr": [
        -13.483255367448962,
        -27.054521118418258,
        -23.67449614648728,
        -23.728512012881907
    ],
    "sir": [
        9.504864214049233,
        -2.4246736264095494,
        -6.306779479335702,
        -1.575803836130937
    ]
}