{
    "name": "045 - Traffic Experiment - Sirens",
    "nsdr": [
        5.533211175472504,
        5.0674227726826455,
        6.5654546020435385,
        1.973553998365758
    ],
    "sar": [
        5.202150108883245,
        4.6420138749513375,
        5.732680068850346,
        5.4357058498259185
    ],
    "sdr": [
        -1.3211356889705552,
        -3.6533806798917907,
        0.9025546067076362,
        1.9747195852899047
    ],
    "sir": [
        0.9184329584954156,
        -1.675382001315259,
        3.6625391406893026,
        5.669287606216892
    ]
}