{
    "name": "084 - Secretariat - Borderline",
    "nsdr": [
        2.418281589358944,
        3.375843968347148,
        1.9692049404329524,
        2.676286460369216
    ],
    "sar": [
        -16.72550568420285,
        -21.78875744852847,
        -18.955810848189905,
        -19.489496293515714
    ],
    "sdr": [
        -18.07635471065536,
        -23.349186970558087,
        -20.420910546656323,
        -21.327594322991068
    ],
    "sir": [
        4.470196824011374,
        3.6705238443634696,
        4.020932363709301,
        2.8313149532862187
    ]
}