{
    "name": "022 - Johnny Lokke - Promises & Lies",
    "nsdr": [
        8.608129726841831,
        7.2312674931416865,
        9.43991855051349,
        4.492271022909501
    ],
    "sar": [
        8.230366632354848,
        6.460796382032327,
        9.646719279604632,
        6.913627676196655
    ],
    "sdr": [
        3.6821434979219214,
        -1.1038796153786055,
        5.9765725168728645,
        1.2648662217101396
    ],
    "sir": [
        6.167113581963925,
        0.6171883100279173,
        8.86144030872578,
        3.4502117752707306
    ]
}