{
    "name": "096 - Triviul - Angelsaint",
    "nsdr": [
        5.742770936071752,
        9.319691234152295,
        10.229563988918823,
        3.364720195761943
    ],
    "sar": [
        7.877596551778239,
        8.555405828579701,
        5.9448758480467845,
        5.849767586382999
    ],
    "sdr": [
        3.5652592737920967,
        5.558645618397842,
        1.3669506199999837,
        -2.3325731733293624
    ],
    "sir": [
        6.2310438726398,
        9.149530448167173,
        4.212182471137294,
        -0.6128624796412365
    ]
}