{
    "name": "039 - Swinging Steaks - Lost My Way",
    "nsdr": [
        1.418483543328417,
        0.6895218890423358,
        5.901058608574438,
        -0.28612845348380134
    ],
    "sar": [
        -10.768245461605082,
        -20.375964910630977,
        -13.576742107715143,
        -17.08888326880399
    ],
    "sdr": [
        -10.955753103051363,
        -22.927138066664526,
        -14.785721003953078,
        -21.124614788672456
    ],
    "sir": [
        13.903000722195898,
        1.0122390952424072,
        5.121683122470424,
        -1.7703178786363827
    ]
}