{
    "name": "004 - Al James - Schoolboy Facination",
    "nsdr": [
        1.2267473277454393,
        -2.907656358269417,
        4.072531764098638,
        0.07931796967646321
    ],
    "sar": [
        -13.35954036875513,
        -21.805880607796844,
        -19.084900687842826,
        -18.77813975018848
    ],
    "sdr": [
        -14.033629222294152,
        -24.650172529541138,
        -21.02965963008907,
        -22.38425433916325
    ],
    "sir": [
        7.945152713159675,
        0.36717536335107887,
        2.5338682905606493,
        -1.0625004449600737
    ]
}