{
    "name": "082 - Punkdisco - Oral Hygiene",
    "nsdr": [
        15.17388308532956,
        6.953814136489699,
        7.360397659161173,
        6.912738791404138
    ],
    "sar": [
        5.100556160141457,
        8.836923582666058,
        9.297680287743923,
        5.284563602190118
    ],
    "sdr": [
        2.551891084707038,
        6.08490004431961,
        5.915759329796204,
        -4.588214593990102
    ],
    "sir": [
        7.248159770989896,
        9.903323833438948,
        9.06642556390508,
        -2.989645570212361
    ]
}