{
    "name": "086 - Skelpolu - Human Mistakes",
    "nsdr": [
        3.9495678102349103,
        3.063716253536278,
        5.6614871266327915,
        6.467408651619217
    ],
    "sar": [
        0.330260722721198,
        9.668129539157965,
        4.981277559513671,
        5.554366454278803
    ],
    "sdr": [
        -16.469159535141713,
        5.90095663134062,
        -0.3310824303480994,
        -0.9960023943075564
    ],
    "sir": [
        -13.529140702214448,
        8.712085643208287,
        2.380422858989827,
        1.1566809288987938
    ]
}