{
    "name": "064 - Enda Reilly - Cur An Long Ag Seol",
    "nsdr": [
        8.052027074818955,
        7.206823710499569,
        7.756197669368117,
        4.898981858293447
    ],
    "sar": [
        8.314918776425896,
        5.738955153598139,
        9.45940555805803,
        5.989086827514559
    ],
    "sdr": [
        5.513229677895435,
        0.9294966605025624,
        3.592689946129845,
        -2.1467009688749075
    ],
    "sir": [
        9.339830967628544,
        3.698321093930203,
        5.360556736060893,
        -0.44698199586151405
    ]
}