{
    "name": "020 - James May - Dont Let Go",
    "nsdr": [
        1.0654719816662315,
        -3.427583464984078,
        6.9889371577532025,
        -1.3939505786890543
    ],
    "sar": [
        -14.150965679113018,
        -22.33753140172127,
        -17.384241789313677,
        -19.015781158886615
    ],
    "sdr": [
        -14.81868981921681,
        -26.566694635737,
        -20.125379723061286,
        -23.930636512481346
    ],
    "sir": [
        7.957592057003831,
        -2.1442660531617728,
        0.6347148243201715,
        -3.1698836691842045
    ]
}