{
    "name": "054 - Actions - South Of The Water",
    "nsdr": [
        0.19279225097788633,
        3.883120521873213,
        1.7636967361671196,
        0.6629219260006423
    ],
    "sar": [
        -11.764694431166829,
        -20.94319560534428,
        -20.451456208523922,
        -16.303167428072186
    ],
    "sdr": [
        -13.497568756344512,
        -23.906666206970016,
        -22.282212433858547,
        -19.23121973996621
    ],
    "sir": [
        3.375014683405271,
        0.12898069557719694,
        2.8430173100600213,
        0.2666440842001056
    ]
}