{
    "name": "100 - Young Griffo - Pennies",
    "nsdr": [
        9.451331974708076,
        7.066551809777919,
        7.814418263691733,
        6.357864107546549
    ],
    "sar": [
        6.901383534168239,
        8.086654780051523,
        7.681388754513381,
        5.821067025562662
    ],
    "sdr": [
        4.009738686387242,
        5.185766621271406,
        3.7341626389843756,
        -2.673254776959974
    ],
    "sir": [
        7.948684010527298,
        8.935473150417957,
        6.658146026817335,
        -1.0012217408831359
    ]
}