{
    "name": "089 - St Vitus - Word Gets Around",
    "nsdr": [
        1.1020711563888934,
        0.06663644119833378,
        -0.7727311873410443,
        -3.8755103933942543
    ],
    "sar": [
        -11.723151043515255,
        -19.386103346513504,
        -11.754341985077026,
        -18.443852704611313
    ],
    "sdr": [
        -12.015870530626955,
        -23.125417464634467,
        -14.92740537843999,
        -28.11249129689483
    ],
    "sir": [
        11.848801953585138,
        -1.3033260007517866,
        -0.03894840520063015,
        -9.110931681482633
    ]
}