{
    "name": "032 - Raft Monk - Tiring",
    "nsdr": [
        1.1576489250483881,
        -3.0774956018493036,
        4.846268913584058,
        0.9942823586865153
    ],
    "sar": [
        -19.197103157516224,
        -22.146958118372897,
        -22.067010132723222,
        -20.367044898141053
    ],
    "sdr": [
        -20.643948461280143,
        -25.515242888761055,
        -22.816315222340258,
        -24.720140993895427
    ],
    "sir": [
        4.082070813104468,
        -0.6622852858324269,
        7.278117484412208,
        -2.3272645883169973
    ]
}