{
    "name": "005 - Angela Thomas Wade - Milk Cow Blues",
    "nsdr": [
        0.8867348174252658,
        -1.87688389062831,
        4.798770331963279,
        0.8223932339430036
    ],
    "sar": [
        -11.460322354648014,
        -18.125050128878748,
        -16.00332968146766,
        -17.984239586485344
    ],
    "sdr": [
        -12.416066644176757,
        -24.50742213358138,
        -17.759278479327545,
        -20.205855949494595
    ],
    "sir": [
        6.38748978378779,
        -5.1808071265907385,
        3.1328690846173473,
        1.8216322574749397
    ]
}