{
    "name": "041 - The Mountaineering Club - Mallory",
    "nsdr": [
        0.4151033204115535,
        1.5966004379248986,
        3.1844045696935375,
        1.4608134799840329
    ],
    "sar": [
        -9.56081074255312,
        -16.06565920360248,
        -12.525335797314208,
        -17.065878014343404
    ],
    "sdr": [
        -11.796945943722,
        -16.858195932636747,
        -13.080498604743607,
        -19.71333343178982
    ],
    "sir": [
        2.1726669033568426,
        7.091501433469606,
        8.88935833334957,
        0.8433114034454241
    ]
}