{
    "name": "031 - Phre The Eon - Everybody's Falling Apart",
    "nsdr": [
        0.8692134633549848,
        -11.277889801907953,
        2.7034409860985846,
        1.444765574080197
    ],
    "sar": [
        -13.962198589139422,
        -25.55985161942236,
        -22.63187925567859,
        -19.458780174376233
    ],
    "sdr": [
        -14.500413128968342,
        -33.684468505486166,
        -23.332177387878367,
        -26.19851191665356
    ],
    "sir": [
        8.967399017703174,
        -7.386232689915144,
        7.593787590385705,
        -5.6569081429506785
    ]
}