{
    "name": "100 - Young Griffo - Pennies",
    "nsdr": [
        1.7704749839396499,
        1.9465981915069293,
        1.121938939619433,
        -0.9503575624680565
    ],
    "sar": [
        -11.963493974493352,
        -17.492732841168035,
        -22.862115490909744,
        -19.491882664106527
    ],
    "sdr": [
        -12.267047611081804,
        -19.56232841237243,
        -25.161703140755172,
        -23.689681844075437
    ],
    "sir": [
        11.670726892679038,
        2.219852359786944,
        1.5833435190949698,
        -2.0704912233159076
    ]
}