{
    "name": "009 - Bobby Nobody - Stitch Up",
    "nsdr": [
        2.3925875563082144,
        -0.04875711710565511,
        2.2440913164227894,
        2.583655710780686
    ],
    "sar": [
        -15.42527191269047,
        -19.04741922586669,
        -19.891471618096347,
        -20.073663477180638
    ],
    "sdr": [
        -15.865681250456984,
        -24.10544328188116,
        -21.605590173508578,
        -22.621126821021697
    ],
    "sir": [
        9.839985860151653,
        -3.3799666638199275,
        3.1965240351851225,
        1.0234384354069777
    ]
}