{
    "name": "028 - Motor Tapes - Shore",
    "nsdr": [
        3.806253375427322,
        8.437467536383398,
        8.83281884160698,
        4.218284226098801
    ],
    "sar": [
        8.939745786304595,
        5.736254334038724,
        2.3324545227582,
        5.985420276467175
    ],
    "sdr": [
        2.6402834310288976,
        0.9164133404329178,
        -4.913666392479055,
        2.1074505134815467
    ],
    "sir": [
        4.322307077659645,
        3.680692504294841,
        -2.0075619000758826,
        5.371057561643991
    ]
}