{
    "name": "063 - Detsky Sad - Walkie Talkie",
    "nsdr": [
        7.337680583519607,
        4.26636724031058,
        5.764044722534832,
        4.892244659384885
    ],
    "sar": [
        6.973596971586642,
        2.0749200648205135,
        8.134466788351528,
        5.382814965932719
    ],
    "sdr": [
        2.3037027680955684,
        -7.337043170335149,
        6.54345306758213,
        -2.6775734238158346
    ],
    "sir": [
        4.91067538340927,
        -4.713335869900318,
        12.296573450797233,
        -0.8350793874178114
    ]
}