{
    "name": "077 - Lyndsey Ollard - Catching Up",
    "nsdr": [
        0.8664107276618029,
        11.884561198589797,
        1.128680445020958,
        5.870400855610397
    ],
    "sar": [
        7.542056871169032,
        4.4957409981090155,
        1.6687652175655685,
        4.6821716065551975
    ],
    "sdr": [
        5.741163926910547,
        -2.593872224101614,
        -28.240917154134383,
        0.2918776323774244
    ],
    "sir": [
        11.13799810767743,
        -0.32948472267593387,
        -25.98089928859874,
        3.5283774888150448
    ]
}