{
    "name": "005 - Angela Thomas Wade - Milk Cow Blues",
    "nsdr": [
        5.9918351694525285,
        6.503361475550326,
        7.051053257480763,
        3.423677933645984
    ],
    "sar": [
        7.571340899558805,
        5.927504633092888,
        7.319687285452707,
        5.080760089015058
    ],
    "sdr": [
        2.688911243502302,
        -0.3153303054476293,
        1.626879595181426,
        -0.5096516180857005
    ],
    "sir": [
        5.095387739724869,
        1.8503154915467057,
        3.7297960524922087,
        2.067196620445118
    ]
}