{
    "name": "027 - M.E.R.C. Music - Knockout",
    "nsdr": [
        4.5361774705223965,
        7.135237745579327,
        6.143046409721411,
        3.355644026506343
    ],
    "sar": [
        7.177611361877268,
        6.761221008287337,
        5.101403850159451,
        4.318182111125713
    ],
    "sdr": [
        2.2821326326783495,
        -0.7981424769129599,
        1.6779629562897334,
        -1.9580480852076447
    ],
    "sir": [
        4.74327368130986,
        0.8702334952251485,
        5.480195449638671,
        0.5765188059153856
    ]
}