{
    "name": "075 - Leaf - Summerghost",
    "nsdr": [
        0.5209584649160206,
        0.5503666569276078,
        2.374071972498406,
        -2.234246715307531
    ],
    "sar": [
        -15.924029777247002,
        -20.066506235283317,
        -20.658387202995875,
        -19.181546555559784
    ],
    "sdr": [
        -16.57733566429599,
        -21.2380464464023,
        -21.478347607161275,
        -26.153176070240658
    ],
    "sir": [
        8.005550130668313,
        5.133901244086294,
        6.860646464479203,
        -5.945877994198742
    ]
}