{
    "name": "055 - Angels In Amplifiers - I'm Alright",
    "nsdr": [
        1.7144846402583038,
        0.4542360697107064,
        0.989665843708508,
        3.68796874135608
    ],
    "sar": [
        -11.361419483564744,
        -20.93467342780007,
        -18.33618386861518,
        -19.057465436179793
    ],
    "sdr": [
        -11.569100597916165,
        -22.666790268093475,
        -21.628265346229348,
        -21.33903260412466
    ],
    "sir": [
        13.405980240597458,
        3.13214602966785,
        -0.4831477789083587,
        1.6585220655349882
    ]
}