{
    "name": "094 - Titanium - Haunted Age",
    "nsdr": [
        6.61646524287403,
        3.8505804552675653,
        4.52828317935435,
        -0.34704531950426176
    ],
    "sar": [
        4.52995671452925,
        4.886512527664083,
        4.846539917080915,
        4.5400137645622705
    ],
    "sdr": [
        0.4546240892877438,
        -3.6138502182424364,
        -1.3771425950374174,
        -1.3263207553212526
    ],
    "sir": [
        3.921283317858608,
        -1.7317103210545126,
        1.0372850995398153,
        1.284081754212019
    ]
}