{
    "name": "056 - Arise - Run Run Run",
    "nsdr": [
        7.755836311160211,
        5.555234260339776,
        4.606110335059089,
        -1.7859241462318312
    ],
    "sar": [
        4.491080049868517,
        7.039152903565727,
        3.6815223276512272,
        4.200758650261553
    ],
    "sdr": [
        0.5786265208133657,
        3.041791528967359,
        -5.243619080368703,
        -4.175601762290332
    ],
    "sir": [
        4.163457966599767,
        6.031955292924007,
        -3.0998854747901246,
        -2.0943936939552064
    ]
}