{
    "name": "013 - Drumtracks - Ghost Bitch",
    "nsdr": [
        2.4793927032320404,
        0.1127366292316232,
        -0.3741432462574892,
        -1.8659735233641328
    ],
    "sar": [
        -12.058357188605957,
        -17.812852456469745,
        -22.08275111169858,
        -18.500761213718356
    ],
    "sdr": [
        -12.217224378408194,
        -20.782506557624775,
        -25.602919824647117,
        -24.34314354880396
    ],
    "sir": [
        14.55010724819585,
        0.15294961015485495,
        -0.9393159580084671,
        -4.471020115930632
    ]
}