{
    "name": "058 - Ben Carrigan - We'll Talk About It All Tonight",
    "nsdr": [
        8.51781380763899,
        6.322276486617783,
        4.875608104505865,
        4.318803861253155
    ],
    "sar": [
        3.938986983064772,
        7.204899075696156,
        6.0207135597510675,
        5.992549900365425
    ],
    "sdr": [
        1.2690878534495669,
        3.7440550282054135,
        2.1308176664447216,
        -3.0493300306081887
    ],
    "sir": [
        6.121621242988715,
        7.102867438052827,
        5.3790935139359775,
        -1.4962522324466199
    ]
}