{
    "name": "092 - The Sunshine Garcia Band - For I Am The Moon",
    "nsdr": [
        9.318590028023351,
        6.118286749963959,
        7.178145271905375,
        4.024465055907601
    ],
    "sar": [
        7.562832906527928,
        6.190808326982076,
        9.591538518147747,
        5.614175034777162
    ],
    "sdr": [
        5.017683367671868,
        2.5148190647330355,
        4.5653698292813685,
        -5.877669955906121
    ],
    "sir": [
        9.250386668975008,
        5.88362358473127,
        6.6568944441332025,
        -4.504680491378471
    ]
}