{
    "name": "029 - Nerve 9 - Pray For The Rain",
    "nsdr": [
        5.215734260658297,
        10.739432208961432,
        9.487457602564708,
        2.8985917975215805
    ],
    "sar": [
        8.827314067227013,
        6.943736302126833,
        8.285997197503214,
        5.485171051584108
    ],
    "sdr": [
        4.185864408513597,
        4.485581526906625,
        3.5257235209608146,
        -3.6387996173064407
    ],
    "sir": [
        6.54776487722873,
        8.928098103375156,
        5.893004290352488,
        -1.990417433748328
    ]
}