{
    "name": "052 - ANiMAL - Easy Tiger",
    "nsdr": [
        0.6285724612940804,
        -1.3044881730190987,
        0.9375568658895084,
        -5.600696950283087
    ],
    "sar": [
        -11.746331654465791,
        -21.05180189732541,
        -18.641259480407225,
        -17.7373774807072
    ],
    "sdr": [
        -11.854192514546646,
        -24.390502481686983,
        -21.162940582394626,
        -25.496872683862712
    ],
    "sir": [
        16.276362255932472,
        -0.5997497080794824,
        1.0982438671599135,
        -6.890752857081325
    ]
}