{
    "name": "012 - Dark Ride - Burning Bridges",
    "nsdr": [
        1.9214634379406377,
        -0.7689059720390574,
        0.5500068856871962,
        -9.021909568484382
    ],
    "sar": [
        -15.084452567613178,
        -20.55972938405613,
        -22.017708340747234,
        -23.350235855943158
    ],
    "sdr": [
        -15.309463180861115,
        -25.531387751868373,
        -22.85286790378237,
        -31.699953519771462
    ],
    "sir": [
        12.875466748174684,
        -3.2695918535925577,
        6.763084238746399,
        -7.643107107038272
    ]
}