{
    "name": "016 - Forkupines - Semantics",
    "nsdr": [
        10.490145380456344,
        6.503505349506542,
        4.086737569596162,
        5.559592415478308
    ],
    "sar": [
        4.558584547354095,
        3.6263339194615414,
        8.94535823185485,
        5.287584382034841
    ],
    "sdr": [
        2.6746905993826227,
        -2.9720835091648485,
        6.9732831813697205,
        -3.968408452915787
    ],
    "sir": [
        8.513447647081387,
        -0.33427615995301135,
        11.871794577999777,
        -2.293778014724879
    ]
}