{
    "name": "073 - Johnny Lokke - Whisper To A Scream",
    "nsdr": [
        10.03358392641623,
        6.437348640432649,
        6.927438732856059,
        5.269650406906461
    ],
    "sar": [
        5.544240190757864,
        6.251932923197085,
        8.91727242969258,
        6.034887169984378
    ],
    "sdr": [
        3.6353783845604597,
        1.137013015482719,
        5.047430797813968,
        -0.787752266556277
    ],
    "sir": [
        9.193648955972321,
        3.659570819015063,
        7.864821781843472,
        1.1903832431084267
    ]
}