{
    "name": "040 - The Long Wait - Back Home To Blue",
    "nsdr": [
        10.92690682971702,
        6.737328877242558,
        7.657105730567906,
        6.759552899022179
    ],
    "sar": [
        8.899615368374498,
        8.923613922862613,
        5.735211967260216,
        6.804577183416608
    ],
    "sdr": [
        5.607143379057902,
        7.682353544672456,
        -2.056459590852416,
        -1.8835010833974546
    ],
    "sir": [
        8.878801487580406,
        14.251003677727379,
        -0.23897834203015145,
        -0.42910145349335915
    ]
}