{
    "name": "097 - Triviul feat. The Fiend - Widow",
    "nsdr": [
        1.362263133675187,
        4.0303518631526,
        -4.075656892991702,
        -0.021088520735993654
    ],
    "sar": [
        -13.655952882767979,
        -19.48023527048734,
        -21.421673762299847,
        -17.087541390817613
    ],
    "sdr": [
        -14.311407590670647,
        -20.044357473689463,
        -24.767913976977024,
        -20.23738823365237
    ],
    "sir": [
        8.063797317515114,
        8.627674433175489,
        -0.6165569641879127,
        -0.1906448172349914
    ]
}