{
    "name": "076 - Little Chicago's Finest - My Own",
    "nsdr": [
        10.307152477515814,
        9.320807535721869,
        6.714818109747359,
        7.162057628980925
    ],
    "sar": [
        8.084830832630017,
        6.979577050377035,
        10.608878719568356,
        4.506913227156277
    ],
    "sdr": [
        5.863581481289399,
        1.186693650931126,
        8.05220691791751,
        -7.447979184779614
    ],
    "sir": [
        10.466254351348763,
        3.3082207125317282,
        11.931073431070942,
        -5.844891324294574
    ]
}