{
    "name": "064 - Enda Reilly - Cur An Long Ag Seol",
    "nsdr": [
        0.3050010171759485,
        2.1191930454641223,
        1.3310427722486722,
        -3.4638110372511974
    ],
    "sar": [
        -10.501172830733953,
        -20.697365753125865,
        -13.801032999529877,
        -16.968803666776356
    ],
    "sdr": [
        -11.672066754412281,
        -22.696240361415676,
        -14.531174873240664,
        -22.75882385024169
    ],
    "sir": [
        5.464756822426031,
        2.3691147702169024,
        7.550916986110581,
        -4.374557349086182
    ]
}