{
    "name": "081 - Patrick Talbot - Set Me Free",
    "nsdr": [
        4.539706898611568,
        4.250712053231708,
        9.029681886285594,
        5.056391790418
    ],
    "sar": [
        5.851019143830891,
        5.247320700606117,
        5.780640245740196,
        6.282485083914581
    ],
    "sdr": [
        -0.2627883938892583,
        0.8719912322979019,
        1.5406107997562972,
        1.0168612087833724
    ],
    "sir": [
        1.9595192192260051,
        3.9804191720108584,
        4.6118126730587115,
        3.4681601551138552
    ]
}