{
    "name": "024 - Leaf - Come Around",
    "nsdr": [
        9.325395528400488,
        0.5133756451997016,
        6.09556476238328,
        6.9187113202632755
    ],
    "sar": [
        2.953793583029104,
        10.08783562174795,
        2.0107263049215156,
        6.649185823878565
    ],
    "sdr": [
        -1.6952050290863452,
        9.680172061922587,
        -11.99339173160531,
        -7.234764237771902
    ],
    "sir": [
        1.9079587574716603,
        20.563248505520523,
        -9.696851372943279,
        -6.203002248602792
    ]
}