{
    "name": "019 - James Elder & Mark M Thompson - The English Actor",
    "nsdr": [
        0.6596768850542372,
        -5.197632843362069,
        -1.962074696968937,
        -3.023044048205602
    ],
    "sar": [
        -12.06664808960407,
        -19.752559324560117,
        -18.357895912827487,
        -17.37801898106983
    ],
    "sdr": [
        -12.180484015391857,
        -27.211799964057796,
        -21.538197132023296,
        -23.283057818996582
    ],
    "sir": [
        16.01980393719074,
        -6.554267320661497,
        -0.2706697884851542,
        -4.537725552512388
    ]
}