{
    "name": "078 - Moosmusic - Big Dummy Shake",
    "nsdr": [
        9.337538693680514,
        5.832796811055503,
        6.106137720921527,
        5.139354616440876
    ],
    "sar": [
        8.355271091366891,
        4.560047109356953,
        8.089915858047409,
        6.443829700374407
    ],
    "sdr": [
        4.579750461915422,
        -0.4560917713770734,
        3.1838893017668157,
        -0.3455318426629864
    ],
    "sir": [
        7.531675958455898,
        2.490499086788723,
        5.505661030553883,
        1.562820532845553
    ]
}