{
    "name": "092 - The Sunshine Garcia Band - For I Am The Moon",
    "nsdr": [
        0.8046109470991603,
        1.1004878414608399,
        1.4660833077782343,
        -1.9837889038920622
    ],
    "sar": [
        -15.367363296996313,
        -23.95989120561292,
        -19.947221906733752,
        -18.64071456882739
    ],
    "sdr": [
        -16.001747608246703,
        -26.159051346990175,
        -20.962188031921865,
        -24.121013989011896
    ],
    "sir": [
        8.15766417256317,
        1.8268082406709287,
        5.839705090037076,
        -3.975778484682256
    ]
}