{
    "name": "024 - Leaf - Come Around",
    "nsdr": [
        4.782146510447475,
        9.035092995031107,
        -7.05935010774396,
        -11.571860479849288
    ],
    "sar": [
        -13.43954266362108,
        -17.34463013385573,
        -22.7983920712888,
        -17.227315533898015
    ],
    "sdr": [
        -13.646161597557793,
        -18.34610335991738,
        -26.36069383012387,
        -26.557733435867252
    ],
    "sir": [
        13.314809670844472,
        5.940408882663151,
        -1.018947633358041,
        -8.71018362434097
    ]
}