{
    "name": "082 - Punkdisco - Oral Hygiene",
    "nsdr": [
        3.16835936659057,
        -4.755357411230857,
        5.13471733511571,
        -2.4839632071765756
    ],
    "sar": [
        -11.576314559810355,
        -19.82818011748213,
        -16.683039002882186,
        -18.021843429244477
    ],
    "sdr": [
        -12.002504399506634,
        -23.047116906753516,
        -17.58934130990521,
        -23.790204683936487
    ],
    "sir": [
        10.159032121247078,
        -0.36275975138106037,
        6.436311111827023,
        -4.363578920067976
    ]
}