{
    "name": "033 - Sambasevam Shanmugam - Kaathaadi",
    "nsdr": [
        5.811830676829293,
        3.673916918617713,
        4.359490354730248,
        6.516581709959574
    ],
    "sar": [
        5.099165126390273,
        5.694357746562034,
        3.966478214339597,
        6.167586684139071
    ],
    "sdr": [
        3.2161063853357867,
        2.7065552139189486,
        -3.2394679666362207,
        -6.109325751450456
    ],
    "sir": [
        8.92256508589961,
        6.775808377580548,
        -0.8578116239433121,
        -4.904208923140457
    ]
}