{
    "name": "027 - M.E.R.C. Music - Knockout",
    "nsdr": [
        1.7304356520418764,
        -10.735588828020408,
        5.594560609607555,
        0.0127168362558443
    ],
    "sar": [
        -15.93910001367792,
        -19.60510313801502,
        -15.887064280258386,
        -19.73427924439158
    ],
    "sdr": [
        -16.88992039028748,
        -29.95768778332815,
        -16.685376384734138,
        -23.367588787648398
    ],
    "sir": [
        6.222022704798569,
        -9.885170697315989,
        7.0613922449317315,
        -1.1218303017135254
    ]
}