{
    "name": "098 - Wall Of Death - Femme",
    "nsdr": [
        6.5730603224587725,
        3.2360334204042713,
        7.782693600169302,
        2.79558341006643
    ],
    "sar": [
        2.983191368021187,
        4.09345667419662,
        8.189714846929677,
        6.958501496827923
    ],
    "sdr": [
        -2.3298102238889467,
        -4.273351963336546,
        4.093777086724685,
        1.7691680755867532
    ],
    "sir": [
        0.953579172052359,
        -2.1606981949904274,
        6.849724850352964,
        4.1322346958137075
    ]
}