{
    "name": "095 - Traffic Experiment - Once More (With Feeling)",
    "nsdr": [
        6.305044832017004,
        3.8200516892837566,
        8.785627134718364,
        2.895465992247221
    ],
    "sar": [
        3.7401567309541903,
        7.2354520048592725,
        5.164602285746644,
        5.168203645475591
    ],
    "sdr": [
        -2.597275860173764,
        4.028555405911413,
        0.7919504710225044,
        -1.7021348628324782
    ],
    "sir": [
        0.08242784427158376,
        7.602581591486393,
        3.921085524649744,
        0.45081497421149797
    ]
}