{
    "name": "062 - Cristina Vane - So Easy",
    "nsdr": [
        11.078178529226252,
        8.432853127204968,
        7.691325575698455,
        5.3740179154985945
    ],
    "sar": [
        8.61322390365048,
        5.427173482863913,
        11.763362513301379,
        5.581140130003979
    ],
    "sdr": [
        6.045155934052685,
        0.6001329971437462,
        8.342087073508681,
        -5.099385360549981
    ],
    "sir": [
        10.10784579361266,
        3.427848328321522,
        11.257096584305222,
        -3.6506182460171144
    ]
}