{
    "name": "032 - Raft Monk - Tiring",
    "nsdr": [
        3.3041134412638957,
        4.34281123899876,
        5.809628551685151,
        3.164964320812948
    ],
    "sar": [
        0.48612380730375704,
        7.184867837732005,
        6.210718944854642,
        8.18284674111333
    ],
    "sdr": [
        -4.013874593928916,
        1.674308799111591,
        0.7916753505660096,
        -1.3617469322879279
    ],
    "sir": [
        0.6633090607180125,
        3.8678370306442234,
        3.193377039596354,
        -0.23613712616305876
    ]
}