{
    "name": "002 - ANiMAL - Rockshow",
    "nsdr": [
        2.310628698503793,
        2.206748892323681,
        0.2269897568000694,
        -1.548497356404674
    ],
    "sar": [
        -12.800449847525424,
        -21.253640567208816,
        -22.92637473413965,
        -21.844119612141178
    ],
    "sdr": [
        -13.094934730582988,
        -21.94731745270176,
        -24.707962502517532,
        -27.26787589675204
    ],
    "sir": [
        11.761257797722301,
        7.647235755949211,
        2.9706495777042337,
        -3.9273767009828173
    ]
}