{
    "name": "083 - Remember December - C U Next Time",
    "nsdr": [
        6.409732705902047,
        6.439005712533323,
        5.202670481619987,
        2.570665287460017
    ],
    "sar": [
        6.400021367506933,
        7.4015072136747815,
        6.56227037340832,
        6.187910366485935
    ],
    "sdr": [
        2.7323009296558984,
        1.167796373243029,
        0.05404222705164215,
        -2.6845276865068652
    ],
    "sir": [
        6.067560400195255,
        3.0742418025589773,
        2.0183752006328586,
        -1.1453416273958386
    ]
}