{
    "name": "069 - Hollow Ground - Left Blind",
    "nsdr": [
        8.34454859981646,
        4.830829047313673,
        3.036893063842388,
        4.597567510623749
    ],
    "sar": [
        2.4406677216797386,
        6.891935993371682,
        4.806721298765719,
        6.641320135551796
    ],
    "sdr": [
        -3.0787108507817953,
        2.3996543672995894,
        -0.9265039125427955,
        0.625196899768204
    ],
    "sir": [
        0.31069372060223943,
        5.115311461121863,
        1.6635993163598108,
        2.727928761615899
    ]
}