{
    "name": "046 - Triviul - Dorothy",
    "nsdr": [
        5.980501598968441,
        6.1437176702078355,
        6.964411935598718,
        4.529467129474586
    ],
    "sar": [
        5.717798862834275,
        3.517280123140669,
        10.638902626468177,
        4.5132445838661965
    ],
    "sdr": [
        3.4613099594989776,
        -2.2004572687065798,
        5.674771044635074,
        -6.063837570503724
    ],
    "sir": [
        8.415697102920998,
        0.7531742620266696,
        7.701921810211335,
        -4.3505640678367365
    ]
}