{
    "name": "026 - Louis Cressy Band - Good Time",
    "nsdr": [
        1.761728476594696,
        5.442870799986572,
        2.467513574008155,
        2.9570382244475155
    ],
    "sar": [
        -10.910654169814363,
        -19.28133435558462,
        -19.53576599834842,
        -17.18476351286736
    ],
    "sdr": [
        -11.309358665947668,
        -22.804499479631033,
        -20.80805462986341,
        -20.095759836399466
    ],
    "sir": [
        10.50904847297163,
        -0.9205667800687568,
        4.7283853314023725,
        0.2831910896153524
    ]
}