{
    "name": "043 - Timboz - Pony",
    "nsdr": [
        -0.23555455070115272,
        -2.366581083203929,
        -0.346001063193885,
        1.0222287707580122
    ],
    "sar": [
        -19.98744114105265,
        -22.131883469964606,
        -24.489798533096227,
        -23.188261762562377
    ],
    "sdr": [
        -23.77928028071053,
        -28.017776920071338,
        -28.014552692976213,
        -25.221066779821257
    ],
    "sir": [
        -1.4003158558137694,
        -4.564157670644954,
        -0.9589526830057473,
        2.2617028589969763
    ]
}