{
    "name": "001 - ANiMAL - Clinic A",
    "nsdr": [
        6.761516006308741,
        4.776643878943533,
        4.286128318719055,
        3.9391165430300785
    ],
    "sar": [
        5.606273371396942,
        8.38831703693841,
        4.141107376933407,
        5.029841669031468
    ],
    "sdr": [
        0.024604571586272543,
        5.857858147177955,
        -5.52313516651902,
        -2.8283842761562235
    ],
    "sir": [
        2.4859347262761085,
        9.995479545979407,
        -3.61091026344117,
        -0.8655936070517936
    ]
}