{
    "name": "091 - The Long Wait - Dark Horses",
    "nsdr": [
        4.518132033738626,
        2.8766260486810182,
        6.293262247643703,
        -0.6442285846783626
    ],
    "sar": [
        -14.28037571056483,
        -21.372751969747334,
        -18.695140038532422,
        -21.428907942077316
    ],
    "sdr": [
        -15.071287459469795,
        -22.322778763698864,
        -19.329089142896485,
        -26.870228513493014
    ],
    "sir": [
        7.154242111945778,
        6.148360485710636,
        8.094727341165928,
        -3.9491550263102404
    ]
}