{
    "name": "093 - Tim Taler - Stalker",
    "nsdr": [
        -0.28386061069662594,
        3.5480920580707815,
        2.243082925698763,
        2.517865194992493
    ],
    "sar": [
        3.9081502367686567,
        4.335444322377554,
        3.112343134663819,
        4.798034357927352
    ],
    "sdr": [
        -1.9362754539683402,
        -3.500698091355308,
        -5.922645885550002,
        -1.3864865671608908
    ],
    "sir": [
        0.8552184112906194,
        -1.3572329407156198,
        -3.616146363362436,
        1.0523045483368638
    ]
}