{
    "name": "003 - Actions - One Minute Smile",
    "nsdr": [
        1.0558486860417702,
        -1.5301617114880308,
        0.6824383130124865,
        -1.3676476237702815
    ],
    "sar": [
        -15.551196102710454,
        -24.848830022172514,
        -24.200180952918426,
        -21.054929977913694
    ],
    "sdr": [
        -15.854429294436702,
        -31.9979568891322,
        -26.258250300961457,
        -24.926502510307024
    ],
    "sir": [
        11.526889356844974,
        -6.204788663800067,
        2.1901263317770896,
        -1.5457525993980779
    ]
}