{
    "name": "055 - Angels In Amplifiers - I'm Alright",
    "nsdr": [
        6.860972627443806,
        8.752036309762389,
        8.610805317324218,
        5.648704682615108
    ],
    "sar": [
        9.221478218331638,
        7.581728269895606,
        6.067532065775975,
        5.993458205015282
    ],
    "sdr": [
        4.651371845435242,
        2.259862829738083,
        2.3493381428732976,
        0.7830000926257731
    ],
    "sir": [
        7.007199240724886,
        4.468171909345494,
        5.710874749952946,
        3.3144409260725554
    ]
}