{
    "name": "063 - Detsky Sad - Walkie Talkie",
    "nsdr": [
        4.831491844656483,
        -2.4845402315395333,
        0.24188883094820923,
        1.6373624759253147
    ],
    "sar": [
        -9.643518264212283,
        -20.568003465560196,
        -21.299935053273916,
        -18.70125613225341
    ],
    "sdr": [
        -10.053146283380045,
        -30.58008328913113,
        -22.284784953471494,
        -22.132159764436405
    ],
    "sir": [
        10.495093652759845,
        -9.517906070237219,
        5.97449251958455,
        -0.7458691020972242
    ]
}