{
    "name": "006 - Atlantis Bound - It Was My Fault For Waiting",
    "nsdr": [
        9.864116292492138,
        7.936454622174523,
        6.940428768502098,
        5.668903794087717
    ],
    "sar": [
        6.500750996996669,
        5.409952816910604,
        10.090655175564036,
        5.985309766726612
    ],
    "sdr": [
        3.1399966459994317,
        0.7305335847339084,
        6.999436406702984,
        -1.5205635109537794
    ],
    "sir": [
        6.7032456998624745,
        3.6363726650200197,
        10.336060937977862,
        0.3047212024479158
    ]
}