{
    "name": "022 - Johnny Lokke - Promises & Lies",
    "nsdr": [
        2.4748595997371527,
        1.4995821029653698,
        0.18816991302651687,
        0.005913377905269357
    ],
    "sar": [
        -12.061992394336862,
        -27.28335252460944,
        -21.033872550951564,
        -21.495323797532095
    ],
    "sdr": [
        -12.32190708023933,
        -31.654278601474324,
        -22.44750752326635,
        -24.143092735319563
    ],
    "sir": [
        12.360998509861806,
        -2.387016642259385,
        4.182592245932809,
        0.7887739988576769
    ]
}