{
    "name": "085 - Side Effects Project - Sing With Me",
    "nsdr": [
        8.843463331692595,
        10.088936110831744,
        8.308420389944184,
        5.697959686335848
    ],
    "sar": [
        8.073631993627494,
        5.180155335470314,
        11.304529575482984,
        4.553030576510705
    ],
    "sdr": [
        6.39144245499848,
        0.0806551346474369,
        8.646300350220821,
        -10.032118945242265
    ],
    "sir": [
        11.953436279637693,
        2.8369886454020135,
        12.350010648282343,
        -8.573357000007217
    ]
}