{
    "name": "071 - James May - If You Say",
    "nsdr": [
        -0.3220968302677605,
        7.134781743065593,
        -2.1516883250487275,
        0.030590294704541776
    ],
    "sar": [
        -12.466264319262299,
        -13.96046457000919,
        -17.278827913207135,
        -18.32959133660759
    ],
    "sdr": [
        -14.822278905319564,
        -14.838430794588247,
        -20.72260069118396,
        -22.7622822411669
    ],
    "sir": [
        1.6643357630381268,
        6.667752266919631,
        -0.7470661385447875,
        -2.4287424223724936
    ]
}