{
    "name": "090 - The Doppler Shift - Atrophy",
    "nsdr": [
        1.8489000423151332,
        4.457761911150115,
        0.764364817004374,
        -1.8068264288992175
    ],
    "sar": [
        -12.05825361796498,
        -22.156553814855343,
        -20.636759724615153,
        -18.968853305491997
    ],
    "sdr": [
        -12.547917658248636,
        -24.402650516206094,
        -22.351156293598482,
        -23.743331107502588
    ],
    "sir": [
        9.494016907555352,
        1.718567734939338,
        3.188715525652607,
        -2.960475163358195
    ]
}