{
    "name": "080 - North To Alaska - All The Same",
    "nsdr": [
        3.551439454139363,
        2.2375863132927414,
        0.7409840761271838,
        1.2760120121172136
    ],
    "sar": [
        -10.662980404372327,
        -21.459713545288604,
        -16.018355937871018,
        -19.419501490224768
    ],
    "sdr": [
        -11.068803584611281,
        -23.400244883598134,
        -16.721708844997337,
        -21.429417101462846
    ],
    "sir": [
        10.447651107805683,
        2.523224485873338,
        7.656981972334435,
        2.3517768494783344
    ]
}