{
    "name": "013 - Drumtracks - Ghost Bitch",
    "nsdr": [
        9.156622489866937,
        2.065480906999759,
        2.343690423123342,
        4.947614093423336
    ],
    "sar": [
        7.122496329014563,
        4.102350614777455,
        7.284397556491104,
        6.929635902405575
    ],
    "sdr": [
        4.432122965399722,
        0.5506526863202981,
        -4.968004516394203,
        -0.598915200768173
    ],
    "sir": [
        8.557764594609473,
        4.5061319818336845,
        -3.957374794526942,
        1.0471879621333993
    ]
}