{
    "name": "045 - Traffic Experiment - Sirens",
    "nsdr": [
        1.3592597285687908,
        -4.255278672826304,
        -1.0561300941931506,
        0.8119968461430709
    ],
    "sar": [
        -15.369435640415876,
        -20.758758197553,
        -21.560390529222317,
        -18.35036073547064
    ],
    "sdr": [
        -16.374146240908797,
        -31.242764060892828,
        -24.82416961473732,
        -20.847438290975017
    ],
    "sir": [
        5.969737028694011,
        -10.04070966533412,
        -0.4627603287318187,
        1.1583615035166774
    ]
}