{
    "name": "091 - The Long Wait - Dark Horses",
    "nsdr": [
        7.446596193430628,
        5.376037318276958,
        6.067734840068518,
        3.427429078923588
    ],
    "sar": [
        6.151978541838604,
        6.746069254789649,
        6.641854218272961,
        5.420340482581871
    ],
    "sdr": [
        -0.5930764894161957,
        1.5997469521639454,
        0.8876517662791215,
        0.2759743624939743
    ],
    "sir": [
        1.3825409762288206,
        4.017972387083807,
        3.081353796177755,
        2.9576559389711083
    ]
}