{
    "name": "087 - Skelpolu - Together Alone",
    "nsdr": [
        -0.012909335589441184,
        8.44946045194099,
        6.162904970506294,
        7.190986084299182
    ],
    "sar": [
        0.5658597591355485,
        6.355742141109121,
        10.996830857253181,
        6.28351280216334
    ],
    "sdr": [
        -31.507391396486476,
        1.440699260922373,
        9.014913814860568,
        1.6826027379206376
    ],
    "sir": [
        -28.768116594558578,
        4.035553214419679,
        13.707429806975304,
        4.44901362043827
    ]
}