{
    "name": "037 - Speak Softly - Broken Man",
    "nsdr": [
        0.22524740900495388,
        0.6313615852266103,
        7.5876784429910344,
        0.29689183385972484
    ],
    "sar": [
        -12.66796783783022,
        -22.16562549136296,
        -21.17473000519443,
        -17.87920426823851
    ],
    "sdr": [
        -14.528081858215778,
        -23.497116060143604,
        -22.138946955216944,
        -19.92302649152141
    ],
    "sir": [
        2.9480663947487775,
        4.478018115929558,
        6.078081984003347,
        2.281699885251088
    ]
}