{
    "name": "021 - James May - On The Line",
    "nsdr": [
        10.091964253364239,
        6.300135387762891,
        4.478568053070205,
        3.4807061157988164
    ],
    "sar": [
        9.665578737497963,
        8.256971262600622,
        5.361900977630669,
        5.282006884640545
    ],
    "sdr": [
        5.2299930125643534,
        3.7822583577413305,
        -3.2576566083482454,
        -1.351927913076336
    ],
    "sir": [
        7.614390441763481,
        6.304024166625214,
        -1.5065843827386338,
        0.8380712294196468
    ]
}