{
    "name": "016 - Forkupines - Semantics",
    "nsdr": [
        2.4350215820929115,
        -1.6424573668768083,
        0.2774310282639192,
        -1.4873619289270117
    ],
    "sar": [
        -11.980964758767543,
        -23.796038507319558,
        -22.17382792794934,
        -16.836576834189287
    ],
    "sdr": [
        -12.246485609175757,
        -28.699065663091904,
        -22.517872106792154,
        -22.991191583179553
    ],
    "sir": [
        12.270275855653807,
        -3.1884680918437036,
        10.864790855098022,
        -4.859938884671452
    ]
}