{
    "name": "087 - Skelpolu - Together Alone",
    "nsdr": [
        -11.588269277681995,
        0.48501785971632927,
        0.8143988827990256,
        1.2978395572493575
    ],
    "sar": [
        -20.260212474790332,
        -18.77827069753144,
        -21.49550373305385,
        -18.738148513357558
    ],
    "sdr": [
        -34.52246080950417,
        -24.291780722039565,
        -22.677915926958555,
        -19.67812070222826
    ],
    "sir": [
        -14.05564314514956,
        -4.023862427123358,
        5.076211787436553,
        6.225920956588392
    ]
}