{
    "name": "041 - The Mountaineering Club - Mallory",
    "nsdr": [
        8.557232503658314,
        8.442954883594897,
        8.889964192866067,
        5.096248801228634
    ],
    "sar": [
        8.392696245434191,
        8.216438519137233,
        7.934113761215894,
        6.44866972793682
    ],
    "sdr": [
        3.5296095791257183,
        5.941205325234005,
        2.6607695106271727,
        -0.5306974302722207
    ],
    "sir": [
        5.832551729567127,
        10.446792632536113,
        4.838825664719813,
        1.3277850055490088
    ]
}