{
    "name": "099 - Young Griffo - Blood To Bone",
    "nsdr": [
        9.386835054602459,
        4.256936148547979,
        8.744736025912918,
        7.159183830458016
    ],
    "sar": [
        5.821407176565865,
        6.838967011279595,
        8.30710990051834,
        6.417610088799199
    ],
    "sdr": [
        1.994388912550037,
        4.126011925412567,
        4.745601902800459,
        -3.8941835208166324
    ],
    "sir": [
        5.327194402553047,
        8.272821691331966,
        7.865005810938618,
        -2.5773614625555648
    ]
}