{
    "name": "042 - The Wrong'Uns - Rothko",
    "nsdr": [
        1.8291553908949414,
        1.919933131400846,
        0.43332083777546515,
        -1.0255699661572812
    ],
    "sar": [
        -14.543278279165113,
        -22.8616044620308,
        -25.681847536489656,
        -21.379686421817766
    ],
    "sdr": [
        -14.85236515388799,
        -26.473186924847305,
        -27.410619859538148,
        -25.864492213495538
    ],
    "sir": [
        11.471524437346702,
        -1.1069379360440994,
        3.1191655646370986,
        -2.541785770405729
    ]
}