{
    "name": "018 - Hollow Ground - Ill Fate",
    "nsdr": [
        7.959353934768835,
        2.226688199288668,
        3.6373270438163114,
        -1.1224835714329913
    ],
    "sar": [
        1.6776867507251134,
        7.248212935764007,
        4.224951621495765,
        5.079992284537946
    ],
    "sdr": [
        -1.868617539410728,
        -2.2657477674062165,
        -3.402850369533491,
        -1.0044969688482794
    ],
    "sir": [
        2.916592546525705,
        -1.0008698371859666,
        -1.1871040780521072,
        1.3980272469787676
    ]
}