{
    "name": "096 - Triviul - Angelsaint",
    "nsdr": [
        5.93620462624072,
        10.843856729351518,
        -13.515254166153372,
        -0.6914723653009318
    ],
    "sar": [
        -15.154151205191672,
        -18.527468269035012,
        -24.28810438429505,
        -18.900151127897495
    ],
    "sdr": [
        -15.733778645800953,
        -18.857331695687343,
        -30.31163687236694,
        -23.38751814563193
    ],
    "sir": [
        8.583881535653848,
        11.08906094794632,
        -4.758972444736479,
        -2.5216686781347812
    ]
}