{
    "name": "042 - The Wrong'Uns - Rothko",
    "nsdr": [
        7.170884946850059,
        6.352705502877904,
        7.572831965010284,
        3.0169706964734226
    ],
    "sar": [
        6.769147817896938,
        5.917452388972904,
        7.095197937413889,
        4.600924668641336
    ],
    "sdr": [
        3.452498638838073,
        -0.6345858172845663,
        3.75380696690639,
        -1.856675769034502
    ],
    "sir": [
        7.006000288704085,
        1.441112710291772,
        7.230885438881671,
        0.5488881029350033
    ]
}