{
    "name": "030 - Patrick Talbot - A Reason To Leave",
    "nsdr": [
        1.1899568830305434,
        6.536031524174792,
        3.3547600866748155,
        -4.87726465590606
    ],
    "sar": [
        -11.380056276388801,
        -20.878866546392118,
        -15.72801259132473,
        -19.218476924649323
    ],
    "sdr": [
        -11.617445237873113,
        -22.761723098311744,
        -18.678525139481906,
        -22.90507123569338
    ],
    "sir": [
        12.809097468376427,
        2.689611977863899,
        0.23502392802153815,
        -1.2096433760639553
    ]
}