{
    "name": "056 - Arise - Run Run Run",
    "nsdr": [
        0.08692910385193287,
        0.843087562798285,
        -0.06881468710885486,
        -0.8441648717443861
    ],
    "sar": [
        -17.669460657616426,
        -21.361615966845665,
        -15.545343304309696,
        -17.02336650832288
    ],
    "sdr": [
        -20.089286496975607,
        -23.06627203632482,
        -18.608254484290892,
        -21.863712591337002
    ],
    "sir": [
        1.347701162681611,
        3.212929765409436,
        0.014878338913855827,
        -3.028247808976924
    ]
}