{
    "name": "057 - BKS - Bulldozer",
    "nsdr": [
        7.8043088394989315,
        7.212860773915633,
        6.936736279211305,
        5.541425636579316
    ],
    "sar": [
        1.7306757048699752,
        6.41042735494605,
        10.347451084498147,
        5.464580370908788
    ],
    "sdr": [
        -3.65681550874522,
        4.019292348828971,
        7.736486013083796,
        -6.666808050312412
    ],
    "sir": [
        0.05653181309491856,
        8.64582913693847,
        11.57005686048217,
        -5.306322359602006
    ]
}