{
    "name": "023 - Jokers, Jacks & Kings - Sea Of Leaves",
    "nsdr": [
        1.1490084393015039,
        -3.2184334948108493,
        1.7417389657307432,
        0.05753751563472065
    ],
    "sar": [
        -11.265877732853456,
        -23.604177916303083,
        -20.838513887757856,
        -19.451689428957742
    ],
    "sdr": [
        -11.48030147457721,
        -31.044138027793295,
        -21.69980295416247,
        -22.727031932349533
    ],
    "sir": [
        13.270397616806324,
        -6.557593053015768,
        6.6242518134402975,
        -0.465839858047282
    ]
}