{
    "name": "051 - AM Contra - Heart Peripheral",
    "nsdr": [
        2.3191535894869393,
        2.515616300964016,
        -0.6867627217826424,
        -0.6269250636639576
    ],
    "sar": [
        -11.28164794152237,
        -17.582029648373915,
        -24.33696677998634,
        -15.67573083998191
    ],
    "sdr": [
        -11.418513994119728,
        -21.572084636340808,
        -29.2733530760488,
        -19.959196480857173
    ],
    "sir": [
        15.258114614918876,
        -1.7035252281540134,
        -3.239793629716667,
        -2.1404862900899615
    ]
}