{
    "name": "017 - Girls Under Glass - We Feel Alright",
    "nsdr": [
        6.591026698016599,
        2.4836408207697476,
        3.9784653177683253,
        7.83113408537555
    ],
    "sar": [
        2.5214010142830867,
        5.258385493265587,
        9.328472562445802,
        7.862531703072611
    ],
    "sdr": [
        -10.64839387341555,
        -0.9228008066555946,
        2.8331963449853332,
        2.5803393120310956
    ],
    "sir": [
        -8.503795939304343,
        1.4069718193201532,
        4.414677729739394,
        4.764656450492534
    ]
}