{
    "name": "040 - The Long Wait - Back Home To Blue",
    "nsdr": [
        2.324933893125463,
        1.86771523084008,
        7.615189244310333,
        -1.2425415666243467
    ],
    "sar": [
        -12.070680213049593,
        -21.130292555748653,
        -16.46193973527285,
        -16.436734899205877
    ],
    "sdr": [
        -12.231185315138514,
        -21.879385928478708,
        -16.81796788750418,
        -21.03089619215712
    ],
    "sir": [
        14.504015756017745,
        7.285903852650702,
        10.780760662905971,
        -2.6443913401681933
    ]
}