{
    "name": "011 - Cnoc An Tursa - Bannockburn",
    "nsdr": [
        4.667440701225494,
        2.8774814656330667,
        2.5411627934917886,
        5.037876270856042
    ],
    "sar": [
        1.72103302198021,
        5.215841538829204,
        6.667082244409102,
        6.833443339412294
    ],
    "sdr": [
        -5.011052551105313,
        -5.070974992686176,
        2.8978340946574868,
        0.22201077587604673
    ],
    "sir": [
        -1.7406049387219844,
        -3.501705604205486,
        6.109567814760136,
        2.1093084811763325
    ]
}