{
    "name": "046 - Triviul - Dorothy",
    "nsdr": [
        7.87871153341737,
        -5.524073328563276,
        1.6858908686539102,
        -4.001917122062235
    ],
    "sar": [
        -15.89430678547098,
        -19.432014511061737,
        -19.93820518555697,
        -17.179930342419105
    ],
    "sdr": [
        -16.515959819515352,
        -26.05482463599496,
        -21.028327060771442,
        -21.84451687018064
    ],
    "sir": [
        8.238192062313017,
        -5.507713875921048,
        5.490466202200331,
        -2.7670122068315206
    ]
}