{
    "name": "010 - Carlos Gonzalez - A Place For Us",
    "nsdr": [
        3.9871665639718517,
        6.256594068321441,
        7.037202300454761,
        3.6145371240189332
    ],
    "sar": [
        8.560816904929526,
        3.9771714868454175,
        9.00742389808366,
        5.915555596392958
    ],
    "sdr": [
        1.9541210647213234,
        -1.8631402152574665,
        2.1415104738903272,
        -1.1448788137579726
    ],
    "sir": [
        3.5908337888807917,
        0.909962866663001,
        3.6562564594225844,
        0.7970295166180957
    ]
}