{
    "name": "025 - Leaf - Wicked",
    "nsdr": [
        13.169117280126187,
        9.372969571463058,
        7.46335579719658,
        6.76842541998621
    ],
    "sar": [
        7.143479969313401,
        8.944224397019966,
        9.528905535498074,
        5.488751611035324
    ],
    "sdr": [
        4.516527953239994,
        6.813291500956754,
        6.820307834124346,
        -4.364150767038755
    ],
    "sir": [
        8.713876285076216,
        11.448666466520176,
        10.613773094432894,
        -2.809111736828884
    ]
}