{
    "name": "062 - Cristina Vane - So Easy",
    "nsdr": [
        1.8017655780515103,
        -6.5014907518702785,
        9.264294445096589,
        0.2938064986668323
    ],
    "sar": [
        -13.560743666650357,
        -22.702050475279055,
        -17.583069104099668,
        -17.434839036996653
    ],
    "sdr": [
        -14.270594492858047,
        -24.574453293863353,
        -17.74922529421214,
        -20.374999229102126
    ],
    "sir": [
        7.693617919287677,
        2.707314534284959,
        14.164448104578325,
        0.21912890453683956
    ]
}