{
    "name": "007 - BKS - Too Much",
    "nsdr": [
        1.4152623245251092,
        2.306536617816459,
        1.3928552558368867,
        -1.1278572986290563
    ],
    "sar": [
        -13.883827894064652,
        -15.484155834317102,
        -13.650877757448027,
        -18.810676698762556
    ],
    "sdr": [
        -14.121862585410822,
        -15.86448167223693,
        -14.586701992412035,
        -23.88356995475787
    ],
    "sir": [
        12.665928014947994,
        10.505876982206313,
        6.373028424828017,
        -3.398571516369353
    ]
}