{
    "name": "059 - Black Bloc - If You Want Success",
    "nsdr": [
        6.459642340631053,
        8.43448270805756,
        7.182363835354796,
        4.944804281530783
    ],
    "sar": [
        6.381345726077755,
        3.4678382973044943,
        10.31121541654815,
        4.698256450855444
    ],
    "sdr": [
        0.8995924652555884,
        -2.317980469092145,
        8.412151249917688,
        -2.9602966371284287
    ],
    "sir": [
        3.243860277052077,
        0.6262664822039332,
        13.306122700234212,
        -0.8757273421567231
    ]
}