{
    "name": "038 - Spike Mullings - Mike's Sulking",
    "nsdr": [
        -0.12010760233492235,
        -2.88144711194197,
        5.313533148920023,
        -0.5028619386905646
    ],
    "sar": [
        -16.23475737216273,
        -20.31703800137842,
        -19.29436315637773,
        -19.371862971728696
    ],
    "sdr": [
        -19.022934780137234,
        -26.15333412610638,
        -20.25111660612331,
        -22.219231298829058
    ],
    "sir": [
        0.5583599564755488,
        -4.483508587826227,
        6.133480578026812,
        0.3821149412441541
    ]
}