{
    "name": "051 - AM Contra - Heart Peripheral",
    "nsdr": [
        9.589964355032912,
        3.9037626707815094,
        4.728160757111949,
        -0.15080986853248568
    ],
    "sar": [
        6.405875691728731,
        4.380214170991959,
        6.983248255472814,
        4.118053290799119
    ],
    "sdr": [
        5.172470131228416,
        -3.9540392168091905,
        3.6335223358934665,
        -7.544782499411978
    ],
    "sir": [
        12.13610226157183,
        -1.914321767755924,
        7.12190058342678,
        -5.815944506461594
    ]
}