{
    "name": "074 - Juliet's Rescue - Heartbeats",
    "nsdr": [
        10.823092222448114,
        5.4295661603184975,
        7.766049872568715,
        6.03059462332791
    ],
    "sar": [
        4.564367649736164,
        2.557343156346514,
        13.023308965577376,
        7.766001663330103
    ],
    "sdr": [
        2.560313922631543,
        -8.972858285622042,
        9.928128280099953,
        0.534255084509169
    ],
    "sir": [
        8.184655778682881,
        -6.7390615427683285,
        13.066449105036602,
        2.1165813142722136
    ]
}