{
    "name": "080 - North To Alaska - All The Same",
    "nsdr": [
        7.244513469767299,
        7.652912856939032,
        8.214788113602253,
        4.829475704443226
    ],
    "sar": [
        7.822119993414219,
        5.697136155712446,
        7.513793731621174,
        8.365308583035972
    ],
    "sdr": [
        0.09726195878467142,
        1.0686852438415646,
        2.596739137130786,
        3.6881154684820516
    ],
    "sir": [
        1.5641845651084088,
        3.9385268913852665,
        4.995265865763406,
        6.087533561675426
    ]
}