{
    "name": "014 - Fergessen - Back From The Start",
    "nsdr": [
        0.20176984949035592,
        1.1295431863596157,
        -1.4528058045840986,
        -2.7608719635061654
    ],
    "sar": [
        -12.81314070618216,
        -21.5623820348846,
        -26.329648387199057,
        -18.35595885093164
    ],
    "sdr": [
        -13.289799523445605,
        -23.51290947397182,
        -30.752140609874647,
        -24.53597209377399
    ],
    "sir": [
        9.576745088598592,
        2.494820553221124,
        -2.46602429269999,
        -4.919533362801726
    ]
}