{
    "name": "003 - Actions - One Minute Smile",
    "nsdr": [
        4.313309207895475,
        7.245922999332114,
        7.3013061223099935,
        2.539939243350684
    ],
    "sar": [
        7.170484580296755,
        4.736647505271808,
        6.981582560195987,
        5.666180619753285
    ],
    "sdr": [
        2.2084884843429133,
        -3.1859331875675316,
        1.3407491566928802,
        -0.4572019613988013
    ],
    "sir": [
        4.639262328415031,
        -1.1637382685032245,
        3.517648114678098,
        1.8007937303631567
    ]
}