{
    "name": "069 - Hollow Ground - Left Blind",
    "nsdr": [
        2.5134646896354376,
        0.10819720918832587,
        -0.4233242685007106,
        0.2385438961124784
    ],
    "sar": [
        -17.88617298735586,
        -25.87974285006134,
        -21.52205724919999,
        -20.289564030660834
    ],
    "sdr": [
        -19.34470441500273,
        -29.616441573577532,
        -25.54718378056197,
        -22.050868359946936
    ],
    "sir": [
        4.059119239195082,
        -1.3373311000002486,
        -1.8063753224371837,
        3.0495642154770057
    ]
}