{
    "name": "059 - Black Bloc - If You Want Success",
    "nsdr": [
        -1.6389618491439055,
        9.909846677626629,
        -0.11425732647400721,
        -0.6820337652488142
    ],
    "sar": [
        -11.237569523892908,
        -17.393475597261038,
        -18.91288557515945,
        -15.769886842858538
    ],
    "sdr": [
        -15.575970620966764,
        -17.944611666026464,
        -19.307181730424187,
        -20.343028167404043
    ],
    "sir": [
        -2.0288435329776715,
        8.76520776713927,
        10.276405134763063,
        -2.5961702015311694
    ]
}