{
    "name": "009 - Bobby Nobody - Stitch Up",
    "nsdr": [
        6.6531133220961,
        5.232885399285097,
        5.532479558895037,
        2.4535639377121887
    ],
    "sar": [
        6.589939577160221,
        8.271935079106672,
        4.284236338326054,
        4.675049797265241
    ],
    "sdr": [
        2.865164008325741,
        1.047348531787902,
        -2.5103921378414333,
        -1.5478773591777104
    ],
    "sir": [
        6.123139311172641,
        2.562367661142578,
        -0.11477808262578912,
        0.9097377914113357
    ]
}