{
    "name": "035 - Signe Jakobsen - What Have You Done To Me",
    "nsdr": [
        1.0363972338812708,
        11.023012088755824,
        1.6768133832486143,
        -0.09273985637482696
    ],
    "sar": [
        -14.814650350823527,
        -19.538313406184447,
        -20.62759839450925,
        -17.721044140458726
    ],
    "sdr": [
        -15.319825652180334,
        -21.96054093386628,
        -23.13315777472704,
        -20.44065831682845
    ],
    "sir": [
        9.229396142723733,
        1.3164688341207886,
        1.1133766205001052,
        0.6750165812619999
    ]
}