{
    "name": "054 - Actions - South Of The Water",
    "nsdr": [
        7.578688092493259,
        7.045391128240212,
        5.986634728475379,
        5.049696787728898
    ],
    "sar": [
        6.938361216008323,
        10.394485061211572,
        4.034615187348471,
        7.488981370185161
    ],
    "sdr": [
        -0.20823649988410006,
        5.695775687368596,
        -0.8941912114234267,
        0.6710460021918743
    ],
    "sir": [
        1.5229203367846365,
        7.872907962331809,
        2.235594448041256,
        2.396654064010772
    ]
}