{
    "name": "073 - Johnny Lokke - Whisper To A Scream",
    "nsdr": [
        1.9370558434384009,
        0.044381598399770184,
        -2.2546914116141537,
        -0.6040868622892397
    ],
    "sar": [
        -14.429143890187994,
        -20.19728876764139,
        -25.086697110549693,
        -22.73897990399608
    ],
    "sdr": [
        -14.588613657583188,
        -31.893807821824968,
        -30.168775239994456,
        -24.667883151960094
    ],
    "sir": [
        14.424950554829618,
        -11.35094687270465,
        -3.455192213103042,
        2.5477023700965025
    ]
}