{
    "name": "011 - Cnoc An Tursa - Bannockburn",
    "nsdr": [
        2.601831999029951,
        -1.89542722702409,
        3.419485970004555,
        -2.6713900648906943
    ],
    "sar": [
        -17.876211567627642,
        -23.897352756928683,
        -20.798035283923724,
        -22.436285544016922
    ],
    "sdr": [
        -18.959397621609902,
        -28.447297950876973,
        -21.375773725968696,
        -24.905480425769024
    ],
    "sir": [
        5.548218565265284,
        -2.656355528245458,
        8.50444921889464,
        1.1840669009621876
    ]
}