{
    "name": "015 - Fergessen - The Wind",
    "nsdr": [
        0.5370640972591385,
        -2.7113643812248505,
        0.15074342333321766,
        -0.6256991792241138
    ],
    "sar": [
        -15.293735765575205,
        -20.127731052223105,
        -21.669237107218304,
        -19.651294571474416
    ],
    "sdr": [
        -15.853287338776665,
        -26.27245686714785,
        -23.15688345412439,
        -22.594080858454113
    ],
    "sir": [
        8.743156853568003,
        -4.893970395816426,
        3.9172814428307774,
        0.182900646167357
    ]
}