{
    "name": "097 - Triviul feat. The Fiend - Widow",
    "nsdr": [
        6.889089848069792,
        10.181817729380613,
        4.7659555735399906,
        4.427032686493462
    ],
    "sar": [
        8.421777408428259,
        9.856070110770176,
        2.8566417585980854,
        4.1213519457928935
    ],
    "sdr": [
        4.827316201073747,
        7.580374713751949,
        -2.068134071537415,
        -5.333870161472284
    ],
    "sir": [
        7.9063752328591494,
        11.902561845045572,
        1.4307246318416098,
        -3.39012650069005
    ]
}