{
    "name": "031 - Phre The Eon - Everybody's Falling Apart",
    "nsdr": [
        8.279315645168294,
        -2.790578585639034,
        1.819128765388022,
        3.688522590940102
    ],
    "sar": [
        6.630982204377594,
        4.98458784826269,
        6.190737874539021,
        4.520608546467958
    ],
    "sdr": [
        1.7645893801888604,
        -10.518189187751839,
        3.8947194343521834,
        -7.000159748357707
    ],
    "sir": [
        4.332377126023218,
        -9.197092619334532,
        8.695959670819919,
        -5.369448283363701
    ]
}