{
    "name": "053 - Actions - Devil's Words",
    "nsdr": [
        2.0877938039547494,
        0.9523939620451216,
        3.2029717038310537,
        1.4455149800104117
    ],
    "sar": [
        -12.148911193278973,
        -19.919196520321446,
        -16.499624389026568,
        -16.384528784519205
    ],
    "sdr": [
        -13.194231681678927,
        -21.652761839768605,
        -17.128893412042352,
        -19.26315717153096
    ],
    "sir": [
        5.909236705339287,
        3.1368850544354587,
        8.167208973800799,
        0.3661760929072478
    ]
}