{
    "name": "035 - Signe Jakobsen - What Have You Done To Me",
    "nsdr": [
        7.923817599135356,
        6.0890688640873245,
        5.287174971113421,
        4.2121679250275115
    ],
    "sar": [
        8.062792278969738,
        6.0805762309555895,
        4.844994409454396,
        5.446960789324482
    ],
    "sdr": [
        5.1927407086839565,
        -0.6622087018862446,
        -1.0838647102167986,
        0.22843138783854433
    ],
    "sir": [
        8.978353065547038,
        1.3280487202615325,
        1.4275977680152163,
        2.871904569977488
    ]
}