{
    "name": "006 - Atlantis Bound - It Was My Fault For Waiting",
    "nsdr": [
        1.8572135473227327,
        4.50349189411552,
        2.0386010406979693,
        0.0827629861264576
    ],
    "sar": [
        -11.620072503694434,
        -18.134594335139628,
        -20.198494702484208,
        -18.07069158307634
    ],
    "sdr": [
        -12.079257760287575,
        -18.768772473120475,
        -20.78982585730752,
        -21.704324292937386
    ],
    "sir": [
        9.815573216717143,
        8.101006590225872,
        8.401807905060796,
        -1.1011292003744253
    ]
}