{
    "name": "057 - BKS - Bulldozer",
    "nsdr": [
        2.290517496477584,
        -2.405436617664332,
        4.742268493240999,
        1.3341433819458963
    ],
    "sar": [
        -12.422181827797765,
        -16.08009097280217,
        -15.280730478701587,
        -15.841091172189572
    ],
    "sdr": [
        -13.779277514094545,
        -18.7413081927497,
        -15.57492112676227,
        -21.430609369458573
    ],
    "sir": [
        4.597315743184815,
        0.8344937193252073,
        11.670496933705364,
        -4.074667117037562
    ]
}