{
    "name": "004 - Al James - Schoolboy Facination",
    "nsdr": [
        4.5068771807468515,
        6.277588195225877,
        5.321469689369362,
        2.558553754254694
    ],
    "sar": [
        6.727603131468002,
        6.254625904499429,
        3.769376038191616,
        4.029516404452624
    ],
    "sdr": [
        2.8416928362854694,
        2.5635076884872117,
        -1.4126385858631372,
        -5.682538239345735
    ],
    "sir": [
        5.96025250005114,
        5.908687765051446,
        1.6789124938982107,
        -3.744738002442229
    ]
}