{
    "name": "020 - James May - Dont Let Go",
    "nsdr": [
        7.239439869153491,
        4.81864275625724,
        2.1313799413556023,
        2.4735643477708815
    ],
    "sar": [
        6.669786223227882,
        7.139854617225585,
        4.841625261950463,
        5.400362538673107
    ],
    "sdr": [
        1.0905556974844752,
        4.616003757934115,
        -9.1917658065572,
        -2.5643010399211357
    ],
    "sir": [
        3.3444252498918736,
        8.941338204793235,
        -7.784822336305806,
        -0.7077732120902714
    ]
}