{
    "name": "095 - Traffic Experiment - Once More (With Feeling)",
    "nsdr": [
        1.5279905227126687,
        3.4810292911665073,
        0.3987378096002274,
        4.242933617491907
    ],
    "sar": [
        -13.790832421592382,
        -18.39813537571052,
        -20.876801386427232,
        -18.952395957837954
    ],
    "sdr": [
        -15.209694171417778,
        -22.60850890036455,
        -21.92376698957809,
        -21.138235265064225
    ],
    "sir": [
        4.307453460433791,
        -2.076962518039848,
        5.679870437656744,
        1.8979261203841187
    ]
}