{
    "name": "033 - Sambasevam Shanmugam - Kaathaadi",
    "nsdr": [
        1.1517432531099772,
        0.36233951311527335,
        6.089840804566162,
        0.30162827208817333
    ],
    "sar": [
        -17.13134918970338,
        -17.35290209937579,
        -22.930320779454618,
        -15.7353117648358
    ],
    "sdr": [
        -19.572575902668092,
        -19.669311797560866,
        -25.229216884583423,
        -19.497611500150306
    ],
    "sir": [
        1.3073897426513268,
        1.5992908003263286,
        1.5846775715587236,
        -1.278380337456659
    ]
}