{
    "name": "078 - Moosmusic - Big Dummy Shake",
    "nsdr": [
        3.144497632677009,
        -4.106450631973278,
        0.36751885313763566,
        1.7183719078776747
    ],
    "sar": [
        -14.21537977311711,
        -22.720178927050412,
        -16.306820510832047,
        -18.261821128033507
    ],
    "sdr": [
        -14.729106961125463,
        -26.43925236312063,
        -16.831179314901984,
        -23.00639726840825
    ],
    "sir": [
        9.172612705340924,
        -1.2947873811689576,
        9.017217941078954,
        -2.9059585107781416
    ]
}