{
    "name": "048 - We Fell From The Sky - Not You",
    "nsdr": [
        6.621366173038369,
        8.34791216562369,
        7.7523551494108265,
        4.757018409720946
    ],
    "sar": [
        5.4873697943966535,
        4.17749822288824,
        11.109916039057959,
        7.148467820183312
    ],
    "sdr": [
        0.18519997963315565,
        -4.20088028219042,
        7.089139537896724,
        1.1739142235516962
    ],
    "sir": [
        2.784258213326583,
        -2.1135963012499057,
        9.60422204152056,
        3.204510460566487
    ]
}