{
    "name": "071 - James May - If You Say",
    "nsdr": [
        4.531955749616483,
        5.386305953890164,
        6.284074597062195,
        1.2057249609311143
    ],
    "sar": [
        8.70850884652155,
        4.867918673108033,
        4.736383324435787,
        5.0925216975916605
    ],
    "sdr": [
        1.189203532479173,
        -1.6586859729674808,
        -6.313005481934456,
        0.6625241347473588
    ],
    "sir": [
        2.583963355812685,
        0.6597492594932028,
        -4.699674843751166,
        3.7759152166404206
    ]
}