{
    "name": "061 - Chris Durban - Celebrate",
    "nsdr": [
        12.704193048233405,
        6.182513069333328,
        5.011076699247982,
        2.5102396741980337
    ],
    "sar": [
        2.6107057141695273,
        10.735181186934874,
        6.097859097311601,
        5.698609559780245
    ],
    "sdr": [
        -0.9162736661494509,
        5.902475780271336,
        2.2365931317558267,
        -4.766686389140812
    ],
    "sir": [
        3.5305690548931654,
        7.98496902722454,
        5.489418426317459,
        -3.3224268235634513
    ]
}