{
    "name": "099 - Young Griffo - Blood To Bone",
    "nsdr": [
        1.5990269809517965,
        4.124820883538558,
        5.1300474906757145,
        -0.18967686229616376
    ],
    "sar": [
        -12.786867970519216,
        -21.942774841445374,
        -23.77183990588466,
        -18.31259691179319
    ],
    "sdr": [
        -13.23839812283607,
        -23.96352508690136,
        -25.5092032948928,
        -21.003832383560326
    ],
    "sir": [
        9.826051953787227,
        2.3009123633482322,
        3.099518195962135,
        0.7270248089098297
    ]
}