{
    "name": "034 - Secretariat - Over The Top",
    "nsdr": [
        2.4562108284654,
        1.0320264999110051,
        -2.8315784016056327,
        6.223093416603625
    ],
    "sar": [
        -12.982374703315454,
        -21.902610995791356,
        -25.001388563641722,
        -20.23383023351704
    ],
    "sdr": [
        -13.237814957538605,
        -22.9606453605168,
        -26.65904226684575,
        -23.317369525922018
    ],
    "sir": [
        12.38983045793458,
        5.621027035263508,
        3.341454831409107,
        -0.10430479662935443
    ]
}