{
    "name": "053 - Actions - Devil's Words",
    "nsdr": [
        7.205170256322783,
        8.294472595576003,
        6.447906117744338,
        4.832345983150597
    ],
    "sar": [
        8.794213827089017,
        7.71058845496139,
        5.6661598174630745,
        5.511795720227779
    ],
    "sdr": [
        4.538165209658873,
        3.7168876282075884,
        0.808862280033815,
        -1.8903412803157804
    ],
    "sir": [
        7.1200194565384,
        6.605538484982536,
        3.569704029095977,
        0.05723326438156414
    ]
}