{
    "name": "049 - Young Griffo - Facade",
    "nsdr": [
        2.1546994903747443,
        4.901011841008248,
        2.306117974795388,
        -0.3123923962191668
    ],
    "sar": [
        -11.275055576213786,
        -21.352160033986923,
        -19.32680944428117,
        -21.26573624144668
    ],
    "sdr": [
        -12.052607630140553,
        -23.04930085801251,
        -20.74829561262899,
        -24.876650272653336
    ],
    "sir": [
        7.388272184536495,
        3.23618961072577,
        4.170722212441991,
        -1.0958381306503626
    ]
}