{
    "name": "098 - Wall Of Death - Femme",
    "nsdr": [
        0.9093678822222984,
        -5.405301328989587,
        1.0386683369801801,
        0.8785930946134037
    ],
    "sar": [
        -18.673182567500305,
        -23.40136867460927,
        -19.05627209830547,
        -22.816586660759736
    ],
    "sdr": [
        -20.28774720957255,
        -30.97700215772322,
        -19.517473770017652,
        -25.520904209706323
    ],
    "sir": [
        3.5235761861429973,
        -6.721647958760251,
        9.559930991264107,
        0.6578139917226913
    ]
}