{
    "name": "085 - Side Effects Project - Sing With Me",
    "nsdr": [
        0.6806695731394932,
        4.6923086614879,
        2.681474466270508,
        -4.230527772762876
    ],
    "sar": [
        -15.609338177510024,
        -20.96923109808674,
        -20.403078864272665,
        -20.102882248443837
    ],
    "sdr": [
        -16.00762122098396,
        -23.297024316337314,
        -21.136957743506635,
        -26.451605214419075
    ],
    "sir": [
        10.293008617442627,
        1.5272438768431493,
        7.3888946232727015,
        -5.16121597327368
    ]
}