{
    "name": "017 - Girls Under Glass - We Feel Alright",
    "nsdr": [
        17.522976410503667,
        -7.036928278417051,
        -0.4684608132587016,
        1.3284027324027576
    ],
    "sar": [
        -17.08818018950669,
        -25.08570720432656,
        -22.456527623772825,
        -18.184961862007995
    ],
    "sdr": [
        -18.18198858360045,
        -30.922252399550327,
        -23.966682604112364,
        -19.595771999475346
    ],
    "sir": [
        5.514145953892705,
        -4.51058668326659,
        3.8352904980285607,
        4.2241383665637775
    ]
}