{
    "name": "074 - Juliet's Rescue - Heartbeats",
    "nsdr": [
        1.1675666174080863,
        -5.722581645201405,
        1.620244697705246,
        -1.9776778423341277
    ],
    "sar": [
        -12.93199676687216,
        -22.026551373623413,
        -26.60297968789621,
        -20.289037210419917
    ],
    "sdr": [
        -13.124863703273238,
        -29.818639825930447,
        -28.853059979136905,
        -25.11522579447245
    ],
    "sir": [
        13.644128855156588,
        -6.975238023882113,
        1.6918418312815526,
        -3.0520609713140567
    ]
}