{
    "name": "037 - Speak Softly - Broken Man",
    "nsdr": [
        8.958324506900224,
        4.101655282650703,
        4.032912518017524,
        6.757145299377693
    ],
    "sar": [
        3.7336943383184007,
        7.141590776113734,
        7.498295802248869,
        9.35712845775855
    ],
    "sdr": [
        -1.1746421259406543,
        5.089575682633541,
        -2.957342803661185,
        0.7891585140055952
    ],
    "sir": [
        2.0522104812516857,
        10.098160581519945,
        -1.8364893094012933,
        1.9158953219217696
    ]
}