{
    "name": "050 - Zeno - Signs",
    "nsdr": [
        3.0403017254187255,
        1.95558459147097,
        0.9228444310341999,
        -1.6928326714557151
    ],
    "sar": [
        -16.002466843908884,
        -19.219296190072207,
        -19.374821889978527,
        -18.354903554483734
    ],
    "sdr": [
        -16.97356816794051,
        -22.747274589974488,
        -20.12356651331249,
        -23.336033441299
    ],
    "sir": [
        6.118284978016648,
        -0.928496086350505,
        7.304622549922661,
        -3.258518588695159
    ]
}