{
    "name": "079 - Mu - Too Bright",
    "nsdr": [
        9.317682726846513,
        9.594171884648926,
        9.94316341401688,
        5.540516016856798
    ],
    "sar": [
        8.001348459559575,
        6.053586496400366,
        12.464310615542331,
        5.742341574662742
    ],
    "sdr": [
        5.7076201349433955,
        0.3903226401186015,
        8.974353626775333,
        -1.6464376092396058
    ],
    "sir": [
        10.21528393531715,
        2.72819136591564,
        11.792252176763094,
        0.2545669056311779
    ]
}