{
    "name": "084 - Secretariat - Borderline",
    "nsdr": [
        3.911853143771669,
        5.672387568346543,
        8.182431694302348,
        -0.783240697691655
    ],
    "sar": [
        4.6402699083274666,
        6.064252283741745,
        2.494188729632691,
        4.709946480677171
    ],
    "sdr": [
        -1.4098358510682039,
        -2.1384704248836774,
        -2.9254877494902902,
        0.40225606994358887
    ],
    "sir": [
        1.112255620277054,
        -0.46580596736614194,
        0.4840744978821456,
        3.679691776510258
    ]
}