{
    "name": "061 - Chris Durban - Celebrate",
    "nsdr": [
        9.62080514287577,
        9.415627813740976,
        2.6112691910014227,
        -2.8566343405700643
    ],
    "sar": [
        -8.6302622988692,
        -18.689388035678263,
        -23.258815064690364,
        -18.09601889917452
    ],
    "sdr": [
        -8.75347040319745,
        -21.655309727911124,
        -24.896501552223814,
        -27.63802817476648
    ],
    "sir": [
        15.967610480792649,
        0.14754919784029946,
        3.4114498506167834,
        -8.963622656070239
    ]
}