{
    "name": "077 - Lyndsey Ollard - Catching Up",
    "nsdr": [
        0.6607362578387299,
        -4.278735898673645,
        -21.511632103152913,
        -1.0338051202242298
    ],
    "sar": [
        -10.833366044552138,
        -15.858749806826221,
        -10.9504728540431,
        -18.307224759675933
    ],
    "sdr": [
        -10.906256678572008,
        -21.78236678882986,
        -32.72694508579813,
        -22.721823190005498
    ],
    "sir": [
        18.059068254350443,
        -4.530155815336993,
        -21.41190646806344,
        -2.4000992929628158
    ]
}