{
    "name": "047 - Voelund - Comfort Lives In Belief",
    "nsdr": [
        2.785200900963695,
        3.7987633291332896,
        7.289484479957061,
        2.240758870863521
    ],
    "sar": [
        5.34204996222671,
        4.422678627970282,
        3.948810379971034,
        4.796294913616158
    ],
    "sdr": [
        -0.36378603900311957,
        -2.610995497853618,
        -0.45541625213298176,
        -0.2152331788458542
    ],
    "sir": [
        2.1093618114012282,
        -0.3136416699730898,
        2.971356343717933,
        2.6734614225218896
    ]
}