{
    "name": "029 - Nerve 9 - Pray For The Rain",
    "nsdr": [
        0.9859286812317603,
        -2.705125047676205,
        2.194822392026939,
        -2.5072642327836583
    ],
    "sar": [
        -12.523533508553303,
        -23.752676035532147,
        -20.867724722797067,
        -18.349637842029075
    ],
    "sdr": [
        -13.33965896599075,
        -31.67410249718413,
        -21.932624935878188,
        -23.822641602561756
    ],
    "sir": [
        7.082175013884038,
        -7.138799603858174,
        5.596848754295829,
        -3.96153867850287
    ]
}