{
    "name": "018 - Hollow Ground - Ill Fate",
    "nsdr": [
        -0.17306223988026304,
        -7.118222409452994,
        2.5260472506788503,
        4.33991522219241
    ],
    "sar": [
        -18.834591146263374,
        -24.268535053240395,
        -22.167154840047782,
        -20.622289295913063
    ],
    "sdr": [
        -21.52439943748253,
        -31.766193672762828,
        -24.394247822469506,
        -23.39640108039294
    ],
    "sir": [
        0.7229610180114877,
        -6.6305566086103624,
        1.765718534317666,
        0.5234334938908727
    ]
}