{
    "name": "090 - The Doppler Shift - Atrophy",
    "nsdr": [
        11.50241449875929,
        3.4754848668298717,
        4.801741282477338,
        8.90671214792282
    ],
    "sar": [
        6.736647827649875,
        3.3815121149281153,
        12.106198569665153,
        7.212177125007415
    ],
    "sdr": [
        4.01839011536505,
        -6.571686224642306,
        7.83367747280969,
        -0.771443174652267
    ],
    "sir": [
        8.176820749080878,
        -4.468213362402616,
        10.126687941872287,
        0.7365677792350653
    ]
}