{
    "name": "014 - Fergessen - Back From The Start",
    "nsdr": [
        4.710211508338034,
        3.903274874320074,
        3.7639320958794733,
        2.695950960861742
    ],
    "sar": [
        4.528312877364935,
        5.263114208635088,
        7.108807093572363,
        5.52823241034782
    ],
    "sdr": [
        0.10219433121933955,
        -2.7173719028363426,
        4.2858619653079035,
        -13.294946482636231
    ],
    "sir": [
        3.357911024454316,
        -0.832747157677914,
        8.264151825866612,
        -12.165482751253244
    ]
}