{
    "name": "079 - Mu - Too Bright",
    "nsdr": [
        1.338838893074147,
        -5.545372367530955,
        9.780135404996432,
        -0.7047388830299184
    ],
    "sar": [
        -9.458236283997818,
        -20.212465371538414,
        -16.193000937727025,
        -18.10207912932844
    ],
    "sdr": [
        -9.602855207774732,
        -22.499287279243756,
        -16.6385257097824,
        -22.765819989486022
    ],
    "sir": [
        15.169149351031852,
        1.6332115079172527,
        9.767572131223927,
        -2.7813614017349364
    ]
}