{
    "name": "010 - Carlos Gonzalez - A Place For Us",
    "nsdr": [
        0.320961425296856,
        0.24078635233762924,
        1.0540199258339094,
        -0.4561933609437112
    ],
    "sar": [
        -12.45411915433412,
        -16.498670659414152,
        -18.857405274429617,
        -17.724896926197495
    ],
    "sdr": [
        -14.138919121877422,
        -19.286016010264024,
        -20.03061687125786,
        -21.27701892426242
    ],
    "sir": [
        3.4828173311451796,
        0.5541606144034215,
        5.140411330919257,
        -0.9507631940955791
    ]
}