{
    "name": "089 - St Vitus - Word Gets Around",
    "nsdr": [
        3.926916849467062,
        4.947773186942088,
        2.521252092922479,
        4.032423888729964
    ],
    "sar": [
        8.996519845645787,
        6.292963830350809,
        1.4912077449251897,
        4.585537717379152
    ],
    "sdr": [
        4.669920679806763,
        1.6121857223820162,
        -6.629529083245345,
        -10.518362396770922
    ],
    "sir": [
        7.186821407678185,
        4.335008370047187,
        -3.574106617954709,
        -9.085603836279747
    ]
}