{
    "name": "050 - Zeno - Signs",
    "nsdr": [
        7.220566087507096,
        6.5478288785179,
        6.764643829826777,
        5.174063378475409
    ],
    "sar": [
        6.2457604889480685,
        3.71038498096602,
        8.470229760847284,
        6.0064648490484895
    ],
    "sdr": [
        0.7859751617822562,
        -2.2518080488202274,
        5.952469370041338,
        0.45151526594486247
    ],
    "sir": [
        3.16462925493578,
        0.5570812508929487,
        10.095917949329188,
        2.839847554871783
    ]
}