{
    "name": "052 - ANiMAL - Easy Tiger",
    "nsdr": [
        9.848851754997579,
        5.287757396256309,
        3.5668339894146364,
        3.5817670853837473
    ],
    "sar": [
        6.793930539834896,
        7.068276212747259,
        4.410120791118173,
        3.6691151584962114
    ],
    "sdr": [
        5.615177210927538,
        1.351415234489886,
        0.05256271010181991,
        -5.500712597009921
    ],
    "sir": [
        12.679904922711845,
        3.485775122328544,
        3.378595282918009,
        -3.3880639359774922
    ]
}