{
    "name": "081 - Patrick Talbot - Set Me Free",
    "nsdr": [
        5.080346775276542,
        -0.5338393417947529,
        0.5422207286825333,
        1.2675563236064349
    ],
    "sar": [
        -13.806436142705296,
        -18.030816844158803,
        -15.50855969151122,
        -17.944692641990006
    ],
    "sdr": [
        -14.438711654093023,
        -24.451645597427238,
        -19.82454922082415,
        -20.054427228117202
    ],
    "sir": [
        8.2259217651424,
        -5.229241931301301,
        -2.187750684965091,
        2.107237692151439
    ]
}