{
    "name": "015 - Fergessen - The Wind",
    "nsdr": [
        5.086747911105336,
        5.32994044413828,
        7.699241997296494,
        3.1124178371319218
    ],
    "sar": [
        7.584264067675188,
        4.918321312317893,
        4.071958828148327,
        4.848349747868356
    ],
    "sdr": [
        3.3434065468036396,
        -3.6137703793299805,
        1.1717589686020806,
        -0.32504089571171063
    ],
    "sir": [
        6.094144256490295,
        -1.7446002745427527,
        5.730058664923123,
        2.4781693571188783
    ]
}