{
    "name": "001 - ANiMAL - Clinic A",
    "nsdr": [
        7.13243837759558,
        -1.356597255770808,
        1.5080962276712349,
        -6.452521903714974
    ],
    "sar": [
        -14.85233018776511,
        -19.898717728158847,
        -17.49633854356825,
        -19.92158475027279
    ],
    "sdr": [
        -15.451145415645762,
        -20.645753130353427,
        -20.99599501643106,
        -25.35112876374882
    ],
    "sir": [
        8.44187863871129,
        7.309788989690663,
        -0.8524995700949045,
        -3.9198039691831394
    ]
}