{
    "name": "076 - Little Chicago's Finest - My Own",
    "nsdr": [
        1.7189533672680213,
        5.356773853084032,
        0.6717177096713876,
        -6.859386775081866
    ],
    "sar": [
        -17.63054252391267,
        -21.235816751634196,
        -17.59660212953012,
        -17.730439797152503
    ],
    "sdr": [
        -18.058993375930395,
        -22.113017789040907,
        -18.090111019659968,
        -26.282070546219405
    ],
    "sir": [
        9.917150084259722,
        6.533422975784701,
        9.270683978735786,
        -7.826085476874799
    ]
}