{
    "name": "023 - Jokers, Jacks & Kings - Sea Of Leaves",
    "nsdr": [
        6.612245631557282,
        6.838522188278737,
        9.737792511086305,
        4.035226035340672
    ],
    "sar": [
        8.834869645549864,
        4.2741150311177725,
        8.736606637680945,
        5.93631468616139
    ],
    "sdr": [
        2.1643344231585937,
        -0.8568722240612071,
        5.7927442317818,
        0.3497487098580457
    ],
    "sir": [
        3.7507787385231706,
        2.1138423857130935,
        9.4157406323478,
        2.74010843235053
    ]
}