{
    "name": "007 - BKS - Too Much",
    "nsdr": [
        9.25685248739362,
        7.74312268885532,
        6.3098299917396155,
        5.861733268103995
    ],
    "sar": [
        9.040919998005373,
        7.51781456904387,
        6.366538718867794,
        4.3916689506616375
    ],
    "sdr": [
        7.108881852829763,
        4.573459053765552,
        1.1694933455350198,
        -5.6662367619050915
    ],
    "sir": [
        12.067246369144371,
        8.358853798543038,
        3.634269813029833,
        -3.867620492276189
    ]
}