{
    "name": "093 - Tim Taler - Stalker",
    "nsdr": [
        2.599606630080615,
        -3.4701034571957337,
        -3.845323568207924,
        9.325826831011153
    ],
    "sar": [
        -15.038222702647612,
        -22.360366839154672,
        -18.966721903369695,
        -17.265970286577563
    ],
    "sdr": [
        -16.38190560931552,
        -25.805211175679442,
        -24.44817435536136,
        -21.748157270512966
    ],
    "sir": [
        4.539768080703007,
        -0.8043896064485225,
        -3.9816258734953065,
        -2.4884629587762657
    ]
}