{
    "name": "049 - Young Griffo - Facade",
    "nsdr": [
        6.144478297004886,
        7.3505013883791,
        7.148669277197117,
        4.042281731854141
    ],
    "sar": [
        6.610138671523603,
        7.916383114325032,
        5.74468740734522,
        5.792859162589632
    ],
    "sdr": [
        0.9425055313120135,
        3.464476019413393,
        0.4355096005280059,
        0.607532227336689
    ],
    "sir": [
        3.173646004507506,
        6.044754688270969,
        2.976229352830859,
        3.1909254429530116
    ]
}