{
    "name": "039 - Swinging Steaks - Lost My Way",
    "nsdr": [
        8.032281222880464,
        4.839565940832766,
        6.407763151371245,
        3.00645752393157
    ],
    "sar": [
        8.692370757480264,
        7.7399963299748595,
        3.425493128909116,
        4.820736318332528
    ],
    "sdr": [
        5.969745753984338,
        2.245859364915059,
        -5.782469442799567,
        -3.2392259892955866
    ],
    "sir": [
        9.838605753889574,
        4.36136313067808,
        -3.6003881965444644,
        -1.263964230818769
    ]
}