{
    "name": "038 - Spike Mullings - Mike's Sulking",
    "nsdr": [
        4.183067067155074,
        3.4814928752589265,
        5.992419931065198,
        1.4681082056161996
    ],
    "sar": [
        6.184204626009043,
        6.281736553126076,
        5.712576888278766,
        5.906380526885695
    ],
    "sdr": [
        -2.3589965048783816,
        -2.5208236968072195,
        0.7780329523348137,
        -0.7661436784588087
    ],
    "sir": [
        -0.767841591866594,
        -0.9891678427330053,
        3.492004308646084,
        1.2781923606199477
    ]
}