{
    "name": "067 - Georgia Wonder - Siren",
    "nsdr": [
        9.649969075485602,
        8.83065653365193,
        5.817075524076589,
        5.296189663360918
    ],
    "sar": [
        7.203833752154962,
        7.737339292828727,
        6.8703805433935115,
        5.011190735262369
    ],
    "sdr": [
        3.059683991230365,
        3.9312803922519985,
        3.6825481906330344,
        -1.085010357412902
    ],
    "sir": [
        5.928559819879615,
        6.945101659543337,
        7.334216955601944,
        1.3300907725318833
    ]
}