{
    "name": "060 - Buitraker - Revo X",
    "nsdr": [
        13.624898263207964,
        8.499894249441066,
        5.882923944574673,
        8.482008267912285
    ],
    "sar": [
        2.719867662252249,
        7.872057865044897,
        11.405632591396241,
        6.9244229877429095
    ],
    "sdr": [
        -1.3168238179025415,
        4.610879287307603,
        8.25264313116022,
        -3.629041169138284
    ],
    "sir": [
        2.7237822050883342,
        8.040652901375305,
        11.428157317451522,
        -2.426064268417101
    ]
}