{
    "name": "083 - Remember December - C U Next Time",
    "nsdr": [
        1.1908717203559007,
        0.5584072065614869,
        0.52682883889252,
        -1.367359336494136
    ],
    "sar": [
        -15.715624086801325,
        -19.049042441270217,
        -23.778045003159907,
        -19.123763278010365
    ],
    "sdr": [
        -16.28164584416121,
        -20.582407934948183,
        -29.404602475952395,
        -23.043305939702897
    ],
    "sir": [
        8.678365308577572,
        3.7858959410858577,
        -4.219297999645407,
        -1.607871035800622
    ]
}