{
    "name": "030 - Patrick Talbot - A Reason To Leave",
    "nsdr": [
        5.736319554097901,
        6.983197789939749,
        9.974015362301758,
        4.4499303059842
    ],
    "sar": [
        9.336266258727244,
        6.564011315492707,
        6.512873999443385,
        5.2578561263219825
    ],
    "sdr": [
        6.717205543121682,
        0.6077339347083218,
        2.3742234901080304,
        -4.277798056282814
    ],
    "sir": [
        10.636147884552443,
        2.7444972617873287,
        5.364706707204495,
        -2.632683109087907
    ]
}