{
    "name": "047 - Voelund - Comfort Lives In Belief",
    "nsdr": [
        1.5685999931763952,
        1.0920062625715339,
        4.643453194142118,
        0.517718733136217
    ],
    "sar": [
        -17.045732573049598,
        -20.853685182668556,
        -19.76817651839894,
        -21.50966528461951
    ],
    "sdr": [
        -18.07175812131323,
        -24.978902491015166,
        -20.840540981897426,
        -23.808896126394295
    ],
    "sir": [
        5.82806325697705,
        -1.9657569769599688,
        5.572780199932415,
        1.592370498797183
    ]
}