{
    "name": "048 - We Fell From The Sky - Not You",
    "nsdr": [
        2.7784127639556733,
        -3.6758720530234044,
        0.4374363798976404,
        0.3843985647732566
    ],
    "sar": [
        -12.665392803079211,
        -25.543608768843526,
        -21.052745707090857,
        -20.538393070334386
    ],
    "sdr": [
        -13.42329480572099,
        -33.79164264590065,
        -22.148540641156636,
        -23.15309151155534
    ],
    "sir": [
        7.426205347653713,
        -7.531699095205406,
        5.455086358262794,
        0.8690806850899739
    ]
}