{
    "name": "021 - James May - On The Line",
    "nsdr": [
        0.7978911105634285,
        -0.8340007161458125,
        2.8530197573140974,
        -0.6675964667397984
    ],
    "sar": [
        -11.666161026187972,
        -21.020996228067602,
        -19.37837086518996,
        -16.603879670507922
    ],
    "sdr": [
        -12.142131861347655,
        -24.817081449845034,
        -22.078845140175304,
        -19.851860832469654
    ],
    "sir": [
        9.648151120636191,
        -1.4167470158835191,
        0.6932897098642552,
        -0.36912091581987166
    ]
}