{
    "name": "032 - Raft Monk - Tiring",
    "nsdr": [
        7.02293676569834,
        5.138388094131313,
        7.061599723978215,
        3.8393931453596464
    ],
    "sar": [
        3.381435243743984,
        6.692130680702686,
        5.362729575352329,
        6.818823581171394
    ],
    "sdr": [
        -0.29505126949447213,
        2.4698856542441447,
        2.043646522859074,
        -0.6873181077412295
    ],
    "sir": [
        3.7784825370653987,
        5.376551683376304,
        5.874556449008584,
        0.9824903670619181
    ]
}