{
    "name": "055 - Angels In Amplifiers - I'm Alright",
    "nsdr": [
        9.151833870629394,
        9.653274081857255,
        9.67251460284196,
        6.993156657780624
    ],
    "sar": [
        9.726665843585753,
        8.580445051232395,
        6.4366275940043804,
        6.382601804595626
    ],
    "sdr": [
        6.9422330886208306,
        3.161100601832949,
        3.4110474283910417,
        2.1274520677912885
    ],
    "sir": [
        10.630293265130629,
        5.194890673400977,
        7.295142617075303,
        5.070450246161165
    ]
}