{
    "name": "054 - Actions - South Of The Water",
    "nsdr": [
        8.762698603938532,
        7.544756648873635,
        7.4998963245049595,
        6.170434646869527
    ],
    "sar": [
        7.623766437045915,
        9.23799336163301,
        4.672808178059534,
        6.7503526082053185
    ],
    "sdr": [
        0.9757740115611735,
        6.1951412080020205,
        0.6190703846061539,
        1.7917838613325028
    ],
    "sir": [
        2.727030614241886,
        9.66212765851353,
        4.062895314629388,
        4.294595655454963
    ]
}