{
    "name": "067 - Georgia Wonder - Siren",
    "nsdr": [
        10.44814358328534,
        9.053725531018822,
        7.64524761785969,
        6.857726652214925
    ],
    "sar": [
        8.29668465942703,
        8.010199511976737,
        7.524855184650416,
        5.74951240080525
    ],
    "sdr": [
        3.8578584990301024,
        4.154349389618891,
        5.510720284416135,
        0.4765266314411044
    ],
    "sir": [
        6.394526720844185,
        7.09472682948538,
        10.522969047155792,
        3.0314291838691036
    ]
}