{
    "name": "048 - We Fell From The Sky - Not You",
    "nsdr": [
        8.024073648029313,
        9.63093293385886,
        9.093250037110717,
        6.172284328724313
    ],
    "sar": [
        5.194056917123597,
        5.098636635398373,
        11.161248433110234,
        6.847416769477822
    ],
    "sdr": [
        1.5879074546240999,
        -2.91785951395525,
        8.430034425596615,
        2.5891801425550627
    ],
    "sir": [
        5.221805379146042,
        -1.0017393319850818,
        12.058886378078373,
        5.447103033785275
    ]
}