{
    "name": "028 - Motor Tapes - Shore",
    "nsdr": [
        6.452609428155288,
        10.024438363729084,
        11.310679616924782,
        5.67467767832847
    ],
    "sar": [
        9.277662951361682,
        7.770489842258205,
        3.635635348458229,
        6.663791492344362
    ],
    "sdr": [
        5.286639483756863,
        2.5033841677786044,
        -2.4358056171612517,
        3.5638439657112158
    ],
    "sir": [
        7.982184677323732,
        4.707128882097024,
        0.35907264211567697,
        7.334166925157093
    ]
}