{
    "name": "004 - Al James - Schoolboy Facination",
    "nsdr": [
        6.454554562358476,
        7.649364188783642,
        6.672629472371058,
        3.285508826743989
    ],
    "sar": [
        7.308650226929505,
        7.38327037392374,
        3.727797416913701,
        4.24359466185696
    ],
    "sdr": [
        4.789370217897094,
        3.935283682044977,
        -0.061478802861440585,
        -4.9555831668564405
    ],
    "sir": [
        9.093621525791125,
        7.276641604195621,
        3.823211674729605,
        -3.011758035674213
    ]
}