{
    "name": "024 - Leaf - Come Around",
    "nsdr": [
        12.857793839932377,
        -2.032138048103608,
        11.019919791988965,
        8.141189465761588
    ],
    "sar": [
        5.574985178089483,
        7.579751626410829,
        2.4402101962047444,
        4.13750616583455
    ],
    "sdr": [
        1.8371932824455437,
        7.134658368619277,
        -7.069036701999626,
        -6.012286092273589
    ],
    "sir": [
        5.286514957815863,
        17.947508576128588,
        -4.5939717388880705,
        -4.1543488210026815
    ]
}