{
    "name": "086 - Skelpolu - Human Mistakes",
    "nsdr": [
        9.447872550186565,
        2.5285284710568594,
        7.1301850952897485,
        9.12337336217048
    ],
    "sar": [
        3.256122633152211,
        6.561798780832709,
        4.7212314966150615,
        5.387842907802051
    ],
    "sdr": [
        -10.970854795190059,
        5.365768848861201,
        1.1376155383088578,
        1.6599623162437063
    ],
    "sir": [
        -9.123074898653051,
        12.416612466996654,
        4.903469909911858,
        5.157846887332381
    ]
}