{
    "name": "052 - ANiMAL - Easy Tiger",
    "nsdr": [
        12.898194957067155,
        5.7208006491948105,
        4.9580125920934925,
        3.3240870253890833
    ],
    "sar": [
        9.756077055265546,
        6.581844904867617,
        5.318689339935226,
        2.155215461769804
    ],
    "sdr": [
        8.664520412997113,
        1.7844584874283878,
        1.4437413127806757,
        -5.758392657004585
    ],
    "sir": [
        15.632930283104987,
        4.394847094831354,
        4.852137301646055,
        -2.9274889390867425
    ]
}