{
    "name": "025 - Leaf - Wicked",
    "nsdr": [
        16.18613920977287,
        8.508876591180524,
        8.67526707790965,
        9.131633262586833
    ],
    "sar": [
        10.256176979700127,
        7.885004161106307,
        9.655127738317997,
        4.583278298119785
    ],
    "sdr": [
        7.533549882886673,
        5.949198520674219,
        8.032219114837417,
        -2.000942924438132
    ],
    "sir": [
        11.24319070104967,
        11.04526738782103,
        13.539771283660984,
        0.3728700785612753
    ]
}