{
    "name": "035 - Signe Jakobsen - What Have You Done To Me",
    "nsdr": [
        9.393205586001718,
        6.807076882072546,
        6.3807862858898705,
        5.176728457926163
    ],
    "sar": [
        8.864431936788925,
        6.7773253896528605,
        4.230819283562706,
        5.350314458360987
    ],
    "sdr": [
        6.662128695550318,
        0.05579931609897679,
        0.00974660455965062,
        1.1929919207371962
    ],
    "sir": [
        11.196258724965025,
        1.9225499966307584,
        3.4652002334646275,
        4.408478282900477
    ]
}