{
    "name": "014 - Fergessen - Back From The Start",
    "nsdr": [
        5.959448012323234,
        4.442455366425685,
        0.5323594526407932,
        2.039971856429281
    ],
    "sar": [
        5.906218711403355,
        5.10392401675327,
        3.624353956141788,
        2.8010308652480775
    ],
    "sdr": [
        1.35143083520454,
        -2.178191410730731,
        1.0542893220692233,
        -13.950925587068692
    ],
    "sir": [
        4.216958003615311,
        -0.11065066939481341,
        6.120255063281318,
        -12.026401002489283
    ]
}