{
    "name": "075 - Leaf - Summerghost",
    "nsdr": [
        11.432889694712244,
        9.031951406651608,
        12.834501609535716,
        5.463074692692123
    ],
    "sar": [
        10.117997113514992,
        10.248640041428331,
        9.854989366085746,
        6.1054953359817175
    ],
    "sdr": [
        7.268754726272305,
        7.262555173739256,
        6.88561035486061,
        -3.189591898788482
    ],
    "sir": [
        10.849647191753768,
        10.689108325032205,
        10.364532046933768,
        -1.6938817030772537
    ]
}