{
    "name": "069 - Hollow Ground - Left Blind",
    "nsdr": [
        9.443219514905678,
        4.180305700400068,
        4.058560442770429,
        4.012522996873339
    ],
    "sar": [
        3.5041862499229963,
        6.001105804254725,
        4.287545682371992,
        5.593906029353251
    ],
    "sdr": [
        -1.9800399356925749,
        1.7491310203859853,
        0.09516346638524548,
        0.0401523860177936
    ],
    "sir": [
        1.066387074230747,
        4.767970911563115,
        3.5526997396546465,
        2.514873797839236
    ]
}