{
    "name": "085 - Side Effects Project - Sing With Me",
    "nsdr": [
        10.345562189280194,
        11.538424335122137,
        9.771259748487912,
        7.675380971707902
    ],
    "sar": [
        9.085230211575578,
        6.117032144959155,
        11.774118259144586,
        3.0479160580312636
    ],
    "sdr": [
        7.89354131258608,
        1.5301433589378295,
        10.10913970876455,
        -8.054697659870211
    ],
    "sir": [
        14.597505648364542,
        4.336221215804638,
        15.358284892977982,
        -5.955584086799009
    ]
}