{
    "name": "003 - Actions - One Minute Smile",
    "nsdr": [
        5.138571440463322,
        9.220373605015338,
        8.2781866523354,
        3.75437936940045
    ],
    "sar": [
        8.030793315419178,
        6.19413216327639,
        6.7187827441905075,
        6.305093257625191
    ],
    "sdr": [
        3.033750716910759,
        -1.211482581884308,
        2.317629686718286,
        0.7572381646509645
    ],
    "sir": [
        5.3207249831343475,
        0.5945215148615177,
        5.114265685756814,
        3.090051271830246
    ]
}