{
    "name": "001 - ANiMAL - Clinic A",
    "nsdr": [
        6.736347919274944,
        5.267265049298849,
        2.9902474153473246,
        4.098854963719317
    ],
    "sar": [
        6.310656331919987,
        8.410782733672873,
        3.4975657815975003,
        3.8554243209766597
    ],
    "sdr": [
        -0.0005635154475254504,
        6.348479317533271,
        -6.8190160698907505,
        -2.668645855466985
    ],
    "sir": [
        2.0687352159439465,
        11.158184861250927,
        -4.790746324400773,
        -0.0778323960391436
    ]
}