{
    "name": "077 - Lyndsey Ollard - Catching Up",
    "nsdr": [
        4.098623746580127,
        14.334500516594868,
        -2.158750593079816,
        8.709845708692153
    ],
    "sar": [
        10.313670834886516,
        5.711002616549489,
        1.9122505208818588,
        6.945494102022817
    ],
    "sdr": [
        8.973376945828871,
        -0.14393290609654066,
        -31.528348192235157,
        3.131322485459182
    ],
    "sir": [
        15.118474798291004,
        2.1949210452357084,
        -29.36779744494249,
        6.262772722592793
    ]
}