{
    "name": "056 - Arise - Run Run Run",
    "nsdr": [
        10.091776393640327,
        6.486287239755358,
        9.565092833300927,
        1.343064139393338
    ],
    "sar": [
        6.509121265238582,
        7.8091667468341015,
        4.632327145814919,
        4.638099466107313
    ],
    "sdr": [
        2.9145666032934816,
        3.9728445083829413,
        -0.2846365821268643,
        -1.0466134766651625
    ],
    "sir": [
        6.285665827648729,
        6.954932976270083,
        2.689721926637509,
        1.6038182225024047
    ]
}