{
    "name": "074 - Juliet's Rescue - Heartbeats",
    "nsdr": [
        13.616364011952623,
        7.885984621980652,
        8.952923746393349,
        7.078357091569762
    ],
    "sar": [
        8.073478326288136,
        3.791373956762889,
        13.22974335017615,
        8.40099370734722
    ],
    "sdr": [
        5.353585712136053,
        -6.516439823959887,
        11.115002153924587,
        1.582017552751021
    ],
    "sir": [
        9.304053792811814,
        -4.575919779643832,
        15.456512928397748,
        3.181067658056646
    ]
}