{
    "name": "018 - Hollow Ground - Ill Fate",
    "nsdr": [
        10.239819448606331,
        2.692499097266845,
        6.123587377845347,
        -0.8329150236598735
    ],
    "sar": [
        3.4604624679362965,
        5.303160856431641,
        3.945172073185633,
        4.0506514293484255
    ],
    "sdr": [
        0.41184797442676857,
        -1.7999368694280393,
        -0.9165900355044555,
        -0.7149284210751616
    ],
    "sir": [
        5.000150235416358,
        0.2636536439926892,
        2.270833397099694,
        2.489845092167649
    ]
}