{
    "name": "057 - BKS - Bulldozer",
    "nsdr": [
        10.385161733324784,
        6.723237386454085,
        8.241148454325545,
        6.390615231535102
    ],
    "sar": [
        3.587625508149527,
        5.901875299188002,
        10.57958727058862,
        4.424553804597744
    ],
    "sdr": [
        -1.075962614919367,
        3.529668961367423,
        9.040898188198035,
        -5.817618455356626
    ],
    "sir": [
        2.3166473070373255,
        8.281340841271662,
        14.65820556119377,
        -4.047456058932716
    ]
}