{
    "name": "015 - Fergessen - The Wind",
    "nsdr": [
        9.649924846279706,
        5.677045745659978,
        7.547273947247357,
        5.11202982234434
    ],
    "sar": [
        10.16350249819446,
        5.877406133875423,
        4.2831405078298275,
        6.457541295339075
    ],
    "sdr": [
        7.906583481978009,
        -3.2666650778082817,
        1.019790918552943,
        1.6745710895007073
    ],
    "sir": [
        12.228281277354727,
        -1.7045557781105996,
        5.167620563643412,
        4.314774840524008
    ]
}