{
    "name": "092 - The Sunshine Garcia Band - For I Am The Moon",
    "nsdr": [
        11.401453337295816,
        6.18406286552478,
        5.625431579551645,
        5.3343298514295885
    ],
    "sar": [
        9.13575394386912,
        7.521038122143059,
        5.483487728002061,
        4.452270263246676
    ],
    "sdr": [
        7.100546676944333,
        2.580595180293856,
        3.012656136927638,
        -4.567805160384134
    ],
    "sir": [
        11.870239017310134,
        4.96695161529053,
        7.721037043083724,
        -2.654991561454576
    ]
}