{
    "name": "098 - Wall Of Death - Femme",
    "nsdr": [
        8.342009472936486,
        4.50583730849202,
        8.056919774695498,
        3.6485899954474688
    ],
    "sar": [
        5.122290017993683,
        4.155262363419197,
        7.697477993542938,
        7.991609679800183
    ],
    "sdr": [
        -0.5608610734112343,
        -3.0035480752487977,
        4.368003261250881,
        2.622174660967792
    ],
    "sir": [
        1.971341321704016,
        -0.663959869347029,
        7.7625609375868985,
        4.752352849742211
    ]
}