{
    "name": "022 - Johnny Lokke - Promises & Lies",
    "nsdr": [
        10.115030953421659,
        8.107618949809329,
        9.147267021827117,
        5.010589719295584
    ],
    "sar": [
        9.125334643809952,
        5.330612318128657,
        8.598895698079623,
        7.028042713557258
    ],
    "sdr": [
        5.189044724501751,
        -0.22752815871096382,
        5.683920988186493,
        1.7831849180962236
    ],
    "sir": [
        7.937645228720241,
        2.3037899821549503,
        9.353388800492953,
        4.110780867869791
    ]
}