{
    "name": "009 - Bobby Nobody - Stitch Up",
    "nsdr": [
        8.452831810286613,
        6.207738825806347,
        8.34720998638684,
        3.0771154622589356
    ],
    "sar": [
        7.280053067045006,
        8.691401233464685,
        4.803082385167212,
        5.110324194807023
    ],
    "sdr": [
        4.664882496516253,
        2.022201958309152,
        0.30433828965036946,
        -0.9243258346309635
    ],
    "sir": [
        8.854641020632112,
        3.6258490453018344,
        3.449617459501293,
        1.4874476487643689
    ]
}