{
    "name": "100 - Young Griffo - Pennies",
    "nsdr": [
        11.734354229901136,
        6.920494237760081,
        8.33968367076983,
        8.022284962740875
    ],
    "sar": [
        8.441922131469635,
        7.783364191375153,
        7.146397412470637,
        5.2409454589267135
    ],
    "sdr": [
        6.292760941580303,
        5.039709049253568,
        4.259428046062473,
        -1.0088339217656481
    ],
    "sir": [
        10.959323476597243,
        9.003305613973618,
        8.16274926270542,
        1.3034021041541712
    ]
}