{
    "name": "078 - Moosmusic - Big Dummy Shake",
    "nsdr": [
        11.38763237327586,
        7.226697318143914,
        7.641338601660703,
        7.151816068507556
    ],
    "sar": [
        9.465872183677424,
        6.245490073679665,
        7.598703070019221,
        6.437226424676075
    ],
    "sdr": [
        6.62984414151077,
        0.9378087357113374,
        4.719090182505992,
        1.6669296094036936
    ],
    "sir": [
        10.286993739460936,
        3.378494618275413,
        8.560191551629346,
        4.317211161292826
    ]
}