{
    "name": "031 - Phre The Eon - Everybody's Falling Apart",
    "nsdr": [
        12.291644418300386,
        0.5068129382406212,
        1.9543624107174562,
        4.810628314749989
    ],
    "sar": [
        8.905632264246348,
        4.556557037064563,
        5.919196136264421,
        2.9962933155532454
    ],
    "sdr": [
        5.776918153320951,
        -7.220797663872183,
        4.029953079681618,
        -5.87805402454782
    ],
    "sir": [
        9.197570725771945,
        -5.618283425575465,
        9.544920743152272,
        -3.5097155180432775
    ]
}