{
    "name": "010 - Carlos Gonzalez - A Place For Us",
    "nsdr": [
        5.718860748693194,
        8.356530141494389,
        8.55986347189494,
        4.711671912859582
    ],
    "sar": [
        8.95335758150498,
        5.47129183048733,
        7.95313168744615,
        5.4834816765400864
    ],
    "sdr": [
        3.6858152494426664,
        0.23679585791548244,
        3.664171645330506,
        -0.047744024917323595
    ],
    "sir": [
        5.738540623393764,
        2.8680320302731004,
        6.333264274167483,
        2.459809968454726
    ]
}