{
    "name": "058 - Ben Carrigan - We'll Talk About It All Tonight",
    "nsdr": [
        10.38585775140313,
        6.911740304720972,
        6.507643785774602,
        4.764555070558082
    ],
    "sar": [
        5.805400297328466,
        7.566449957081883,
        6.224611477345209,
        4.738049992531498
    ],
    "sdr": [
        3.137131797213705,
        4.3335188463086025,
        3.762853347713458,
        -2.603578821303263
    ],
    "sir": [
        7.5317223177638155,
        7.832896836021501,
        8.330191210322822,
        -0.4604769129626913
    ]
}