{
    "name": "081 - Patrick Talbot - Set Me Free",
    "nsdr": [
        7.092065627902613,
        4.8381804444954515,
        10.985241076545542,
        6.599801108539827
    ],
    "sar": [
        6.499288386294257,
        6.476077929256645,
        6.74236310687497,
        6.769816201226009
    ],
    "sdr": [
        2.2895703354017867,
        1.4594596235616455,
        3.4961699900162433,
        2.5602705269052
    ],
    "sir": [
        5.238520617194935,
        3.9844270120722056,
        7.116758162377101,
        5.461077194279772
    ]
}