{
    "name": "095 - Traffic Experiment - Once More (With Feeling)",
    "nsdr": [
        9.438008279199485,
        3.4959535058019107,
        9.321008352367414,
        2.6968041356400683
    ],
    "sar": [
        5.159937927026,
        6.17481885418994,
        5.281756612660946,
        4.564731844311682
    ],
    "sdr": [
        0.5356875870087172,
        3.704457222429567,
        1.327331688671555,
        -1.9007967194396311
    ],
    "sir": [
        3.527408295970353,
        8.270174406564214,
        4.689816530372163,
        0.5117998037231659
    ]
}