{
    "name": "012 - Dark Ride - Burning Bridges",
    "nsdr": [
        11.056374648689747,
        -0.39811309190337685,
        1.1052016471544173,
        4.772586691225694
    ],
    "sar": [
        5.255969860853744,
        5.657555551184329,
        3.2399976664408947,
        4.579143412917196
    ],
    "sdr": [
        3.199948743121171,
        -4.28015205589209,
        1.300703714583061,
        -7.1791020415154545
    ],
    "sir": [
        8.568221508486735,
        -2.771422791327021,
        7.421423550667432,
        -5.581072386221503
    ]
}