{
    "name": "020 - James May - Dont Let Go",
    "nsdr": [
        10.261504777543689,
        4.738244357333616,
        4.641080615458373,
        3.582818384518968
    ],
    "sar": [
        7.752156036894875,
        7.111147107803828,
        1.9184572615723208,
        4.502412627663277
    ],
    "sdr": [
        4.112620605874674,
        4.535605359010491,
        -6.682065132454429,
        -1.4550470031730494
    ],
    "sir": [
        7.247095748373569,
        8.800882878302346,
        -3.8808740909812567,
        1.1337558622680715
    ]
}