{
    "name": "026 - Louis Cressy Band - Good Time",
    "nsdr": [
        8.988001984044494,
        8.620510543356364,
        8.828406609325127,
        6.664039284454633
    ],
    "sar": [
        7.287331103364023,
        8.012730924513274,
        8.81174114672483,
        5.764976230507235
    ],
    "sdr": [
        4.475597019949783,
        2.542055364423594,
        6.539655878566536,
        0.03032550586476318
    ],
    "sir": [
        8.437580661724958,
        4.62857630669017,
        10.97630904638728,
        2.400814687115388
    ]
}