{
    "name": "059 - Black Bloc - If You Want Success",
    "nsdr": [
        7.070322817284786,
        9.258436400063296,
        8.207609135596071,
        7.44587552419556
    ],
    "sar": [
        8.129778873319605,
        3.9097516547768207,
        10.857001684544713,
        4.958489769733443
    ],
    "sdr": [
        1.5102729419093206,
        -1.4940267770864089,
        9.437396550158963,
        -0.45922539446365185
    ],
    "sir": [
        3.19846427783229,
        1.463396775122459,
        15.326690108143342,
        2.2145948966775415
    ]
}