{
    "name": "094 - Titanium - Haunted Age",
    "nsdr": [
        5.914775142359502,
        4.649139426888593,
        4.772960601512901,
        0.13634373287317192
    ],
    "sar": [
        3.453304038838783,
        5.001205653109599,
        3.9812053629887885,
        5.483608285653689
    ],
    "sdr": [
        -0.24706601122678415,
        -2.815291246621409,
        -1.132465172878867,
        -0.8429317029438189
    ],
    "sir": [
        3.7861339486143137,
        -0.8374211248428459,
        1.9276045671708246,
        1.3910262995802327
    ]
}