{
    "name": "097 - Triviul feat. The Fiend - Widow",
    "nsdr": [
        8.128919123937246,
        10.272774457094892,
        7.105458852513148,
        6.6397530529788895
    ],
    "sar": [
        8.53879561136,
        10.378402190442504,
        3.5746340550404105,
        4.281052823220915
    ],
    "sdr": [
        6.0671454769412,
        7.6713314414662275,
        0.2713692074357422,
        -3.1211497949868554
    ],
    "sir": [
        10.26152936712862,
        11.388489412943594,
        4.588052092520405,
        -0.8721210251282687
    ]
}