{
    "name": "050 - Zeno - Signs",
    "nsdr": [
        9.417070194666852,
        5.7047862495064505,
        6.758452672590152,
        6.49468790509584
    ],
    "sar": [
        7.362732353495223,
        4.1587475973786105,
        7.943763238306758,
        6.58070590978438
    ],
    "sdr": [
        2.9824792689420137,
        -3.094850677831677,
        5.946278212804713,
        1.7721397925652935
    ],
    "sir": [
        5.684737460581846,
        -0.7785040146979649,
        10.926472859675942,
        4.377204604478955
    ]
}