{
    "name": "040 - The Long Wait - Back Home To Blue",
    "nsdr": [
        13.307637545251758,
        7.690301815481592,
        11.15407271322326,
        8.979690209963977
    ],
    "sar": [
        11.157671294878583,
        10.511333965973371,
        5.277438226046774,
        6.76066807566167
    ],
    "sdr": [
        7.987874094592643,
        8.63532648291149,
        1.4405073918029376,
        0.3366362275443433
    ],
    "sir": [
        11.164874198333665,
        13.554965767940661,
        4.884893656085091,
        2.29029848617974
    ]
}