{
    "name": "073 - Johnny Lokke - Whisper To A Scream",
    "nsdr": [
        11.687142925207567,
        6.343509376383662,
        7.705356388628763,
        6.535540507578353
    ],
    "sar": [
        7.767290356254701,
        6.327187799856101,
        8.397421774133344,
        6.208486422470424
    ],
    "sdr": [
        5.288937383351797,
        1.0431737514337316,
        5.825348453586672,
        0.47813783411561483
    ],
    "sir": [
        9.577057741246971,
        3.4782277293045256,
        9.909759418825288,
        2.760920034610068
    ]
}