{
    "name": "046 - Triviul - Dorothy",
    "nsdr": [
        7.657579598427053,
        6.740813773317537,
        7.98529234537166,
        5.775847111626332
    ],
    "sar": [
        7.2939626936410935,
        3.9116171512256415,
        10.37882656529278,
        3.6806312775435703
    ],
    "sdr": [
        5.13838795895759,
        -1.6033611655968782,
        6.695651454408017,
        -4.817457588351978
    ],
    "sir": [
        9.95645910428337,
        1.3093074267922313,
        9.50429974325267,
        -2.607031071234149
    ]
}