{
    "name": "089 - St Vitus - Word Gets Around",
    "nsdr": [
        7.058461220665117,
        6.807537516817874,
        4.430866959231327,
        3.724769272613493
    ],
    "sar": [
        9.331785294759241,
        8.20212813268836,
        1.2824001299191923,
        4.5569473903825415
    ],
    "sdr": [
        7.8014650510048185,
        3.4719500522578017,
        -4.7199142169364965,
        -10.826017012887393
    ],
    "sir": [
        13.553304622434458,
        5.86534324483702,
        -1.0481516367790873,
        -9.394463727623977
    ]
}