{
    "name": "029 - Nerve 9 - Pray For The Rain",
    "nsdr": [
        6.725607752037268,
        11.063897639506102,
        11.473473908441854,
        4.26100731031934
    ],
    "sar": [
        10.542978808041054,
        7.524583780486473,
        8.694078652119895,
        5.479476504142003
    ],
    "sdr": [
        5.695737899892568,
        4.810046957451296,
        5.51173982683796,
        -2.276384104508681
    ],
    "sir": [
        7.786406211212075,
        8.844849465975528,
        8.906823078174032,
        -0.39656978461368775
    ]
}