{
    "name": "083 - Remember December - C U Next Time",
    "nsdr": [
        7.923429261013937,
        7.130306336039645,
        5.874098488509062,
        4.446983939041246
    ],
    "sar": [
        7.251005773953136,
        7.509885229804557,
        5.5037592372252515,
        5.891473670773625
    ],
    "sdr": [
        4.245997484767789,
        1.859096996749352,
        0.7254702339407171,
        -0.8082090349256361
    ],
    "sir": [
        8.010934348086321,
        3.948427620989637,
        3.5603550635628323,
        1.2317602606487703
    ]
}