{
    "name": "005 - Angela Thomas Wade - Milk Cow Blues",
    "nsdr": [
        6.9672168731700035,
        7.665773375182142,
        7.9279845395627335,
        4.608772215065091
    ],
    "sar": [
        8.759674298786775,
        6.845146894633717,
        6.235223983806532,
        4.969569847926003
    ],
    "sdr": [
        3.664292947219777,
        0.8470815941841867,
        2.5038108772633967,
        0.6754426633334063
    ],
    "sir": [
        5.814276917503431,
        2.920247809683474,
        5.822871967512249,
        3.8967498094260513
    ]
}