{
    "name": "023 - Jokers, Jacks & Kings - Sea Of Leaves",
    "nsdr": [
        8.826546138984082,
        7.263531591244425,
        10.022318056313928,
        5.7135641215553425
    ],
    "sar": [
        9.377782215360197,
        4.36463006328851,
        8.763426547623247,
        6.9644971998225
    ],
    "sdr": [
        4.378634930585394,
        -0.43186282109551866,
        6.0772697770094215,
        2.028086796072716
    ],
    "sir": [
        6.504237657330264,
        2.6711213701844634,
        9.979942474285252,
        4.5047217634784325
    ]
}