{
    "name": "062 - Cristina Vane - So Easy",
    "nsdr": [
        13.055010703502951,
        8.929900986280698,
        9.338797453936447,
        7.2111442467005755
    ],
    "sar": [
        10.253817839597776,
        6.153203744640287,
        11.820420036456127,
        4.481036197318289
    ],
    "sdr": [
        8.021988108329385,
        1.0971808562194771,
        9.989558951746673,
        -3.2622590293480003
    ],
    "sir": [
        12.37290718204317,
        3.6653007225707617,
        14.900758038106687,
        -1.138993332645541
    ]
}