{
    "name": "079 - Mu - Too Bright",
    "nsdr": [
        11.431514609209373,
        10.274529676238728,
        10.859607143523586,
        7.278427101829376
    ],
    "sar": [
        10.057286958633247,
        6.986687777048937,
        11.744247244177629,
        6.184980279700689
    ],
    "sdr": [
        7.821452017306254,
        1.0706804317084029,
        9.89079735628204,
        0.09147347573297186
    ],
    "sir": [
        12.183710231752073,
        3.147813990932031,
        14.763979102732804,
        2.2535460485825847
    ]
}