{
    "name": "034 - Secretariat - Over The Top",
    "nsdr": [
        11.151429227183145,
        5.720095078050381,
        6.792981519584083,
        7.132672252348815
    ],
    "sar": [
        6.534634279747467,
        7.93466754367262,
        4.963642796946638,
        5.737338179407027
    ],
    "sdr": [
        4.428480108544466,
        5.092279816175012,
        1.392442982526413,
        -0.7193935612608946
    ],
    "sir": [
        9.453069130524774,
        8.925162551356546,
        5.108141777526768,
        1.4210845043185951
    ]
}