{
    "name": "061 - Chris Durban - Celebrate",
    "nsdr": [
        14.092981860414808,
        4.423364281277912,
        6.454439721926012,
        3.597617482361121
    ],
    "sar": [
        4.680608160936406,
        7.5635101631622454,
        6.773406807087784,
        3.4966275988352384
    ],
    "sdr": [
        0.47251514603195266,
        4.143326992215921,
        3.6799561544338566,
        -3.679308580977725
    ],
    "sir": [
        3.817184643015037,
        7.480403030203418,
        7.437285270737228,
        -1.150768735047619
    ]
}