{
    "name": "096 - Triviul - Angelsaint",
    "nsdr": [
        6.889851806121609,
        8.952768515437686,
        12.03765063915485,
        4.083262086384981
    ],
    "sar": [
        8.531250972234117,
        8.486429303319774,
        6.7130686158242945,
        5.910724847600944
    ],
    "sdr": [
        4.712340143841954,
        5.191722899683231,
        3.1750372702360097,
        -1.614031282706324
    ],
    "sir": [
        7.611179406660233,
        8.510606261268702,
        6.553999524101864,
        0.22230423352952866
    ]
}