{
    "name": "039 - Swinging Steaks - Lost My Way",
    "nsdr": [
        9.15673861562283,
        6.2198010867349485,
        8.808796235992116,
        3.9974627872362998
    ],
    "sar": [
        9.193142967681794,
        9.701969289820683,
        2.2640859626155567,
        5.171985838858165
    ],
    "sdr": [
        7.094203146726703,
        3.6260945108172415,
        -3.381436358178696,
        -2.2482207259908566
    ],
    "sir": [
        11.753125617137869,
        5.299093824335665,
        0.024694542043247107,
        -0.22778707864668957
    ]
}