{
    "name": "030 - Patrick Talbot - A Reason To Leave",
    "nsdr": [
        8.45425002519266,
        7.598595087462173,
        10.267610106328238,
        6.0177577635007555
    ],
    "sar": [
        11.039890424530157,
        7.253516986691396,
        5.709991759873417,
        5.474915010925018
    ],
    "sdr": [
        9.435136014216441,
        1.2231312322307462,
        2.6678182341345096,
        -2.709970598766258
    ],
    "sir": [
        14.865624731488543,
        3.2182024568760754,
        6.6795012293086184,
        -0.9106639140575512
    ]
}