{
    "name": "060 - Buitraker - Revo X",
    "nsdr": [
        18.407138023645874,
        8.25565743284611,
        7.475829988048616,
        9.544784125980927
    ],
    "sar": [
        5.549111351475997,
        7.52545338089237,
        11.261770364287454,
        6.236399335112393
    ],
    "sdr": [
        3.4654159425353686,
        4.366642470712647,
        9.845549174634163,
        -2.5662653110696407
    ],
    "sir": [
        8.722770286153557,
        7.9403276024193445,
        15.714188155281745,
        -1.02594959229626
    ]
}