{
    "name": "037 - Speak Softly - Broken Man",
    "nsdr": [
        11.299789507461382,
        2.937782373385466,
        7.214593494763699,
        7.788735534973581
    ],
    "sar": [
        5.543199610200911,
        6.296671770035696,
        4.738279997564217,
        10.021191839155811
    ],
    "sdr": [
        1.1668228746205036,
        3.925702773368304,
        0.22433817308498996,
        1.8207487496014836
    ],
    "sir": [
        4.208355825130969,
        8.60124363368049,
        3.377480533355542,
        2.9454195054586534
    ]
}