{
    "name": "017 - Girls Under Glass - We Feel Alright",
    "nsdr": [
        9.791845700718556,
        3.896583495767538,
        5.409305334268385,
        7.446447964795055
    ],
    "sar": [
        4.294789906464183,
        5.284361447285278,
        7.8057151106269185,
        7.056079397783518
    ],
    "sdr": [
        -7.447574870713593,
        0.4901418683421955,
        4.2640363614853936,
        2.1956531914506017
    ],
    "sir": [
        -5.77313310402665,
        3.3662682172314105,
        7.466962275152502,
        4.693456365576231
    ]
}