{
    "name": "019 - James Elder & Mark M Thompson - The English Actor",
    "nsdr": [
        7.82852097064264,
        10.447656295837064,
        11.576486749355611,
        7.2678374440930815
    ],
    "sar": [
        10.934474562047843,
        3.115496242719964,
        9.344663740161593,
        4.924499183987225
    ],
    "sdr": [
        9.484663134993763,
        -10.811717314224648,
        7.090084182740126,
        -0.46325450201269425
    ],
    "sir": [
        15.290961014468419,
        -8.906112020269036,
        11.49366364735683,
        2.2309484267243502
    ]
}