{
    "name": "047 - Voelund - Comfort Lives In Belief",
    "nsdr": [
        4.515198789765785,
        4.813412531165297,
        7.445668173505404,
        2.4279676378932087
    ],
    "sar": [
        4.89252619945996,
        4.7554553791590335,
        3.643762626424452,
        4.8582879545018045
    ],
    "sdr": [
        1.366211849798971,
        -1.5963462958216104,
        -0.299232558584638,
        -0.028024411816166165
    ],
    "sir": [
        5.134724067526663,
        0.8013571678931984,
        3.5035480665262626,
        2.9042439806832387
    ]
}