{
    "name": "049 - Young Griffo - Facade",
    "nsdr": [
        7.7036114409806675,
        7.676178322113632,
        8.6147936039014,
        5.673989738610565
    ],
    "sar": [
        6.7535982485739146,
        7.771690084216316,
        5.743412563272241,
        6.514828181013748
    ],
    "sdr": [
        2.5016386752877953,
        3.7901529531479246,
        1.9016339272322895,
        2.2392402340931135
    ],
    "sir": [
        5.379546681208538,
        6.678088797025369,
        5.240324152726976,
        5.145579341885322
    ]
}