{
    "name": "043 - Timboz - Pony",
    "nsdr": [
        4.188668088768558,
        5.150477027259907,
        4.954899447429321,
        -1.135059941964598
    ],
    "sar": [
        0.45322248929982967,
        4.731342520036627,
        3.25710083233954,
        5.887905097759498
    ],
    "sdr": [
        -6.5296739426521535,
        -4.939333345472917,
        -1.0578222483712476,
        1.0537041229582962
    ],
    "sir": [
        -2.769273018881174,
        -3.1841871705442104,
        2.630764227138362,
        3.779427230944876
    ]
}