{
    "name": "087 - Skelpolu - Together Alone",
    "nsdr": [
        -1.1597557103118916,
        9.447336230556093,
        8.651505179807,
        8.729560377639539
    ],
    "sar": [
        2.9360973848795435,
        7.573257316880514,
        12.425064699952612,
        7.645371581991306
    ],
    "sdr": [
        -32.654237771208926,
        2.438575039537477,
        11.503514024161275,
        3.2211770312609933
    ],
    "sir": [
        -30.86725087950789,
        4.728395196825425,
        18.930419767121393,
        5.855762694838251
    ]
}