{
    "name": "064 - Enda Reilly - Cur An Long Ag Seol",
    "nsdr": [
        10.121990238174511,
        7.688168904795486,
        8.919444507514958,
        6.696091117166137
    ],
    "sar": [
        9.613984929263705,
        6.987061007194036,
        7.974438599651973,
        6.0301174622924405
    ],
    "sdr": [
        7.583192841250992,
        1.4108418547984787,
        4.755936784276686,
        -0.34959171000221734
    ],
    "sir": [
        12.310753763262516,
        3.611321777270021,
        8.209987391911023,
        1.753599559842326
    ]
}