{
    "name": "006 - Atlantis Bound - It Was My Fault For Waiting",
    "nsdr": [
        10.634836583763345,
        8.068020683950843,
        7.555165302174895,
        6.287576728271899
    ],
    "sar": [
        7.6491885433325235,
        6.029732344914509,
        9.38589305177312,
        6.584467639081376
    ],
    "sdr": [
        3.9107169372706396,
        0.8620996465102292,
        7.614172940375781,
        -0.901890576769596
    ],
    "sir": [
        6.986204504354916,
        3.4048695404717915,
        12.837335243410424,
        0.8134702620990851
    ]
}