{
    "name": "011 - Cnoc An Tursa - Bannockburn",
    "nsdr": [
        4.407962296291533,
        1.3065917134853802,
        2.4779209464794794,
        5.936045358516786
    ],
    "sar": [
        2.704097232176079,
        5.994058157813762,
        6.042089061444984,
        6.995079521930224
    ],
    "sdr": [
        -5.2705309560392735,
        -6.641864744833862,
        2.8345922476451775,
        1.1201798635367906
    ],
    "sir": [
        -2.650934744054551,
        -5.424052142656038,
        6.621072555321094,
        3.210157185958637
    ]
}