{
    "name": "021 - James May - On The Line",
    "nsdr": [
        12.721467976131686,
        5.854610583329595,
        3.9516794168224934,
        4.0390748483804035
    ],
    "sar": [
        11.012499487129608,
        8.775505691406153,
        2.1344977414812796,
        4.2854600391306725
    ],
    "sdr": [
        7.859496735331801,
        3.3367335533080347,
        -3.7845452445959573,
        -0.7935591804947486
    ],
    "sir": [
        11.062671730384972,
        5.339432890203797,
        -0.4278842437680847,
        2.1972755877601604
    ]
}