{
    "name": "063 - Detsky Sad - Walkie Talkie",
    "nsdr": [
        10.78660632851454,
        7.794956309209096,
        6.3227984854457855,
        5.8108819578117785
    ],
    "sar": [
        8.992827497109875,
        2.9094107095080224,
        8.269485566785699,
        5.624931733711622
    ],
    "sdr": [
        5.752628513090502,
        -3.8084541014366335,
        7.102206830493083,
        -1.7589361253889415
    ],
    "sir": [
        9.060362023210084,
        -0.9738473993458274,
        13.981904553643915,
        0.1681389541898513
    ]
}