{
    "name": "090 - The Doppler Shift - Atrophy",
    "nsdr": [
        13.659119284379932,
        3.8897918532197195,
        3.7155059066176603,
        10.873003223858877
    ],
    "sar": [
        8.299757479799807,
        4.951267446965293,
        9.211757241367707,
        7.018517258026128
    ],
    "sdr": [
        6.175094900985693,
        -6.157379238252458,
        6.747442096950012,
        1.1948479012837905
    ],
    "sir": [
        10.898258863516322,
        -4.60211409696901,
        10.874170206497773,
        3.298937308044944
    ]
}