{
    "name": "051 - AM Contra - Heart Peripheral",
    "nsdr": [
        12.728166954121123,
        3.98542083304884,
        5.472895596395832,
        1.2783991850885936
    ],
    "sar": [
        9.449357164846472,
        5.385450333928503,
        6.960371932482307,
        3.775456875544681
    ],
    "sdr": [
        8.310672730316629,
        -3.8723810545418598,
        4.37825717517735,
        -6.115573445790899
    ],
    "sir": [
        15.148363563288383,
        -2.2201547428286283,
        8.660336972281165,
        -4.1251866649996
    ]
}