{
    "name": "091 - The Long Wait - Dark Horses",
    "nsdr": [
        8.723453028117962,
        6.331271803315039,
        8.125817254418324,
        4.64753873122279
    ],
    "sar": [
        6.658144881368848,
        7.499649026609778,
        6.530776678538595,
        6.226867576806086
    ],
    "sdr": [
        0.6837803452711383,
        2.5549814372020263,
        2.9457341806289277,
        1.4960840147931755
    ],
    "sir": [
        2.797548930727683,
        4.942568588626934,
        6.320286646228355,
        4.2059760058806
    ]
}