{
    "name": "076 - Little Chicago's Finest - My Own",
    "nsdr": [
        12.679909502034551,
        10.416283354401656,
        8.633046312356676,
        9.770030359845528
    ],
    "sar": [
        9.626926683562957,
        7.723551722411112,
        11.452221162288037,
        4.570474319606449
    ],
    "sdr": [
        8.236338505808137,
        2.2821694696109125,
        9.970435120526828,
        -4.84000645391501
    ],
    "sir": [
        14.308152094970687,
        4.4209646527832085,
        15.660507748213666,
        -3.0112542640905526
    ]
}