{
    "name": "093 - Tim Taler - Stalker",
    "nsdr": [
        1.1363061323083117,
        3.9016078259151046,
        3.6920281421880627,
        4.338408121634901
    ],
    "sar": [
        4.273154144988446,
        4.385671635964522,
        3.097070735092475,
        4.905943903878127
    ],
    "sdr": [
        -0.5161087109634026,
        -3.147182323510985,
        -4.473700669060703,
        0.434056359481517
    ],
    "sir": [
        2.6151651318505116,
        -0.9548544083569017,
        -1.9063032594868923,
        3.5688352984496285
    ]
}