{
    "name": "007 - BKS - Too Much",
    "nsdr": [
        11.275950192621286,
        8.536039473855684,
        7.682310353936405,
        7.309310841642105
    ],
    "sar": [
        10.527225946973148,
        8.672013336741974,
        5.740470894483057,
        3.8806727823787046
    ],
    "sdr": [
        9.127979558057428,
        5.366375838765917,
        2.5419737077318088,
        -4.218659188366981
    ],
    "sir": [
        15.096292030843635,
        8.653047675331338,
        6.398484284569962,
        -1.9979940904188807
    ]
}