{
    "name": "033 - Sambasevam Shanmugam - Kaathaadi",
    "nsdr": [
        7.092639749529029,
        4.937212761073026,
        5.443018062029382,
        8.001969459858252
    ],
    "sar": [
        5.8609992172685565,
        5.898055831627973,
        2.0664812952181992,
        5.205607351880924
    ],
    "sdr": [
        4.496915458035523,
        3.9698510563742606,
        -2.155940259337087,
        -4.623938001551778
    ],
    "sir": [
        11.19204567466966,
        9.418539934063878,
        2.0066009094554653,
        -3.0022102550054575
    ]
}