{
    "name": "071 - James May - If You Say",
    "nsdr": [
        8.423077146277851,
        6.040549953896756,
        6.580219116288003,
        3.2170452475306206
    ],
    "sar": [
        8.99890703830063,
        6.00775620386099,
        2.549134064300589,
        5.775256492596446
    ],
    "sdr": [
        5.080324929140541,
        -1.0044419729608898,
        -6.016860962708648,
        2.6738444213468653
    ],
    "sir": [
        7.854927760569675,
        0.9307236999380997,
        -3.4461313874271857,
        6.614194679082842
    ]
}