{
    "name": "080 - North To Alaska - All The Same",
    "nsdr": [
        8.836046334069255,
        7.778900769656571,
        9.228211799002732,
        5.484786144377795
    ],
    "sar": [
        7.716350876306153,
        6.376121600971131,
        7.000561029769118,
        7.972291648353802
    ],
    "sdr": [
        1.6887948230866276,
        1.1946731565591024,
        3.6101628225312643,
        4.34342590841662
    ],
    "sir": [
        3.6147027223108585,
        3.66442596752472,
        7.060974542622835,
        7.455099855831286
    ]
}