{
    "name": "013 - Drumtracks - Ghost Bitch",
    "nsdr": [
        10.007912096234007,
        1.5015799659419151,
        2.9089503331870743,
        5.998676889542362
    ],
    "sar": [
        7.394439742772803,
        4.144288675682569,
        6.6069843904433405,
        6.131226158110282
    ],
    "sdr": [
        5.2834125717667915,
        -0.013248254737545833,
        -4.4027446063304705,
        0.45214759535085336
    ],
    "sir": [
        10.156080743476249,
        3.505220010720247,
        -3.1861513180909435,
        2.768815266973661
    ]
}