{
    "name": "084 - Secretariat - Borderline",
    "nsdr": [
        6.323781608947106,
        6.221920840301734,
        8.356987520813774,
        0.905451808929647
    ],
    "sar": [
        5.120309680221508,
        7.018832996135994,
        2.504706660802143,
        5.46867677423979
    ],
    "sdr": [
        1.002092614107234,
        -1.5889371529284864,
        -2.750931922978865,
        2.090948576564891
    ],
    "sir": [
        4.295149229573683,
        -0.1580887429090286,
        0.7226963748387784,
        5.847734588114414
    ]
}