{
    "name": "041 - The Mountaineering Club - Mallory",
    "nsdr": [
        11.210155716318845,
        8.518432699803991,
        11.260875149656854,
        8.014532534945884
    ],
    "sar": [
        9.546990252016496,
        8.71875043104708,
        7.989559750345718,
        7.202970642674005
    ],
    "sdr": [
        6.182532791786248,
        6.016683141443098,
        5.03168046741796,
        2.3875863034450298
    ],
    "sir": [
        9.322509676172205,
        9.906111991708709,
        8.735391692200531,
        4.883567090505224
    ]
}