{
    "name": "002 - ANiMAL - Rockshow",
    "nsdr": [
        9.22910714333006,
        5.843775727698837,
        7.050296803894243,
        3.6060772090726676
    ],
    "sar": [
        5.9763790007847035,
        6.084888843314706,
        7.250128385069329,
        4.018930673545829
    ],
    "sdr": [
        2.3584718693939206,
        3.9238343584081257,
        3.511170835821495,
        -4.788368234712513
    ],
    "sir": [
        5.813813505662369,
        8.94715192209061,
        6.647160342822172,
        -2.7255222611932863
    ]
}