{
    "name": "053 - Actions - Devil's Words",
    "nsdr": [
        9.134371171291747,
        8.92708581136494,
        7.738268256090095,
        6.8081227341885375
    ],
    "sar": [
        9.531463904214188,
        7.894532248354929,
        5.506285646046365,
        5.658798510257956
    ],
    "sdr": [
        6.467366124627837,
        4.349500843996524,
        2.099224418379571,
        0.08543547072216023
    ],
    "sir": [
        9.883198798273135,
        7.537250964463011,
        5.82294659352608,
        2.5386692768441304
    ]
}