{
    "name": "038 - Spike Mullings - Mike's Sulking",
    "nsdr": [
        5.373912138259092,
        2.601870180352208,
        6.276220316085376,
        2.243482181615399
    ],
    "sar": [
        6.5256865086604865,
        5.263882328962508,
        4.6008948331708845,
        6.149629297518121
    ],
    "sdr": [
        -1.1681514337743644,
        -3.400446391713938,
        1.0618333373549913,
        0.009230297540390566
    ],
    "sir": [
        0.5140834798864673,
        -1.6341795547587292,
        4.893415489069843,
        2.163007020919941
    ]
}