{
    "name": "042 - The Wrong'Uns - Rothko",
    "nsdr": [
        10.212598518209385,
        6.835929022735543,
        7.838774045598937,
        4.170094308342143
    ],
    "sar": [
        8.937214377721885,
        6.588701307628071,
        6.736400962356565,
        4.2933266628621825
    ],
    "sdr": [
        6.494212210197398,
        -0.15136229742692708,
        4.0197490474950435,
        -0.7035521571657821
    ],
    "sir": [
        10.679243098636,
        1.7437251401281564,
        8.18006948588195,
        2.3226558833114095
    ]
}