{
    "name": "027 - M.E.R.C. Music - Knockout",
    "nsdr": [
        6.830798458953872,
        8.096315129804319,
        6.929849305671839,
        5.517850435711702
    ],
    "sar": [
        8.463111180059768,
        6.468325629811325,
        5.028962554943366,
        5.110630459243179
    ],
    "sdr": [
        4.576753621109825,
        0.16293490731203225,
        2.4647658522401614,
        0.20415832399771422
    ],
    "sir": [
        7.436800630961907,
        2.2045677321996977,
        7.158663694946812,
        3.065975976148507
    ]
}