{
    "name": "045 - Traffic Experiment - Sirens",
    "nsdr": [
        7.416394192288123,
        4.975328052590429,
        7.2364590796314845,
        2.3176531375704523
    ],
    "sar": [
        5.797177171346732,
        5.3292214197936305,
        5.547627288519436,
        5.252940761489172
    ],
    "sdr": [
        0.5620473278450634,
        -3.7454753999840076,
        1.5735590842955824,
        2.318818724494599
    ],
    "sir": [
        3.1230652578659672,
        -2.0553149907775707,
        4.863510095361528,
        6.540528294131808
    ]
}