{
    "name": "082 - Punkdisco - Oral Hygiene",
    "nsdr": [
        15.877859490767278,
        5.311968741050984,
        8.863308657451068,
        10.725293229525507
    ],
    "sar": [
        6.034209147265322,
        6.161861354446502,
        8.893072002268706,
        4.685210593588156
    ],
    "sdr": [
        3.255867490144758,
        4.443054648880896,
        7.418670328086099,
        -0.7756601558687328
    ],
    "sir": [
        7.47759892681173,
        10.240936829897539,
        13.35377709890289,
        1.9486183310198202
    ]
}