{
    "name": "099 - Young Griffo - Blood To Bone",
    "nsdr": [
        12.15126929842078,
        4.262246833760217,
        8.97893688085597,
        7.357181182436607
    ],
    "sar": [
        8.355627612536944,
        6.551826478843324,
        7.543594271525559,
        4.909907439822029
    ],
    "sdr": [
        4.758823156368358,
        4.131322610624805,
        4.979802757743512,
        -3.6961861688380413
    ],
    "sir": [
        7.844436781790172,
        8.692220661801384,
        9.19209906159693,
        -1.8369136093584928
    ]
}