{
    "name": "016 - Forkupines - Semantics",
    "nsdr": [
        13.79173837858132,
        6.564807889604326,
        4.043723854067299,
        7.464376653715319
    ],
    "sar": [
        7.114218522113065,
        4.0224253939671595,
        7.85502942260255,
        4.8253713359050385
    ],
    "sdr": [
        5.976283597507599,
        -2.9107809690670634,
        6.930269465840857,
        -2.063624214678776
    ],
    "sir": [
        13.12080936879305,
        -0.47841099761501243,
        14.761042165139521,
        0.16693203728635475
    ]
}