{
    "name": "045 - Traffic Experiment - Sirens",
    "nsdr": [
        4.868821617643509,
        4.915816561160759,
        7.655385843041527,
        1.7328351828147037
    ],
    "sar": [
        4.281311211304917,
        4.25557361936824,
        5.24633012150813,
        4.755688353728167
    ],
    "sdr": [
        -1.98552524679955,
        -3.8049868914136775,
        1.9924858477056255,
        1.7340007697388504
    ],
    "sir": [
        0.5619311991164234,
        -1.6827459368817603,
        5.9075683217457575,
        5.986216500396971
    ]
}