{
    "name": "076 - Little Chicago's Finest - My Own",
    "nsdr": [
        10.647010164609373,
        9.77434465935367,
        7.094771134890381,
        7.14223430387511
    ],
    "sar": [
        7.229074602833222,
        6.813370286305201,
        10.078418899120416,
        4.591621356416212
    ],
    "sdr": [
        6.2034391683829595,
        1.6402307745629263,
        8.432159943060533,
        -7.467802509885429
    ],
    "sir": [
        13.72690396731426,
        4.035021934656156,
        13.84903653623313,
        -5.893741308896471
    ]
}