{
    "name": "099 - Young Griffo - Blood To Bone",
    "nsdr": [
        10.654349690221814,
        4.791816679898008,
        9.779173182267483,
        8.442967585744885
    ],
    "sar": [
        6.808545251454889,
        7.412525538011469,
        7.286187138907732,
        5.129836070123442
    ],
    "sdr": [
        3.261903548169391,
        4.660892456762596,
        5.780039059155024,
        -2.6103997655297633
    ],
    "sir": [
        6.617411532308994,
        8.670385579292423,
        11.854319530150526,
        -0.6478153019577964
    ]
}