{
    "name": "078 - Moosmusic - Big Dummy Shake",
    "nsdr": [
        9.722951067485777,
        6.434579173644242,
        7.3049917897729575,
        5.750819198158601
    ],
    "sar": [
        7.304342655948261,
        5.263046628148002,
        7.264016742494846,
        5.764034062344736
    ],
    "sdr": [
        4.965162835720686,
        0.14569059121166625,
        4.382743370618247,
        0.26593273905473885
    ],
    "sir": [
        9.51051913071641,
        2.87490739277753,
        8.273300349918692,
        2.726095845737711
    ]
}