{
    "name": "055 - Angels In Amplifiers - I'm Alright",
    "nsdr": [
        7.1198073553591,
        9.298702138561078,
        9.658163448032557,
        5.749586917559164
    ],
    "sar": [
        8.040739744828153,
        7.638726776455953,
        5.951713584176858,
        5.916653841284232
    ],
    "sdr": [
        4.910206573350536,
        2.806528658536772,
        3.396696273581636,
        0.8838823275698291
    ],
    "sir": [
        8.436881842144068,
        5.227422160750301,
        7.898622916005092,
        3.5097842532958614
    ]
}