{
    "name": "056 - Arise - Run Run Run",
    "nsdr": [
        9.262833734442335,
        5.987634482742678,
        9.486188468694285,
        2.5865258039046997
    ],
    "sar": [
        5.2888192699620715,
        7.443978664761442,
        3.26379545755655,
        4.888550817642308
    ],
    "sdr": [
        2.08562394409549,
        3.4741917513702605,
        -0.3635409467335057,
        0.19684818784619917
    ],
    "sir": [
        6.036886511999841,
        6.418422929572012,
        3.784630073475095,
        3.2184170248971267
    ]
}