{
    "name": "043 - Timboz - Pony",
    "nsdr": [
        1.6014934114440216,
        2.705014854184318,
        4.5046334402585195,
        -1.6491892747054635
    ],
    "sar": [
        0.46868005692659276,
        5.929389207634024,
        3.2254986174895324,
        6.265855647578347
    ],
    "sdr": [
        -9.11684861997669,
        -7.384795518548506,
        -1.5080882555420496,
        0.5395747902174307
    ],
    "sir": [
        -5.828402173192504,
        -6.189955197852831,
        1.9621180436635046,
        2.812818763757629
    ]
}