{
    "name": "012 - Dark Ride - Burning Bridges",
    "nsdr": [
        9.025005697641419,
        -0.49849158106645053,
        0.29223524108932886,
        3.13870535352477
    ],
    "sar": [
        3.937816872625227,
        6.976185246738904,
        1.9794869054254645,
        4.290729097417299
    ],
    "sdr": [
        1.1685797920728414,
        -4.380530545055164,
        0.4877373085179728,
        -8.812983379216378
    ],
    "sir": [
        5.907315648968656,
        -3.2564671819929814,
        7.9855402419039585,
        -7.220497638459721
    ]
}