{
    "name": "067 - Georgia Wonder - Siren",
    "nsdr": [
        10.137017900735328,
        8.61474705087579,
        7.148695974704921,
        5.594016701610575
    ],
    "sar": [
        6.395097957723904,
        8.578499728819837,
        7.548505807537298,
        6.161890020293741
    ],
    "sdr": [
        3.546732816480091,
        3.7153709094758587,
        5.0141686412613655,
        -0.7871833191632461
    ],
    "sir": [
        7.6219797973691525,
        5.995227549866842,
        9.262618477198,
        1.1333405959550393
    ]
}