{
    "name": "023 - Jokers, Jacks & Kings - Sea Of Leaves",
    "nsdr": [
        7.393827659827995,
        7.200484082502725,
        10.154313999400632,
        5.121511215285049
    ],
    "sar": [
        7.438474362456166,
        3.9318162449455896,
        8.13461799958273,
        6.54877112799081
    ],
    "sdr": [
        2.9459164514293064,
        -0.49491032983721867,
        6.209265720096127,
        1.4360338898024227
    ],
    "sir": [
        5.573324816755609,
        2.923994333676412,
        11.289924049603208,
        3.9042345215844776
    ]
}