{
    "name": "093 - Tim Taler - Stalker",
    "nsdr": [
        0.11536546733345543,
        4.500609860508416,
        3.9534761524722084,
        2.956723038248005
    ],
    "sar": [
        2.869400604354534,
        4.281514897849102,
        1.863869210152819,
        4.692811661256891
    ],
    "sdr": [
        -1.5370493759382589,
        -2.5481802889176732,
        -4.212252658776557,
        -0.9476287239053788
    ],
    "sir": [
        2.226804732166379,
        -0.16105570382104178,
        -0.8036187170165342,
        1.7053719580042226
    ]
}