{
    "name": "058 - Ben Carrigan - We'll Talk About It All Tonight",
    "nsdr": [
        8.465912875920743,
        6.88578873587146,
        6.0664569597553015,
        3.6836324703937744
    ],
    "sar": [
        3.9472577524883805,
        8.505689064924944,
        5.648824626022852,
        5.166674883052239
    ],
    "sdr": [
        1.2171869217313196,
        4.30756727745909,
        3.3216665216941577,
        -3.6845014214675698
    ],
    "sir": [
        5.997540882189502,
        6.959248206525849,
        8.18903997018107,
        -1.924442832005423
    ]
}