{
    "name": "062 - Cristina Vane - So Easy",
    "nsdr": [
        12.31445581037589,
        8.5428444685406,
        9.192949961770115,
        6.704190537429804
    ],
    "sar": [
        9.259249752633888,
        5.135821423977811,
        11.52925088868436,
        3.822358011626407
    ],
    "sdr": [
        7.281433215202324,
        0.7101243384793796,
        9.84371145958034,
        -3.769212738618771
    ],
    "sir": [
        12.135597294117105,
        3.8157458471279897,
        15.064845804008515,
        -1.431662359965108
    ]
}