{
    "name": "087 - Skelpolu - Together Alone",
    "nsdr": [
        -0.026930074261205306,
        9.481066668430614,
        6.498612642880398,
        7.16145442096765
    ],
    "sar": [
        -2.1523381738615277,
        6.206678110633977,
        10.480796119956894,
        5.986039625052695
    ],
    "sdr": [
        -31.52141213515824,
        2.4723054774119975,
        9.350621487234672,
        1.6530710745891053
    ],
    "sir": [
        -27.29792500941537,
        5.7946951110093075,
        16.122201101728503,
        4.6269226683383256
    ]
}