{
    "name": "022 - Johnny Lokke - Promises & Lies",
    "nsdr": [
        9.074803178081304,
        6.1525504260169015,
        8.092517055323984,
        3.660256954364335
    ],
    "sar": [
        7.830928219086426,
        6.45391051180647,
        7.610767005276707,
        5.7631303712342845
    ],
    "sdr": [
        4.148816949161396,
        -2.182596682503391,
        4.62917102168336,
        0.43285215316497455
    ],
    "sir": [
        7.239883542756681,
        -0.6574659882207389,
        8.36264089771621,
        2.96092105150352
    ]
}