{
    "name": "079 - Mu - Too Bright",
    "nsdr": [
        9.01676984455423,
        9.726671749680321,
        11.001294521662452,
        5.982773033932957
    ],
    "sar": [
        7.4364325686966115,
        5.854053257331069,
        11.803210751896456,
        3.786800443231252
    ],
    "sdr": [
        5.40670725265111,
        0.5228225051499962,
        10.032484734420905,
        -1.204180592163447
    ],
    "sir": [
        10.40606213463898,
        3.0315912591531595,
        15.061792338171836,
        1.9680680666371464
    ]
}