{
    "name": "069 - Hollow Ground - Left Blind",
    "nsdr": [
        8.926243483809014,
        5.186014130295083,
        3.1804929948447453,
        3.862423159009416
    ],
    "sar": [
        2.1795221539892857,
        8.011677936846223,
        3.7321347122146973,
        6.4937468551643915
    ],
    "sdr": [
        -2.4970159667892395,
        2.7548394502809996,
        -0.7829039815404379,
        -0.10994745184612942
    ],
    "sir": [
        1.3678720343406725,
        4.929216993450152,
        2.6453700668336615,
        1.8397685814911755
    ]
}