{
    "name": "096 - Triviul - Angelsaint",
    "nsdr": [
        5.763506672606605,
        9.1115374948158,
        12.586026682876678,
        4.090583603985348
    ],
    "sar": [
        6.294800671013929,
        8.026633445646025,
        5.621705269375489,
        5.154925780955032
    ],
    "sdr": [
        3.58599501032695,
        5.3504918790613445,
        3.723413313957838,
        -1.6067097651059572
    ],
    "sir": [
        7.83591881622155,
        9.358106963751144,
        9.28411873966339,
        0.5779185874250327
    ]
}