{
    "name": "038 - Spike Mullings - Mike's Sulking",
    "nsdr": [
        4.914360549066045,
        3.4758397845197173,
        6.201224745073026,
        1.4490426628649842
    ],
    "sar": [
        4.311070967070326,
        5.952705936864868,
        3.612971715930353,
        6.16347692902004
    ],
    "sdr": [
        -1.6277030229674108,
        -2.5264767875464287,
        0.9868377663426414,
        -0.7852092212100242
    ],
    "sir": [
        1.0183793171400706,
        -0.8789274217597514,
        5.987779593872473,
        1.1351034801010795
    ]
}