{
    "name": "090 - The Doppler Shift - Atrophy",
    "nsdr": [
        12.38278864988414,
        3.651392587341819,
        4.297315363240507,
        9.899361969225017
    ],
    "sar": [
        6.364983684021885,
        3.0492012511015814,
        9.995064217664618,
        5.6323103488836646
    ],
    "sdr": [
        4.898764266489902,
        -6.395778504130359,
        7.329251553572859,
        0.22120664664993045
    ],
    "sir": [
        11.22949505629272,
        -4.123933258106021,
        11.128112276612583,
        2.743959354099632
    ]
}