{
    "name": "047 - Voelund - Comfort Lives In Belief",
    "nsdr": [
        2.820948956987444,
        4.154174557305397,
        7.882648315646436,
        2.2222857484723693
    ],
    "sar": [
        3.7214869010436624,
        3.9643297872750995,
        3.5616925942909408,
        5.491562417587851
    ],
    "sdr": [
        -0.3280379829793706,
        -2.2555842696815107,
        0.13774758355639324,
        -0.23370630123700564
    ],
    "sir": [
        3.3808668146781784,
        0.39493871966990246,
        4.355177242491786,
        2.198951909120033
    ]
}