{
    "name": "073 - Johnny Lokke - Whisper To A Scream",
    "nsdr": [
        10.59823505716092,
        7.082895631927499,
        7.595352211989237,
        6.145458241716049
    ],
    "sar": [
        6.317941553873446,
        6.688086285449401,
        7.989045402152174,
        5.6588247070944
    ],
    "sdr": [
        4.20002951530515,
        1.782560006977569,
        5.715344276947145,
        0.08805556825331115
    ],
    "sir": [
        9.24603771756435,
        4.321400600589471,
        10.25363881903987,
        2.542278560827321
    ]
}