{
    "name": "007 - BKS - Too Much",
    "nsdr": [
        9.443105799855655,
        8.148572498126923,
        7.779720284424624,
        6.338460125600207
    ],
    "sar": [
        8.475345994673091,
        8.496271669572776,
        5.114420225874824,
        2.9149779327345167
    ],
    "sdr": [
        7.295135165291796,
        4.978908863037154,
        2.6393836382200275,
        -5.1895099044088795
    ],
    "sir": [
        14.107013584889224,
        8.109490942269158,
        7.426409977085076,
        -2.666587497460759
    ]
}