{
    "name": "025 - Leaf - Wicked",
    "nsdr": [
        13.800817061686192,
        9.444578662392605,
        8.116370418373753,
        8.521736960520254
    ],
    "sar": [
        7.554857676802134,
        8.551233117698796,
        8.912435529964505,
        3.8723132923312624
    ],
    "sdr": [
        5.148227734799998,
        6.8849005918863,
        7.47332245530152,
        -2.6108392265047096
    ],
    "sir": [
        9.562446806464694,
        12.419199963355743,
        13.494769867790517,
        -0.013153352924401125
    ]
}