{
    "name": "081 - Patrick Talbot - Set Me Free",
    "nsdr": [
        6.081991273554559,
        5.579310637731215,
        9.618968348894679,
        6.247871437117416
    ],
    "sar": [
        6.327119740554325,
        5.835207264385387,
        4.817284150729253,
        6.710185179695642
    ],
    "sdr": [
        1.2794959810537327,
        2.200589816797409,
        2.129897262365382,
        2.2083408554827884
    ],
    "sir": [
        3.8180344019660244,
        5.671961037581998,
        6.72697775683829,
        4.95013895942232
    ]
}