{
    "name": "015 - Fergessen - The Wind",
    "nsdr": [
        5.8577233403045685,
        5.731890453452186,
        7.708529029321163,
        3.5465625629602866
    ],
    "sar": [
        7.301468689566109,
        4.824222764192022,
        3.2097499982657918,
        5.339660028090449
    ],
    "sdr": [
        4.114381976002872,
        -3.211820370016074,
        1.1810460006267491,
        0.1091038301166544
    ],
    "sir": [
        7.696191552281729,
        -1.232976329099331,
        7.157081678043649,
        2.771463237197504
    ]
}