{
    "name": "010 - Carlos Gonzalez - A Place For Us",
    "nsdr": [
        4.336592924061467,
        6.970270664636764,
        8.043652002002574,
        4.026591053570976
    ],
    "sar": [
        8.246371762376763,
        3.6322096667007915,
        7.538463310254777,
        4.414392147405646
    ],
    "sdr": [
        2.3035474248109384,
        -1.1494636189421439,
        3.1479601754381408,
        -0.73282488420593
    ],
    "sir": [
        4.185201576724706,
        2.169569854771472,
        5.817554194681951,
        2.193006322558885
    ]
}