{
    "name": "011 - Cnoc An Tursa - Bannockburn",
    "nsdr": [
        3.290428787521291,
        2.184273554260395,
        1.1257107033850446,
        3.430502780639003
    ],
    "sar": [
        1.3521201752907541,
        4.985878524679198,
        4.310686779534187,
        5.552747832840808
    ],
    "sdr": [
        -6.388064464809515,
        -5.764182904058847,
        1.4823820045507428,
        -1.3853627143409921
    ],
    "sir": [
        -3.201289659161489,
        -4.185774366782499,
        6.0518160003470705,
        0.6635206633839924
    ]
}