{
    "name": "021 - James May - On The Line",
    "nsdr": [
        9.450752615762735,
        5.186024191920327,
        3.8124117147876087,
        3.761533510771422
    ],
    "sar": [
        7.831800616300335,
        7.154616294269365,
        0.38475324250104614,
        4.0893210610125745
    ],
    "sdr": [
        4.588781374962849,
        2.6681471618987667,
        -3.923812946630842,
        -1.0711005181037305
    ],
    "sir": [
        8.040520185669118,
        5.343510509134236,
        0.9105041914320146,
        1.9377086593019819
    ]
}