{
    "name": "092 - The Sunshine Garcia Band - For I Am The Moon",
    "nsdr": [
        9.531698500868835,
        5.106994736952206,
        6.796932600363153,
        5.621033025517985
    ],
    "sar": [
        7.47421996339802,
        8.47156032100062,
        6.505887821694306,
        4.355459248680163
    ],
    "sdr": [
        5.230791840517352,
        1.5035270517212829,
        4.184157157739145,
        -4.281101986295738
    ],
    "sir": [
        9.887768108809091,
        3.0554131139386076,
        8.88943744594834,
        -2.2846915162633676
    ]
}