{
    "name": "077 - Lyndsey Ollard - Catching Up",
    "nsdr": [
        -4.010888198506228,
        13.120675992399383,
        1.8390805765363112,
        6.454794116853305
    ],
    "sar": [
        2.364153416087566,
        5.368307316249583,
        -0.27094773286560037,
        4.147569808339837
    ],
    "sdr": [
        0.8638650007425157,
        -1.357757430292028,
        -27.53051702261903,
        0.8762708936203336
    ],
    "sir": [
        8.19567719522933,
        0.7874624512254413,
        -24.374460296394993,
        5.054264620529024
    ]
}