{
    "name": "053 - Actions - Devil's Words",
    "nsdr": [
        8.25557716574443,
        9.31368832829114,
        7.520308567237264,
        5.873592635892514
    ],
    "sar": [
        8.116046186176922,
        9.258379099792867,
        4.629750203984067,
        5.506077020552755
    ],
    "sdr": [
        5.588572119080519,
        4.7361033609227245,
        1.8812647295267413,
        -0.8490946275738636
    ],
    "sir": [
        9.76539523242588,
        7.113878339835862,
        6.4553682455360395,
        1.3712583379573857
    ]
}