{
    "name": "049 - Young Griffo - Facade",
    "nsdr": [
        5.997718778608013,
        7.473062793789396,
        8.099995468424117,
        4.525142245235855
    ],
    "sar": [
        5.787863805538701,
        8.004186487905729,
        4.6334281076649635,
        5.612189123079531
    ],
    "sdr": [
        0.7957460129151401,
        3.587037424823689,
        1.3868357917550056,
        1.0903927407184038
    ],
    "sir": [
        3.4669373990980406,
        6.174777512148971,
        5.457284425479646,
        4.035511754619849
    ]
}