{
    "name": "082 - Punkdisco - Oral Hygiene",
    "nsdr": [
        14.742637404971303,
        6.8207070462611945,
        8.950628478412362,
        9.596843829295398
    ],
    "sar": [
        4.55663119254628,
        9.223851945079813,
        8.936041210675887,
        4.458094525056373
    ],
    "sdr": [
        2.1206454043487817,
        5.951792954091106,
        7.505990149047394,
        -1.9041095560988421
    ],
    "sir": [
        7.096985586265903,
        9.205722437447507,
        13.547908630452186,
        0.5669392685578686
    ]
}