{
    "name": "028 - Motor Tapes - Shore",
    "nsdr": [
        1.9269202364506368,
        8.899570152396029,
        12.871192087995661,
        3.7835561887758513
    ],
    "sar": [
        5.509576845560353,
        5.425575142943608,
        2.3239395475471145,
        6.6922687834517465
    ],
    "sdr": [
        0.7609502920522124,
        1.3785159564455491,
        -0.8752931460903729,
        1.6727224761585968
    ],
    "sir": [
        3.609428640073368,
        4.647281943620297,
        3.955906522039122,
        4.1574183737709625
    ]
}