{
    "name": "075 - Leaf - Summerghost",
    "nsdr": [
        9.234314250005536,
        9.619052986208885,
        13.38635053664947,
        5.595725477667875
    ],
    "sar": [
        8.198065160602352,
        10.785370783322637,
        8.707697734956906,
        5.296737713713605
    ],
    "sdr": [
        5.070179281565594,
        7.849656753296533,
        7.4374592819743635,
        -3.0569411138127296
    ],
    "sir": [
        8.57834438455235,
        11.28396291066736,
        13.944747443340134,
        -1.247195423317982
    ]
}