{
    "name": "019 - James Elder & Mark M Thompson - The English Actor",
    "nsdr": [
        5.300612103425285,
        8.767058958374829,
        11.002806935212899,
        6.760445513060327
    ],
    "sar": [
        8.733021467655474,
        1.479884648267467,
        7.93762759243601,
        3.8985835421235784
    ],
    "sdr": [
        6.956754267776408,
        -12.492314651686883,
        6.516404368597413,
        -0.970646433045449
    ],
    "sir": [
        12.24306937720746,
        -9.981636734746186,
        12.706380898781607,
        2.2265993864226656
    ]
}