{
    "name": "086 - Skelpolu - Human Mistakes",
    "nsdr": [
        5.091918278589038,
        3.8292744804553815,
        7.420727500286475,
        9.985163534820996
    ],
    "sar": [
        0.7154966329086575,
        9.58967093879705,
        4.43704376280336,
        5.879174773801914
    ],
    "sdr": [
        -15.326809066787586,
        6.666514858259723,
        1.428157943305584,
        2.521752488894223
    ],
    "sir": [
        -12.5501406658445,
        10.218616537375123,
        5.775243377563195,
        6.2083891360175425
    ]
}