{
    "name": "004 - Al James - Schoolboy Facination",
    "nsdr": [
        4.637417571037993,
        7.248873328009601,
        5.647668786541184,
        2.5705935940411875
    ],
    "sar": [
        5.76787959018112,
        6.967446756982656,
        2.636573135912786,
        5.066283541151961
    ],
    "sdr": [
        2.972233226576611,
        3.5347928212709356,
        -1.0864394886913151,
        -5.670498399559242
    ],
    "sir": [
        7.229184747282712,
        6.9557263015278625,
        3.2008826914131006,
        -4.110097525344986
    ]
}