{
    "name": "057 - BKS - Bulldozer",
    "nsdr": [
        8.794634718516832,
        7.059460565405115,
        7.39777069712467,
        6.981729411222495
    ],
    "sar": [
        2.535287891862103,
        6.4739649102538745,
        9.778639723993225,
        4.350085826492269
    ],
    "sdr": [
        -2.66648962972732,
        3.8658921403184534,
        8.19752043099716,
        -5.226504275669233
    ],
    "sir": [
        0.8192481360409047,
        8.201644524355045,
        13.786841852420189,
        -3.360671977021013
    ]
}