{
    "name": "006 - Atlantis Bound - It Was My Fault For Waiting",
    "nsdr": [
        8.214997490265539,
        8.523838980594387,
        6.869481835118685,
        5.595189835905455
    ],
    "sar": [
        5.0785435961738905,
        5.538051332506555,
        8.296828688730743,
        4.6253350612675135
    ],
    "sdr": [
        1.490877843772832,
        1.3179179431537735,
        6.928489473319571,
        -1.5942774691360406
    ],
    "sir": [
        5.166209181272158,
        4.453018807641067,
        13.210106078243246,
        0.87706728972924
    ]
}