{
    "name": "026 - Louis Cressy Band - Good Time",
    "nsdr": [
        6.930590069648887,
        8.543040506607337,
        8.291450155393724,
        5.706672098628219
    ],
    "sar": [
        5.432368708573049,
        7.7738412122793825,
        8.332740642751205,
        5.048921751628784
    ],
    "sdr": [
        2.4181851055541745,
        2.4645853276745657,
        6.002699424635134,
        -0.9270416799616514
    ],
    "sir": [
        6.517898007291192,
        4.650134324119125,
        10.414840896292674,
        1.5189341244549948
    ]
}