{
    "name": "050 - Zeno - Signs",
    "nsdr": [
        7.791847653454916,
        6.013805358124422,
        6.270811888043985,
        4.406525362266408
    ],
    "sar": [
        5.723156258578303,
        4.265043512594756,
        7.693320899849983,
        5.497550944001574
    ],
    "sdr": [
        1.357256727730077,
        -2.7858315692137054,
        5.458637428258546,
        -0.3160227502641383
    ],
    "sir": [
        4.3661950390062,
        -0.45032463994222605,
        10.096033114611897,
        2.083497084866109
    ]
}