{
    "name": "037 - Speak Softly - Broken Man",
    "nsdr": [
        9.019353405872607,
        5.385461978984224,
        6.261198771181017,
        7.457288374358765
    ],
    "sar": [
        5.769316457335451,
        8.514083865765603,
        4.96940017673581,
        9.27589071873652
    ],
    "sdr": [
        -1.113613226968271,
        6.373382378967062,
        -0.7290565504976915,
        1.489301588986667
    ],
    "sir": [
        0.9031281754212543,
        11.044219331684486,
        1.8339319905777396,
        2.7650760284118987
    ]
}