{
    "name": "032 - Raft Monk - Tiring",
    "nsdr": [
        5.012125961577039,
        4.374234565323068,
        6.644183644397309,
        2.506009135171019
    ],
    "sar": [
        2.2245118363386926,
        6.51483265903974,
        4.21645082858322,
        5.906573409411681
    ],
    "sdr": [
        -2.3058620736157733,
        1.7057321254359001,
        1.6262304432781676,
        -2.020702117929857
    ],
    "sir": [
        1.6196124345976717,
        4.322474927114074,
        6.496498658833042,
        -0.2653180569257989
    ]
}