{
    "name": "018 - Hollow Ground - Ill Fate",
    "nsdr": [
        5.242002939119953,
        2.2411032000518896,
        4.951948136439591,
        -1.7899017684398675
    ],
    "sar": [
        0.3214158040365206,
        6.2676907689949335,
        1.9906131175698196,
        4.487339514826095
    ],
    "sdr": [
        -4.58596853505961,
        -2.251332766642995,
        -2.0882292769102113,
        -1.6719151658551556
    ],
    "sir": [
        -0.039008670014598165,
        -0.6723086349130157,
        2.193266093927101,
        0.8543345555745672
    ]
}