{
    "name": "084 - Secretariat - Borderline",
    "nsdr": [
        4.582123842308664,
        6.303826209709305,
        9.017147557211361,
        0.7977263397768897
    ],
    "sar": [
        3.5958053066633293,
        7.2752087888682615,
        0.8965250538871843,
        6.9310685467373565
    ],
    "sdr": [
        -0.7395651525312086,
        -1.5070317835209157,
        -2.0907718865812783,
        1.9832231074121336
    ],
    "sir": [
        2.8312291270525773,
        -0.14488602226797845,
        3.5277840343478175,
        4.460081655378658
    ]
}