{
    "name": "054 - Actions - South Of The Water",
    "nsdr": [
        8.525294041287017,
        7.983594934617225,
        6.771166279385536,
        5.796336414614428
    ],
    "sar": [
        5.463424729303177,
        11.43657553611202,
        3.033728808546488,
        7.793944502987933
    ],
    "sdr": [
        0.7383694489096586,
        6.63397949374561,
        -0.10965966051326949,
        1.4176856290774045
    ],
    "sir": [
        3.6089466397609495,
        8.680568575345042,
        4.524626282020529,
        3.2224047545577377
    ]
}