{
    "name": "040 - The Long Wait - Back Home To Blue",
    "nsdr": [
        11.571104282995215,
        7.801994428092674,
        10.53634317134954,
        8.171920083078945
    ],
    "sar": [
        10.02384030603038,
        10.708464691441764,
        4.305798690602012,
        5.840647680193123
    ],
    "sdr": [
        6.2513408323360995,
        8.747019095522571,
        0.8227778499292167,
        -0.4711338993406897
    ],
    "sir": [
        9.025214256659211,
        13.497063307052503,
        4.777297589633242,
        1.6910675031461884
    ]
}