{
    "name": "034 - Secretariat - Over The Top",
    "nsdr": [
        9.66182382588012,
        6.167558277510972,
        6.41235709313745,
        5.283565848117637
    ],
    "sar": [
        5.483689717992917,
        9.126335675667288,
        3.369317080767367,
        4.608699103325739
    ],
    "sdr": [
        2.9388747072414407,
        5.539743015635603,
        1.0118185560797808,
        -2.568499965492073
    ],
    "sir": [
        7.552531560766628,
        8.5423648843096,
        6.435211814660176,
        -0.3544471145305653
    ]
}