{
    "name": "074 - Juliet's Rescue - Heartbeats",
    "nsdr": [
        11.500075039940079,
        5.642532696422929,
        7.053043610456875,
        6.946285464084548
    ],
    "sar": [
        4.538995205910237,
        2.995676086780828,
        10.832338701613482,
        7.373430510051203
    ],
    "sdr": [
        3.237296740123509,
        -8.75989174951761,
        9.215122017988113,
        1.4499459252658078
    ],
    "sir": [
        10.413256978031189,
        -6.69408480848754,
        14.633345001781278,
        3.462359684756246
    ]
}