{
    "name": "024 - Leaf - Come Around",
    "nsdr": [
        7.728493075360349,
        -0.5732837942166817,
        12.132587774829265,
        7.553082267372034
    ],
    "sar": [
        5.093254064427002,
        9.136003121426556,
        -1.8432629690787499,
        5.026607349148728
    ],
    "sdr": [
        -3.2921074821264846,
        8.593512622506204,
        -5.956368719159326,
        -6.600393290663144
    ],
    "sir": [
        -1.4405180918362652,
        18.39582839109589,
        0.20421259022427699,
        -5.104103197410797
    ]
}