{
    "name": "033 - Sambasevam Shanmugam - Kaathaadi",
    "nsdr": [
        6.61477580369184,
        5.191741588436686,
        5.133325695379446,
        6.619408164887263
    ],
    "sar": [
        6.3113485796858635,
        6.374364134062038,
        4.0656351769869294,
        4.267984065583463
    ],
    "sdr": [
        4.019051512198335,
        4.224379883737922,
        -2.465632625987024,
        -6.006499296522767
    ],
    "sir": [
        8.802524029895057,
        9.209219582924112,
        0.06287304085291548,
        -4.197612843579409
    ]
}