{
    "name": "059 - Black Bloc - If You Want Success",
    "nsdr": [
        6.462904435304829,
        8.684113892287414,
        7.457357320828226,
        4.749017249077717
    ],
    "sar": [
        5.915854976716572,
        4.136977178536342,
        10.037809143955252,
        3.6789046017862286
    ],
    "sdr": [
        0.9028545599293635,
        -2.0683492848622915,
        8.687144735391119,
        -3.156083669581495
    ],
    "sir": [
        3.537992905189112,
        0.5380070218888808,
        14.82786033488891,
        -0.5981502407416033
    ]
}