{
    "name": "091 - The Long Wait - Dark Horses",
    "nsdr": [
        8.364376771217772,
        5.99655053412536,
        7.925009807392099,
        4.058047461824296
    ],
    "sar": [
        5.388333168726687,
        6.998107581397903,
        6.009994581838429,
        6.468331334667001
    ],
    "sdr": [
        0.3247040883709492,
        2.220260168012347,
        2.7449267336027026,
        0.906592745394682
    ],
    "sir": [
        3.0496069964612627,
        4.768271456667636,
        6.485802847431827,
        3.203549698455807
    ]
}