{
    "name": "014 - Fergessen - Back From The Start",
    "nsdr": [
        4.694014173866813,
        4.217851100135025,
        0.17405823539933363,
        1.4153655318608127
    ],
    "sar": [
        4.565772534723185,
        4.603035560646644,
        3.347474192133539,
        6.133153944283762
    ],
    "sdr": [
        0.0859969967481184,
        -2.402795677021391,
        0.6959881048277637,
        -14.57553191163716
    ],
    "sir": [
        3.3019716410115576,
        -0.1456729091605933,
        5.748843031379353,
        -13.591662261198806
    ]
}