{
    "name": "080 - North To Alaska - All The Same",
    "nsdr": [
        8.103199872514832,
        8.137291922905034,
        8.790196554963565,
        5.4858897687439905
    ],
    "sar": [
        6.36501208397924,
        5.753536908031466,
        6.7757786740476975,
        8.508404530066636
    ],
    "sdr": [
        0.9559483615322035,
        1.553064309807565,
        3.172147578492097,
        4.344529532782816
    ],
    "sir": [
        3.3323082885337136,
        4.654027141636991,
        6.488725375238128,
        7.017030903928205
    ]
}