{
    "name": "094 - Titanium - Haunted Age",
    "nsdr": [
        5.935487521182111,
        4.428617908221346,
        4.827941898819957,
        0.3678189103628996
    ],
    "sar": [
        3.169337572587889,
        5.204680340600239,
        3.6205033780126166,
        6.929175286685158
    ],
    "sdr": [
        -0.226353632404175,
        -3.035812765288655,
        -1.0774838755718106,
        -0.6114565254540912
    ],
    "sir": [
        4.1385289492180135,
        -1.1852414475444537,
        2.287393627850131,
        1.0321365256760213
    ]
}