{
    "name": "039 - Swinging Steaks - Lost My Way",
    "nsdr": [
        8.213610007162956,
        5.871455767189342,
        7.964808438114627,
        3.0899457845836515
    ],
    "sar": [
        8.287965964174148,
        9.968705789656031,
        0.9926080573884931,
        5.085906799796767
    ],
    "sdr": [
        6.15107453826683,
        3.2777491912716354,
        -4.225424156056185,
        -3.155737728643505
    ],
    "sir": [
        10.856451290878443,
        4.741641447339305,
        -0.12949421219219107,
        -1.2775524213649843
    ]
}