{
    "name": "048 - We Fell From The Sky - Not You",
    "nsdr": [
        6.213792180854605,
        8.070366303216469,
        8.252865257233733,
        4.855776748842169
    ],
    "sar": [
        4.349432791836527,
        3.9041741615888874,
        11.081982985841616,
        6.857745313830903
    ],
    "sdr": [
        -0.22237401255060818,
        -4.478426144597641,
        7.589649645719629,
        1.2726725626729196
    ],
    "sir": [
        3.0005176512518017,
        -2.314549386691688,
        10.492088961654558,
        3.4915991245257985
    ]
}