{
    "name": "016 - Forkupines - Semantics",
    "nsdr": [
        10.138344899845812,
        5.76173021644532,
        3.6188115122695854,
        6.40651194456243
    ],
    "sar": [
        3.887517737870459,
        3.595193383232673,
        7.8505383365028445,
        3.7231172284903225
    ],
    "sdr": [
        2.3228901187720914,
        -3.7138586422260698,
        6.505357124043144,
        -3.1214889238316648
    ],
    "sir": [
        9.003206945184495,
        -1.2464922731673762,
        12.910310096382815,
        -0.5792848880819355
    ]
}