{
    "name": "027 - M.E.R.C. Music - Knockout",
    "nsdr": [
        6.072969181307398,
        7.47888642917916,
        6.295259281342131,
        4.430970788340119
    ],
    "sar": [
        7.5969552083685965,
        6.903708642039065,
        4.266495435925019,
        5.11767167946227
    ],
    "sdr": [
        3.818924343463351,
        -0.4544937933131277,
        1.8301758279104539,
        -0.8827213233738695
    ],
    "sir": [
        6.873357916230009,
        1.2334302572537719,
        6.883208747396871,
        1.538751740818922
    ]
}