{
    "name": "013 - Drumtracks - Ghost Bitch",
    "nsdr": [
        10.122576387369286,
        1.773352215957917,
        2.9320120580841484,
        5.3201440014597
    ],
    "sar": [
        8.059504169881881,
        3.5371961139523562,
        6.81197504411819,
        4.98482347182903
    ],
    "sdr": [
        5.398076862902071,
        0.25852399527845604,
        -4.379682881433396,
        -0.22638529273180916
    ],
    "sir": [
        9.418569782507218,
        4.608359783684389,
        -3.214442670326394,
        2.5271513980569567
    ]
}