{
    "name": "063 - Detsky Sad - Walkie Talkie",
    "nsdr": [
        8.80046074663111,
        4.237593866383791,
        5.329571154935865,
        5.236204076159926
    ],
    "sar": [
        6.913529351438856,
        2.7098275064690136,
        7.387551609629104,
        5.05195672594263
    ],
    "sdr": [
        3.7664829312070705,
        -7.365816544261938,
        6.108979499983162,
        -2.3336140070407936
    ],
    "sir": [
        7.4488117652319605,
        -5.053168417270694,
        12.771167452235883,
        -0.2772052250256842
    ]
}