{
    "name": "005 - Angela Thomas Wade - Milk Cow Blues",
    "nsdr": [
        6.031221229294028,
        7.01034474281431,
        7.656037826062207,
        4.55293408848206
    ],
    "sar": [
        6.902790616183967,
        5.875980918722334,
        5.251054548096312,
        4.696817170066454
    ],
    "sdr": [
        2.7282973033438007,
        0.19165296181635497,
        2.2318641637628693,
        0.6196045367503755
    ],
    "sir": [
        5.627846118906781,
        2.5575888102386806,
        6.367596941604329,
        4.042192507042314
    ]
}