{
    "name": "009 - Bobby Nobody - Stitch Up",
    "nsdr": [
        7.208302093644748,
        5.369828991483818,
        9.387500711521271,
        2.1697190410672684
    ],
    "sar": [
        5.683849626192508,
        8.59061775574654,
        4.340170493232199,
        4.859884145377336
    ],
    "sdr": [
        3.4203527798743885,
        1.1842921239866229,
        1.3446290147848,
        -1.831722255822631
    ],
    "sir": [
        8.371673096772948,
        2.617902754931072,
        5.730962302076291,
        0.4426003453051499
    ]
}