{
    "name": "001 - ANiMAL - Clinic A",
    "nsdr": [
        6.8217965491884724,
        4.964581490767861,
        4.105247446763257,
        4.145948524065437
    ],
    "sar": [
        5.497233187207096,
        8.358065949239142,
        3.6730938819482004,
        3.7103924062634364
    ],
    "sdr": [
        0.08488511446600384,
        6.045795759002283,
        -5.704016038474818,
        -2.6215522951208654
    ],
    "sir": [
        2.6364912816513355,
        10.479856088442308,
        -3.6203539718123134,
        0.06867834955428127
    ]
}