{
    "name": "061 - Chris Durban - Celebrate",
    "nsdr": [
        12.358968212086312,
        6.115178657641963,
        6.280230516965762,
        3.9557980053351867
    ],
    "sar": [
        2.265008907322673,
        10.425609387627619,
        5.783431991495923,
        3.7454772491123487
    ],
    "sdr": [
        -1.2614985022965433,
        5.835141368579972,
        3.5057469494736067,
        -3.321128058003659
    ],
    "sir": [
        3.3112970407695492,
        8.066240893374415,
        8.415417886628921,
        -0.8416323635515821
    ]
}