{
    "name": "098 - Wall Of Death - Femme",
    "nsdr": [
        6.831467631109905,
        3.659549341275021,
        7.7527721497745645,
        3.471296472405032
    ],
    "sar": [
        2.3478752234976956,
        3.841351150708172,
        7.9612681045678695,
        8.220273407615306
    ],
    "sdr": [
        -2.0714029152378144,
        -3.849836042465797,
        4.063855636329948,
        2.444881137925355
    ],
    "sir": [
        1.8699136348548073,
        -1.5385581742769436,
        6.982113824757996,
        4.3886176194445845
    ]
}