{
    "name": "089 - St Vitus - Word Gets Around",
    "nsdr": [
        2.4126568384739,
        6.224780183190669,
        3.629930291377801,
        4.28725806395393
    ],
    "sar": [
        6.1827766830612685,
        6.575136064467454,
        -1.0388995012011764,
        4.503731432102425
    ],
    "sdr": [
        3.155660668813601,
        2.8891927186305963,
        -5.520850884790023,
        -10.263528221546956
    ],
    "sir": [
        7.086355077369633,
        6.178660547202986,
        -0.04700562396038971,
        -8.798341400991836
    ]
}