{
    "name": "100 - Young Griffo - Pennies",
    "nsdr": [
        10.258889870864689,
        8.243840055523446,
        8.412215168513024,
        7.241305668223502
    ],
    "sar": [
        7.142180134468471,
        9.44523401223586,
        6.9341345916247015,
        5.077873256390659
    ],
    "sdr": [
        4.8172965825438565,
        6.363054867016933,
        4.331959543805667,
        -1.7898132162830205
    ],
    "sir": [
        9.408603756861881,
        9.770038426321088,
        8.5938765322779,
        0.3850617810743835
    ]
}