{
    "name": "095 - Traffic Experiment - Once More (With Feeling)",
    "nsdr": [
        7.6058145047499846,
        3.859686312752606,
        9.572706681918806,
        2.695557204216107
    ],
    "sar": [
        3.3011587626015153,
        6.743213389506711,
        4.554019045431232,
        4.963745958987303
    ],
    "sdr": [
        -1.2965061874407835,
        4.068190029380262,
        1.5790300182229462,
        -1.9020436508635923
    ],
    "sir": [
        2.2199597946204155,
        8.275709132554836,
        5.929642872715354,
        0.3006427605724687
    ]
}