{
    "name": "085 - Side Effects Project - Sing With Me",
    "nsdr": [
        9.331069026982334,
        10.099436640553812,
        9.072837374028198,
        5.99464591301941
    ],
    "sar": [
        7.6639747781977885,
        6.495088272299997,
        11.093753459515225,
        3.081824135624455
    ],
    "sdr": [
        6.879048150288219,
        0.09115566436950345,
        9.410717334304836,
        -9.735432718558704
    ],
    "sir": [
        15.381609555943943,
        2.0981919785762715,
        14.667127376864123,
        -7.765065130687755
    ]
}