{
    "name": "097 - Triviul feat. The Fiend - Widow",
    "nsdr": [
        7.4600452263442385,
        10.969025431620999,
        7.098742436246311,
        6.07550401938537
    ],
    "sar": [
        8.086764018448733,
        10.999373045921176,
        2.6722027288016292,
        4.594819900746094
    ],
    "sdr": [
        5.398271579348193,
        8.367582415992334,
        0.26465279116890567,
        -3.685398828580375
    ],
    "sir": [
        9.383299010466791,
        12.12456014284211,
        5.851610270754618,
        -1.692644568546458
    ]
}