{
    "name": "083 - Remember December - C U Next Time",
    "nsdr": [
        6.576744639431268,
        6.782990534359779,
        5.58148391859869,
        3.1318215091719805
    ],
    "sar": [
        5.431977825226055,
        8.609679567860917,
        5.294302337011507,
        7.010921786482822
    ],
    "sdr": [
        2.899312863185119,
        1.5117811950694855,
        0.43285566403034553,
        -2.123371464794902
    ],
    "sir": [
        7.539724278762399,
        3.0146440770664515,
        3.2737468305908224,
        -0.7697408734208927
    ]
}