{
    "name": "020 - James May - Dont Let Go",
    "nsdr": [
        7.309269128295959,
        5.421194905049592,
        4.616243039111951,
        3.177353299334926
    ],
    "sar": [
        6.6217146753774925,
        7.922281837538556,
        2.4001601904268135,
        4.082869070211588
    ],
    "sdr": [
        1.1603849566269433,
        5.218555906726467,
        -6.706902708800851,
        -1.8605120883570914
    ],
    "sir": [
        3.4687826285313257,
        9.208361466630341,
        -4.16379545400402,
        0.8468914838146173
    ]
}