{
    "name": "029 - Nerve 9 - Pray For The Rain",
    "nsdr": [
        5.363712067774595,
        10.910324019235857,
        11.895539859350693,
        3.738168553488143
    ],
    "sar": [
        8.871214498146639,
        6.510996694126204,
        8.103973057240966,
        4.599952831196329
    ],
    "sdr": [
        4.333842215629895,
        4.656473337181049,
        5.933805777746799,
        -2.7992228613398784
    ],
    "sir": [
        6.746133282488862,
        10.121659405115919,
        10.611551661077918,
        -0.6338917460204971
    ]
}