{
    "name": "042 - The Wrong'Uns - Rothko",
    "nsdr": [
        8.059611910350354,
        6.623290890446182,
        8.382457046122672,
        3.6180560645320066
    ],
    "sar": [
        7.031476167452072,
        6.06120470645638,
        6.440800066526129,
        4.629997104576312
    ],
    "sdr": [
        4.341225602338367,
        -0.3640004297162888,
        4.563432048018779,
        -1.255590400975918
    ],
    "sir": [
        8.481928165751544,
        1.7194921180067873,
        9.998952788859038,
        1.3248742419568629
    ]
}