{
    "name": "035 - Signe Jakobsen - What Have You Done To Me",
    "nsdr": [
        7.806888321856462,
        6.762629695418201,
        6.387824464755387,
        4.209281850346745
    ],
    "sar": [
        7.006802318733025,
        6.407597825780325,
        3.4795809396894226,
        4.896585974706582
    ],
    "sdr": [
        5.075811431405063,
        0.011352129444631317,
        0.01678478342516745,
        0.22554531315777748
    ],
    "sir": [
        10.31459946520457,
        2.036823667503989,
        4.227368092701008,
        3.2558055097589516
    ]
}