{
    "name": "002 - ANiMAL - Rockshow",
    "nsdr": [
        8.075981421466905,
        5.714995840418504,
        6.532523548626107,
        3.097011473113164
    ],
    "sar": [
        4.6236754837119225,
        5.996070460187562,
        7.247325286838601,
        4.296410116782943
    ],
    "sdr": [
        1.2053461475307654,
        3.7950544711277923,
        2.993397580553358,
        -5.297433970672016
    ],
    "sir": [
        5.129425349279294,
        8.774811435005281,
        5.787979110344738,
        -3.4192510955925752
    ]
}