{
    "name": "003 - Actions - One Minute Smile",
    "nsdr": [
        3.202710200588813,
        8.241399852176091,
        7.390732402244587,
        2.5185300317576895
    ],
    "sar": [
        4.663986138028006,
        5.926092392398596,
        5.809980985927099,
        6.703018130685297
    ],
    "sdr": [
        1.097889477036251,
        -2.1904563347235553,
        1.430175436627473,
        -0.478611172991796
    ],
    "sir": [
        4.891962616766069,
        -0.47449070939535054,
        4.412916333628612,
        1.284729586254014
    ]
}