{
    "name": "046 - Triviul - Dorothy",
    "nsdr": [
        7.138097602498035,
        7.116781317001589,
        7.711807733403493,
        5.557972529482196
    ],
    "sar": [
        6.1095306832813625,
        3.7878518877677294,
        9.703755453074553,
        3.001993030452534
    ],
    "sdr": [
        4.618905963028571,
        -1.2273936219128265,
        6.422166842439849,
        -5.035332170496114
    ],
    "sir": [
        10.938540459639846,
        1.933335040420514,
        9.61884175029639,
        -2.529239200180191
    ]
}