{
    "name": "017 - Girls Under Glass - We Feel Alright",
    "nsdr": [
        7.091804777565329,
        2.60822726702169,
        3.9032349895641216,
        7.376946394822085
    ],
    "sar": [
        3.6406515171623157,
        5.560398143529959,
        6.351064004208196,
        6.507117852435934
    ],
    "sdr": [
        -10.14761579386682,
        -0.7982143604036523,
        2.75796601678113,
        2.12615162147763
    ],
    "sir": [
        -8.40138723530165,
        1.4092303562121167,
        6.1594915892946975,
        4.972236421603091
    ]
}