{
    "name": "041 - The Mountaineering Club - Mallory",
    "nsdr": [
        7.035985765191693,
        8.443018727899513,
        10.535914770261805,
        5.516046180617455
    ],
    "sar": [
        6.200005626184061,
        7.770918060261362,
        7.314547018063887,
        5.889600457378945
    ],
    "sdr": [
        2.0083628406590974,
        5.9412691695386215,
        4.30672008802291,
        -0.11090005088339842
    ],
    "sir": [
        5.024714062303886,
        11.249172133622029,
        8.058825239172672,
        2.1408258853973705
    ]
}