{
    "name": "071 - James May - If You Say",
    "nsdr": [
        5.222780487605666,
        5.145326213458338,
        7.05579551004641,
        1.9759538570543773
    ],
    "sar": [
        7.093648123291737,
        4.09436828994492,
        1.935034575484075,
        5.34091720919307
    ],
    "sdr": [
        1.880028270468356,
        -1.8996657133993073,
        -5.541284568950241,
        1.432753030870622
    ],
    "sir": [
        4.210224161469657,
        0.7873548711570006,
        -2.5360985883211002,
        4.8132018631733695
    ]
}