{
    "name": "051 - AM Contra - Heart Peripheral",
    "nsdr": [
        11.063996001610462,
        4.541088526608042,
        5.106426595158343,
        2.1418390087937498
    ],
    "sar": [
        7.483488585262192,
        4.2260963481033444,
        6.887455816997042,
        2.871631072509611
    ],
    "sdr": [
        6.646501777805968,
        -3.316713360982658,
        4.011788173939861,
        -5.252133622085743
    ],
    "sir": [
        14.922248565588003,
        -1.083330625868035,
        7.9700491679294885,
        -2.7180208337769693
    ]
}