{
    "name": "060 - Buitraker - Revo X",
    "nsdr": [
        15.492836726145375,
        9.168620865782643,
        6.549062334852712,
        9.768001949072122
    ],
    "sar": [
        2.9066007140131593,
        7.800311722237141,
        10.434782815835339,
        5.1746092623224795
    ],
    "sdr": [
        0.5511146450348694,
        5.27960590364918,
        8.918781521438259,
        -2.343047487978445
    ],
    "sir": [
        6.1285490171004255,
        9.508577249582475,
        14.60175359346393,
        -0.3444878791867803
    ]
}