{
    "name": "031 - Phre The Eon - Everybody's Falling Apart",
    "nsdr": [
        9.210518696262703,
        -2.333809218668625,
        0.30087043479627873,
        4.525748588838502
    ],
    "sar": [
        6.423740592639724,
        5.7154089635136875,
        4.0627625273993795,
        4.057166904933703
    ],
    "sdr": [
        2.6957924312832686,
        -10.06141982078143,
        2.37646110376044,
        -6.162933750459308
    ],
    "sir": [
        5.98179554177203,
        -8.913153734265997,
        8.73848048783637,
        -4.2899368793460635
    ]
}