{
    "name": "064 - Enda Reilly - Cur An Long Ag Seol",
    "nsdr": [
        7.937505972492301,
        7.906908081242607,
        9.486478780272776,
        5.57670235492977
    ],
    "sar": [
        8.185566565936174,
        5.779852637569838,
        8.5804996261675,
        4.519112762249403
    ],
    "sdr": [
        5.39870857556878,
        1.6295810312456003,
        5.322971057034504,
        -1.468980472238584
    ],
    "sir": [
        9.258569871125303,
        4.756107469267094,
        8.66330068931859,
        1.1050942124343368
    ]
}