{
    "name": "030 - Patrick Talbot - A Reason To Leave",
    "nsdr": [
        4.974445180277508,
        6.818887436078722,
        10.292558456895284,
        5.333086538637607
    ],
    "sar": [
        7.714351364615659,
        6.022231346586821,
        5.022730882651691,
        4.538019197770503
    ],
    "sdr": [
        5.955331169301289,
        0.4434235808472945,
        2.6927665847015563,
        -3.3946418236294065
    ],
    "sir": [
        11.40945715005438,
        2.819433949430194,
        7.697999867363093,
        -1.3235678718253017
    ]
}