{
    "name": "052 - ANiMAL - Easy Tiger",
    "nsdr": [
        11.564565608128927,
        6.412914988071819,
        4.931699372543777,
        5.700437203737516
    ],
    "sar": [
        8.264883850216878,
        8.127666656473563,
        4.2223578234804116,
        3.448939764120653
    ],
    "sdr": [
        7.3308910640588865,
        2.476572826305395,
        1.4174280932309604,
        -3.3820424786561523
    ],
    "sir": [
        15.067551556423684,
        4.478136333521569,
        6.036533622158515,
        -0.7527744384965069
    ]
}