{
    "name": "043 - Timboz - Pony",
    "nsdr": [
        3.812454167542114,
        -4.937012537864899,
        14.978486107552538,
        1.1961587578090978
    ],
    "sar": [
        -17.041261092469835,
        -22.033424590367407,
        -15.461186674702194,
        -16.690170180641946
    ],
    "sdr": [
        -17.912020975687795,
        -23.849844238135258,
        -16.519158035987047,
        -17.927328603631484
    ],
    "sir": [
        6.621203591916915,
        2.872970066955802,
        5.715161158913917,
        4.912414164196871
    ]
}