{
    "name": "037 - Speak Softly - Broken Man",
    "nsdr": [
        7.714140051286982,
        7.266462608539114,
        3.7676243768233384,
        7.0582306384254805
    ],
    "sar": [
        2.952424459167399,
        10.83249002251466,
        6.455343774140402,
        7.204122952403077
    ],
    "sdr": [
        -2.418826581553896,
        8.254383008521952,
        -3.2226309448553705,
        1.0902438530533825
    ],
    "sir": [
        0.8508295778667663,
        12.089193441292952,
        -1.8421924246036927,
        3.065780576009018
    ]
}