{
    "name": "019 - James Elder & Mark M Thompson - The English Actor",
    "nsdr": [
        8.398796179571235,
        9.265997285197155,
        12.139053556264054,
        7.988824677441214
    ],
    "sar": [
        11.751263622477985,
        2.7278471529182307,
        9.824228751344979,
        5.439695369158093
    ],
    "sdr": [
        10.054938343922359,
        -11.993376324864556,
        7.652650989648569,
        0.25773273133543806
    ],
    "sir": [
        15.239171472980251,
        -9.987290557679733,
        12.133582909723655,
        2.918639314446978
    ]
}