{
    "name": "043 - Timboz - Pony",
    "nsdr": [
        7.503440291322605,
        4.063977479083966,
        3.6109995375158865,
        -0.2749924797518053
    ],
    "sar": [
        0.606858716569074,
        4.24036883454174,
        3.1434239344391024,
        6.502288746338362
    ],
    "sdr": [
        -3.2149017400981066,
        -6.025832893648858,
        -2.4017221582846826,
        1.9137715851710888
    ],
    "sir": [
        1.829412094715471,
        -4.208549168827287,
        0.7354553014305453,
        4.645938984979182
    ]
}