{
    "name": "081 - Patrick Talbot - Set Me Free",
    "nsdr": [
        7.557702832367832,
        5.137853153106484,
        8.172374969124995,
        4.783057304845129
    ],
    "sar": [
        6.029501327528738,
        6.539276054059427,
        4.897665400980823,
        5.003390654634863
    ],
    "sdr": [
        2.755207539867006,
        1.7591323321726782,
        0.6833038825956971,
        0.7435267232105016
    ],
    "sir": [
        6.483966889099948,
        4.385788679558954,
        3.970045660972116,
        3.977116695023705
    ]
}