{
    "name": "055 - Angels In Amplifiers - I'm Alright",
    "nsdr": [
        9.569460027816167,
        9.692735636884642,
        9.455479816698508,
        7.014158988016011
    ],
    "sar": [
        9.753591591128894,
        8.643926076966133,
        6.595876252694221,
        6.368588453001975
    ],
    "sdr": [
        7.359859245807603,
        3.200562156860337,
        3.194012642247588,
        2.1484543980266766
    ],
    "sir": [
        11.525891718020702,
        5.217034452378052,
        6.705131393581761,
        5.115257662727608
    ]
}