{
    "name": "052 - ANiMAL - Easy Tiger",
    "nsdr": [
        0.49042971597691754,
        1.6642661408534956,
        3.4486621752281756,
        1.4679048562915185
    ],
    "sar": [
        -12.345659601702938,
        -16.938642521625948,
        -17.88270223367713,
        -15.017631337492379
    ],
    "sdr": [
        -12.454280645339452,
        -17.413877139372154,
        -22.403452587208502,
        -17.577644665979438
    ],
    "sir": [
        16.210238487250866,
        9.45598716177795,
        -2.558827269059443,
        1.0873884943923708
    ]
}