{
    "name": "096 - Triviul - Angelsaint",
    "nsdr": [
        -0.6782677411661169,
        2.0484561902356333,
        4.000180039510843,
        0.4665849598713727
    ],
    "sar": [
        -9.24338486263589,
        -23.434214522482097,
        -14.106694567247104,
        -14.111549361881757
    ],
    "sdr": [
        -10.713401686105094,
        -26.12954475960273,
        -14.98498224846256,
        -18.0600843543095
    ],
    "sir": [
        4.437321734834823,
        0.6742320088511321,
        6.660438914722833,
        -1.5440238327457858
    ]
}