{
    "name": "031 - Phre The Eon - Everybody's Falling Apart",
    "nsdr": [
        11.270126062614608,
        0.961253529103093,
        2.63223613337024,
        3.883314046485004
    ],
    "sar": [
        7.595675686457792,
        3.427464389618111,
        6.821359579495384,
        1.7318345666077404
    ],
    "sdr": [
        4.755399797635173,
        -6.766357073009711,
        4.707826802334401,
        -6.805368292812806
    ],
    "sir": [
        8.639160199597685,
        -4.703531997305028,
        9.669899888279499,
        -3.9199637577793283
    ]
}