{
    "name": "056 - Arise - Run Run Run",
    "nsdr": [
        10.26158746924784,
        6.56437623467586,
        7.659623873052822,
        3.172094678241927
    ],
    "sar": [
        5.135106056725648,
        7.6636820795353895,
        3.0854278693946684,
        4.421657279347878
    ],
    "sdr": [
        3.084377678900994,
        4.050933503303444,
        -2.19010554237497,
        0.7824170621834263
    ],
    "sir": [
        8.489462755046096,
        7.218763818313975,
        1.075047160506832,
        4.582892447015544
    ]
}