{
    "name": "095 - Traffic Experiment - Once More (With Feeling)",
    "nsdr": [
        2.0579548916707893,
        3.702042051456509,
        -2.3922449961326038,
        7.172603971913425
    ],
    "sar": [
        -11.822774115118628,
        -19.583229608186883,
        -18.89603712494211,
        -16.332631597966984
    ],
    "sdr": [
        -12.468606663853187,
        -23.070485419548938,
        -21.17502999761516,
        -17.69722072030431
    ],
    "sir": [
        8.226173188491709,
        -0.859133261793763,
        1.6668419982451288,
        4.427567839248454
    ]
}