{
    "name": "006 - Atlantis Bound - It Was My Fault For Waiting",
    "nsdr": [
        9.515540106242717,
        7.870455898092234,
        7.897702793892719,
        5.612310112285244
    ],
    "sar": [
        4.396665864565871,
        6.181886432471941,
        9.651672201093005,
        5.364816410357884
    ],
    "sdr": [
        2.791420459750011,
        0.6645348606516199,
        7.9567104320936055,
        -1.5771571927562515
    ],
    "sir": [
        9.237873404844253,
        3.0328402454268906,
        13.309680437714222,
        0.5123752146928482
    ]
}