{
    "name": "022 - Johnny Lokke - Promises & Lies",
    "nsdr": [
        10.292710477641412,
        8.301730208785887,
        9.932160790300134,
        4.378144832963952
    ],
    "sar": [
        9.018804857297216,
        5.678698589326792,
        10.1667508671372,
        7.210723383336701
    ],
    "sdr": [
        5.366724248721503,
        -0.03341689973440444,
        6.46881475665951,
        1.1507400317645915
    ],
    "sir": [
        8.330857403403702,
        2.363535569983288,
        9.284648250716174,
        3.142826125277577
    ]
}