{
    "name": "012 - Dark Ride - Burning Bridges",
    "nsdr": [
        1.7638890123011262,
        -1.0637862480901816,
        0.11959375176715525,
        -6.451485388212287
    ],
    "sar": [
        -10.861373621553813,
        -19.008086354931702,
        -20.40446912085514,
        -20.12652020541591
    ],
    "sdr": [
        -11.025888812632651,
        -24.550611552440742,
        -21.801826944017154,
        -27.960234705008116
    ],
    "sir": [
        14.47557537352357,
        -4.067090590526031,
        4.246758728956451,
        -7.010288604766281
    ]
}