{
    "name": "061 - Chris Durban - Celebrate",
    "nsdr": [
        14.176898274846174,
        4.764304679240177,
        5.323522924958423,
        3.548039208344504
    ],
    "sar": [
        3.2672948166706735,
        7.375542903906047,
        5.720589365927257,
        2.19476107319653
    ],
    "sdr": [
        0.5564315604633189,
        4.484267390178186,
        2.5490393574662678,
        -3.7288868549943417
    ],
    "sir": [
        5.5652788607633585,
        8.346785085464308,
        6.434645771529118,
        -0.3965827206214673
    ]
}