{
    "name": "050 - Zeno - Signs",
    "nsdr": [
        1.8694009803451888,
        -1.8348481203186964,
        1.9237311768559806,
        2.846839567648111
    ],
    "sar": [
        -8.574561870588857,
        -23.37999513915221,
        -17.751577432623073,
        -16.579551702001613
    ],
    "sdr": [
        -8.83149698434136,
        -27.87397831559833,
        -18.866607310826915,
        -19.45577932132126
    ],
    "sir": [
        12.715170342717421,
        -2.567627104651638,
        5.407819653563013,
        0.366843523636683
    ]
}