{
    "name": "009 - Bobby Nobody - Stitch Up",
    "nsdr": [
        8.252655991552615,
        5.522566632891753,
        6.652552994547827,
        1.8532793125288802
    ],
    "sar": [
        6.766762797600134,
        8.23892904275176,
        3.8160042617175076,
        3.2294403169046033
    ],
    "sdr": [
        4.464706677782257,
        1.3370297653945578,
        -1.3903187021886438,
        -2.148161984361019
    ],
    "sir": [
        9.151466196279168,
        2.935359331050387,
        1.6769597490608312,
        1.027695861762354
    ]
}