{
    "name": "069 - Hollow Ground - Left Blind",
    "nsdr": [
        3.47429390128071,
        4.681350775340334,
        -6.481520229093487,
        7.296612113077458
    ],
    "sar": [
        -15.703756495801287,
        -20.217856171400236,
        -21.88845981769784,
        -16.271028596935537
    ],
    "sdr": [
        -17.760996206600133,
        -23.11974516201945,
        -25.499326579858156,
        -18.4403128338472
    ],
    "sir": [
        2.2910934505069087,
        0.2607070247791592,
        -1.1000590753168196,
        1.9862813533585113
    ]
}