{
    "name": "032 - Raft Monk - Tiring",
    "nsdr": [
        6.026058526190431,
        4.954613281959462,
        6.328950666899528,
        3.0947697860817627
    ],
    "sar": [
        1.9561644528920066,
        7.437372973258178,
        5.35458821611156,
        6.808032263486961
    ],
    "sdr": [
        -1.291929509002381,
        2.2861108420722935,
        1.310997465780387,
        -1.431941467019113
    ],
    "sir": [
        3.6343604111469636,
        4.5891159594470325,
        4.597936621571428,
        0.0963359535488549
    ]
}