{
    "name": "011 - Cnoc An Tursa - Bannockburn",
    "nsdr": [
        2.5376007109972036,
        0.19893599785967098,
        0.7613542514249474,
        0.5911772212327762
    ],
    "sar": [
        -16.728677163908575,
        -21.82199396148303,
        -18.69925256041603,
        -19.537225637868783
    ],
    "sdr": [
        -17.78467727465518,
        -24.333305604642582,
        -19.805509850625707,
        -21.05507128995153
    ],
    "sir": [
        5.693783499179938,
        1.0912970765256693,
        5.432621075874199,
        3.832609203106231
    ]
}