{
    "name": "002 - ANiMAL - Rockshow",
    "nsdr": [
        9.011140357763315,
        6.906453477100138,
        6.552164575327128,
        3.2934183777042705
    ],
    "sar": [
        5.775108832442301,
        6.4621454512100485,
        7.782095126210322,
        4.421040714504557
    ],
    "sdr": [
        2.140505083827177,
        4.9865121078094266,
        3.013038607254379,
        -5.10102706608091
    ],
    "sir": [
        5.624390617793314,
        11.275825747228975,
        5.444414282768161,
        -3.247337781209405
    ]
}