{
    "name": "100 - Young Griffo - Pennies",
    "nsdr": [
        2.3089456494454073,
        2.436311532329654,
        3.0346857670027134,
        -0.13558422238561718
    ],
    "sar": [
        -9.595744566434579,
        -16.420168063296007,
        -18.7340382180462,
        -15.734496097294864
    ],
    "sdr": [
        -9.844819671711683,
        -16.98011788444999,
        -20.494970842833027,
        -18.169316519670666
    ],
    "sir": [
        12.741679468065092,
        8.711287315775781,
        3.0679816387193566,
        1.35348036494619
    ]
}