{
    "name": "053 - Actions - Devil's Words",
    "nsdr": [
        9.366575974632521,
        9.755455459351445,
        7.136599204330768,
        6.3385100086299015
    ],
    "sar": [
        9.840024936813155,
        8.60972327174827,
        5.622183276883938,
        5.247716728015755
    ],
    "sdr": [
        6.699570927968612,
        5.177870491983029,
        1.497555366620245,
        -0.38417725483647536
    ],
    "sir": [
        10.012220203231372,
        8.364331116159036,
        4.673615209515761,
        2.13798685380214
    ]
}