{
    "name": "026 - Louis Cressy Band - Good Time",
    "nsdr": [
        9.079697503709056,
        8.119451462426557,
        8.882524601418949,
        7.221795064959066
    ],
    "sar": [
        6.897171426624392,
        8.047200595798556,
        8.695973244828455,
        5.416024494191598
    ],
    "sdr": [
        4.5672925396143444,
        2.0409962834937865,
        6.593773870660359,
        0.5880812863691957
    ],
    "sir": [
        9.192157403660557,
        3.927685991599752,
        11.303702033429218,
        3.4178399479680834
    ]
}