{
    "name": "001 - ANiMAL - Clinic A",
    "nsdr": [
        5.847992479917967,
        5.490355541665884,
        2.3081786757359053,
        3.8452774272610855
    ],
    "sar": [
        5.442968212066372,
        9.80361325147345,
        5.044773671073429,
        2.882657972728093
    ],
    "sdr": [
        -0.8889189548045012,
        6.571569809900306,
        -7.50108480950217,
        -2.9222233919252165
    ],
    "sir": [
        1.3524106570630992,
        9.803051972367948,
        -6.069849196888541,
        0.20539691530598048
    ]
}