{
    "name": "097 - Triviul feat. The Fiend - Widow",
    "nsdr": [
        8.304324478592896,
        10.865383812301529,
        6.436810657853227,
        7.329922628138188
    ],
    "sar": [
        8.76188294499186,
        10.502281450831166,
        3.8206405432189854,
        3.9901667663281204
    ],
    "sdr": [
        6.242550831596851,
        8.263940796672864,
        -0.397278987224178,
        -2.430980219827557
    ],
    "sir": [
        10.348733743881409,
        12.584321277681788,
        3.176411204413503,
        0.15090734650055387
    ]
}