{
    "name": "038 - Spike Mullings - Mike's Sulking",
    "nsdr": [
        0.16491750734565613,
        -2.1128230109511072,
        2.672819679731159,
        -0.5340523935715282
    ],
    "sar": [
        -13.07277967125488,
        -18.587506132600208,
        -16.701946280371637,
        -18.402967841867213
    ],
    "sdr": [
        -16.173856394847224,
        -23.650395122405783,
        -18.75270397598022,
        -22.491972322724525
    ],
    "sir": [
        0.029243170335341948,
        -3.3810733829291144,
        2.2848775937651626,
        -1.8797963792648869
    ]
}