{
    "name": "096 - Triviul - Angelsaint",
    "nsdr": [
        5.600956218186504,
        9.450397061150102,
        10.800204531642496,
        4.721679304393854
    ],
    "sar": [
        6.047944432185412,
        8.132534854344705,
        5.706165776776535,
        5.144677677886243
    ],
    "sdr": [
        3.4234445559068485,
        5.689351445395649,
        1.9375911627236555,
        -0.975614064697451
    ],
    "sir": [
        7.820832790349019,
        9.973132952156924,
        5.336372946234958,
        1.4000333789647825
    ]
}