{
    "name": "062 - Cristina Vane - So Easy",
    "nsdr": [
        13.418873087001554,
        8.438657313266136,
        9.577956279731275,
        8.569643282056436
    ],
    "sar": [
        10.183230174630104,
        5.791175872460228,
        11.99141835572564,
        4.341232950399942
    ],
    "sdr": [
        8.385850491827988,
        0.6059371832049147,
        10.228717777541501,
        -1.9037599939921392
    ],
    "sir": [
        13.482620176929585,
        3.189719822367506,
        15.262590114575818,
        0.6342729125289687
    ]
}