{
    "name": "091 - The Long Wait - Dark Horses",
    "nsdr": [
        10.10187272758661,
        6.381936976257439,
        7.522729225215141,
        4.4536476121574236
    ],
    "sar": [
        5.95446419129004,
        7.763089582813391,
        6.184843576745428,
        5.1655609771544695
    ],
    "sdr": [
        2.062200044739785,
        2.605646610144426,
        2.342646151425744,
        1.30219289572781
    ],
    "sir": [
        5.322172934656976,
        4.857709417085973,
        5.5918154603434145,
        4.753900076276073
    ]
}