{
    "name": "071 - James May - If You Say",
    "nsdr": [
        8.227028970810583,
        5.785144703128002,
        5.0040342824969555,
        3.320881836359544
    ],
    "sar": [
        8.082152229345303,
        5.09526052330896,
        3.7136570378514295,
        5.1180702951880335
    ],
    "sdr": [
        4.884276753673272,
        -1.2598472237296434,
        -7.593045796499696,
        2.7776810101757885
    ],
    "sir": [
        8.342541111398061,
        1.054141822983605,
        -5.72019675862488,
        7.745648694806996
    ]
}