{
    "name": "047 - Voelund - Comfort Lives In Belief",
    "nsdr": [
        2.5854529171460108,
        -2.8337063833699396,
        1.3518333574163286,
        3.218191206714746
    ],
    "sar": [
        -12.705661215208186,
        -19.45952177767815,
        -13.935511649281313,
        -17.13788708144999
    ],
    "sdr": [
        -13.336291339784303,
        -21.333706682018597,
        -17.686395637954814,
        -19.431040582218017
    ],
    "sir": [
        8.287860626330003,
        2.7278870049326738,
        -1.2010570211866693,
        1.6597448497747607
    ]
}