{
    "name": "090 - The Doppler Shift - Atrophy",
    "nsdr": [
        1.7005948971235352,
        1.6358632935118678,
        0.0037619770529975227,
        0.22667305250913472
    ],
    "sar": [
        -8.845218440769656,
        -19.902166252075247,
        -13.666357423997892,
        -15.699060206362079
    ],
    "sdr": [
        -9.061900239620073,
        -22.108648707177156,
        -13.937401265183883,
        -18.580375922144967
    ],
    "sir": [
        13.443380348201009,
        1.8351809166573727,
        12.09402108353263,
        0.3772879239037083
    ]
}