{
    "name": "017 - Girls Under Glass - We Feel Alright",
    "nsdr": [
        9.982801141407855,
        1.6508305222553856,
        3.8885295015739674,
        7.565901464519085
    ],
    "sar": [
        2.896384480347842,
        5.18676970829826,
        8.635189901807093,
        6.931706451327199
    ],
    "sdr": [
        -7.256619430024295,
        -1.7556111051699568,
        2.7432605287909757,
        2.3151066911746305
    ],
    "sir": [
        -5.016499557431454,
        0.37456590187481786,
        4.59371547037326,
        4.956972027630832
    ]
}