{
    "name": "013 - Drumtracks - Ghost Bitch",
    "nsdr": [
        9.992762456730865,
        0.9955011043028678,
        2.5724551060318355,
        5.3667621232166365
    ],
    "sar": [
        7.213209152360322,
        3.8710633908286898,
        7.729421137391811,
        4.819343488470386
    ],
    "sdr": [
        5.268262932263651,
        -0.5193271163765932,
        -4.739239833485709,
        -0.17976717097487285
    ],
    "sir": [
        10.448621566215145,
        2.9378086315209915,
        -3.8090601261396904,
        2.708934120818933
    ]
}