{
    "name": "035 - Signe Jakobsen - What Have You Done To Me",
    "nsdr": [
        9.406179039831724,
        6.916919808033436,
        6.654221308293062,
        5.36586493660899
    ],
    "sar": [
        8.816479634805896,
        6.312296269195546,
        4.681741209998053,
        5.247248311927097
    ],
    "sdr": [
        6.675102149380324,
        0.16564224205986608,
        0.2831816269628424,
        1.3821283994200229
    ],
    "sir": [
        11.308675942773473,
        2.286118903954921,
        3.51506942125741,
        4.813688559648565
    ]
}