{
    "name": "010 - Carlos Gonzalez - A Place For Us",
    "nsdr": [
        1.354897718562409,
        -1.304742261166659,
        2.258846466905629,
        -1.116043257458017
    ],
    "sar": [
        -9.51978787249807,
        -18.69624591790788,
        -14.85423937634003,
        -16.424985819573294
    ],
    "sdr": [
        -9.77097420660079,
        -24.44074249264346,
        -15.645044496240237,
        -20.09252062601781
    ],
    "sir": [
        12.711528494464883,
        -4.340788177184332,
        7.135498329208523,
        -1.1301462469228205
    ]
}