{
    "name": "058 - Ben Carrigan - We'll Talk About It All Tonight",
    "nsdr": [
        2.207782941252548,
        3.271912469263846,
        1.5950622859499752,
        -0.2814272546191674
    ],
    "sar": [
        -11.559308379641731,
        -20.94370210581711,
        -15.08986882130905,
        -14.75969465662429
    ],
    "sdr": [
        -12.111813822340485,
        -24.001503370469855,
        -16.20427942191148,
        -19.01997109266595
    ],
    "sir": [
        8.968461886342014,
        -0.05968120420292559,
        5.4707588583194555,
        -2.076653625929329
    ]
}