{
    "name": "027 - M.E.R.C. Music - Knockout",
    "nsdr": [
        1.1998136267525314,
        3.948570395946076,
        4.288771973294486,
        -1.0590415943265405
    ],
    "sar": [
        -12.151861385478728,
        -14.870934948421251,
        -15.21889081334562,
        -16.868804855108618
    ],
    "sdr": [
        -12.989536373765183,
        -15.993482752091461,
        -15.75429703485858,
        -20.182628380794334
    ],
    "sir": [
        6.978377401672801,
        5.44166085474994,
        8.949216789396383,
        -0.4988080168905722
    ]
}