{
    "name": "075 - Leaf - Summerghost",
    "nsdr": [
        1.324005813549375,
        -3.791055825081889,
        5.883767289601501,
        0.8091055960930049
    ],
    "sar": [
        -9.888495320194222,
        -17.36793661305071,
        -12.686307455108246,
        -15.95615419516948
    ],
    "sdr": [
        -10.13781285756439,
        -19.041288698633466,
        -12.97620037814064,
        -19.376949845356414
    ],
    "sir": [
        12.709242486239756,
        3.3573556935808573,
        11.837596086465714,
        -0.6766979994555067
    ]
}