{
    "name": "034 - Secretariat - Over The Top",
    "nsdr": [
        11.310228128859354,
        4.962440374686554,
        5.9979691099480075,
        5.90064200419277
    ],
    "sar": [
        6.659754099464934,
        8.37444667977817,
        5.013019624072945,
        4.489242707204694
    ],
    "sdr": [
        4.587279010220674,
        4.334625112811184,
        0.597430572890338,
        -1.95142380941694
    ],
    "sir": [
        9.643909982631708,
        7.102853903926611,
        3.7378929023975433,
        0.48812424051872794
    ]
}