{
    "name": "063 - Detsky Sad - Walkie Talkie",
    "nsdr": [
        11.102290074786744,
        7.570447789871393,
        5.934927380044973,
        6.702988167132893
    ],
    "sar": [
        8.615973705196687,
        2.4621341495128983,
        8.150744544779634,
        5.875236362349005
    ],
    "sdr": [
        6.068312259362706,
        -4.032962620774336,
        6.71433572509227,
        -0.8668299160678268
    ],
    "sir": [
        10.156110122179076,
        -0.9794536361833012,
        12.836429209909937,
        1.165014264102418
    ]
}