{
    "name": "078 - Moosmusic - Big Dummy Shake",
    "nsdr": [
        11.365030229536236,
        7.381764173966438,
        7.477056854930314,
        7.3224753445204165
    ],
    "sar": [
        9.089057120776125,
        5.746975744204397,
        8.377716983091315,
        6.265008909703975
    ],
    "sdr": [
        6.607241997771145,
        1.0928755915338617,
        4.554808435775603,
        1.8375888854165536
    ],
    "sir": [
        10.724466040051235,
        3.93877186480244,
        7.469992122409939,
        4.702479400020798
    ]
}