{
    "name": "064 - Enda Reilly - Cur An Long Ag Seol",
    "nsdr": [
        9.64045156395431,
        8.148034257738933,
        9.10617096467156,
        6.425521980171986
    ],
    "sar": [
        9.266388078560126,
        6.069267779677023,
        8.526832261346499,
        4.94023071705381
    ],
    "sdr": [
        7.101654167030789,
        1.8707072077419267,
        4.942663241433286,
        -0.6201608469963682
    ],
    "sir": [
        11.648934704801379,
        4.9084104544667975,
        8.01665980081572,
        2.0018894549173676
    ]
}