{
    "name": "046 - Triviul - Dorothy",
    "nsdr": [
        6.400070047044581,
        6.469229576892839,
        7.809064355682357,
        7.0497427880430354
    ],
    "sar": [
        5.13361910042855,
        3.794421264127604,
        10.524805125640587,
        3.095969463794683
    ],
    "sdr": [
        3.8808784075751173,
        -1.8749453620215766,
        6.519423464718713,
        -3.543561911935274
    ],
    "sir": [
        11.05301512548144,
        1.0130692885978927,
        9.089428973730572,
        -0.7497796224272715
    ]
}