{
    "name": "021 - James May - On The Line",
    "nsdr": [
        12.124959740119198,
        5.251536095834885,
        4.194690098054846,
        3.0020912116153182
    ],
    "sar": [
        10.0177397146389,
        8.096332899345185,
        2.6587842788444647,
        2.767693559705707
    ],
    "sdr": [
        7.262988499319313,
        2.733659065813324,
        -3.5415345633636046,
        -1.8305428172598344
    ],
    "sir": [
        10.957136747323394,
        4.852405487143642,
        -0.46916436970489117,
        1.8628083988373807
    ]
}