{
    "name": "087 - Skelpolu - Together Alone",
    "nsdr": [
        -8.121500012006226,
        6.248280340455171,
        0.022049286245827915,
        0.728958136159978
    ],
    "sar": [
        -19.39741861018471,
        -14.996192303016723,
        -24.932441528236964,
        -11.8965857265267
    ],
    "sdr": [
        -31.243071622398922,
        -16.21801037916396,
        -28.83614436263944,
        -12.5173072869857
    ],
    "sir": [
        -11.502401954176433,
        5.017881582083011,
        -1.6200808695850486,
        8.40674880482448
    ]
}