{
    "name": "073 - Johnny Lokke - Whisper To A Scream",
    "nsdr": [
        1.879523200114937,
        1.841936256000416,
        2.926329688847318,
        2.869688544030076
    ],
    "sar": [
        -10.007799328587097,
        -20.17572356848655,
        -22.757593251023692,
        -14.813348302848578
    ],
    "sdr": [
        -10.166624677085698,
        -20.938237660224694,
        -24.301232188935767,
        -16.525723119237327
    ],
    "sir": [
        14.702208656178378,
        7.210038773890072,
        3.7206843483650287,
        3.2986231775918413
    ]
}