{
    "name": "033 - Sambasevam Shanmugam - Kaathaadi",
    "nsdr": [
        2.246115531005044,
        -2.290795624444126,
        -0.12516421870473593,
        -0.794490756590978
    ],
    "sar": [
        -12.289253696122586,
        -14.829287725272193,
        -12.134668226554249,
        -12.134715182763943
    ],
    "sdr": [
        -12.675912907031666,
        -15.772551925607697,
        -18.65015135905274,
        -16.207588753486437
    ],
    "sir": [
        10.558879287878092,
        6.29188758666379,
        -5.161425263007185,
        -1.6577585563144952
    ]
}