{
    "name": "014 - Fergessen - Back From The Start",
    "nsdr": [
        -0.2862746659116624,
        2.160779789391949,
        1.2338844779122287,
        1.79367131906346
    ],
    "sar": [
        -14.72605854269722,
        -20.539497903101665,
        -15.201174834356877,
        -16.01792030555896
    ],
    "sdr": [
        -16.4150161090647,
        -23.34840129368322,
        -15.829206284449404,
        -18.071066125456486
    ],
    "sir": [
        3.373711751136212,
        0.4507763609981733,
        8.209408966580332,
        2.294008275938959
    ]
}