{
    "name": "092 - The Sunshine Garcia Band - For I Am The Moon",
    "nsdr": [
        10.835046662818092,
        7.255875459537626,
        7.228037544961927,
        5.351849674495514
    ],
    "sar": [
        9.16970716122796,
        7.178184825286934,
        7.306729979886142,
        3.5709116437526713
    ],
    "sdr": [
        6.53414000246661,
        3.652407774306703,
        4.615262102337919,
        -4.550285337318209
    ],
    "sir": [
        10.450905926826962,
        6.962934858226085,
        8.710223881169302,
        -2.2413701833518367
    ]
}