{
    "name": "005 - Angela Thomas Wade - Milk Cow Blues",
    "nsdr": [
        6.9037988167378765,
        7.2852469343238875,
        8.160212836099362,
        3.0687664964301127
    ],
    "sar": [
        8.274673831020728,
        6.786526997241067,
        6.8188052608148455,
        3.5965911105805715
    ],
    "sdr": [
        3.60087489078765,
        0.46655515332593206,
        2.736039173800026,
        -0.8645630553015722
    ],
    "sir": [
        6.013679310919637,
        2.446910145572357,
        5.707723977236027,
        2.63423565987237
    ]
}