{
    "name": "074 - Juliet's Rescue - Heartbeats",
    "nsdr": [
        11.997891532095261,
        8.205867592867403,
        9.65364510045749,
        6.444641248527981
    ],
    "sar": [
        5.7765678906560485,
        3.306543593853675,
        13.342682915687423,
        6.625548145602034
    ],
    "sdr": [
        3.735113232278691,
        -6.196556853073138,
        11.815723507988729,
        0.9483017097092403
    ],
    "sir": [
        9.01339172237246,
        -4.015698221841882,
        17.29305369974824,
        3.173114157774587
    ]
}