{
    "name": "049 - Young Griffo - Facade",
    "nsdr": [
        3.1162991770143655,
        3.5974494182508785,
        2.3069577064442495,
        1.1577231552271492
    ],
    "sar": [
        -9.89858199742609,
        -19.700851021323643,
        -14.549097589748797,
        -15.189434179092217
    ],
    "sdr": [
        -11.07394118935221,
        -21.649035068682466,
        -15.656730182213503,
        -16.94482926832148
    ],
    "sir": [
        5.498456717590657,
        2.5173773818930023,
        5.518054960047745,
        3.1563970495884752
    ]
}