{
    "name": "024 - Leaf - Come Around",
    "nsdr": [
        0.9304388933859098,
        0.6524825494043718,
        -6.922031759970075,
        0.3704632134717638
    ],
    "sar": [
        -9.687608085794263,
        -13.824342443962994,
        -16.434011858709606,
        -12.84919419004888
    ],
    "sdr": [
        -10.893697901557662,
        -17.488672609415637,
        -25.668491620017555,
        -15.910438360012327
    ],
    "sir": [
        5.390327643710407,
        -1.0459346439407315,
        -8.585269668825262,
        0.11840398423587112
    ]
}