{
    "name": "085 - Side Effects Project - Sing With Me",
    "nsdr": [
        0.7831235413835849,
        -1.8678231439061044,
        0.7752469195503178,
        -0.1750225000953769
    ],
    "sar": [
        -10.450306546175751,
        -19.534999548179325,
        -12.0279841525407,
        -17.448861957690525
    ],
    "sdr": [
        -10.56431759266653,
        -23.77259404041474,
        -12.161429794770047,
        -21.983609342276537
    ],
    "sir": [
        16.126109141280388,
        -2.1350143220406177,
        15.321973376633906,
        -2.573142245423175
    ]
}