{
    "name": "035 - Signe Jakobsen - What Have You Done To Me",
    "nsdr": [
        1.3880451423429374,
        0.06246500307454639,
        1.8684701424162249,
        1.0295976421918915
    ],
    "sar": [
        -9.725831915415679,
        -18.034053297577117,
        -17.940312432368827,
        -15.467310481261109
    ],
    "sdr": [
        -10.030442530071426,
        -21.951989054863116,
        -20.453637645039837,
        -17.807540758189244
    ],
    "sir": [
        11.826776165750257,
        -1.590221349291025,
        1.1274866363677427,
        1.5843318186353161
    ]
}