{
    "name": "023 - Jokers, Jacks & Kings - Sea Of Leaves",
    "nsdr": [
        7.349853073753345,
        6.701303374032056,
        10.120317896459536,
        5.308793141656096
    ],
    "sar": [
        7.031636115203366,
        3.8841881917062264,
        8.568305101227502,
        6.094154405552128
    ],
    "sdr": [
        2.901941865354657,
        -0.9940910383078871,
        6.175269617155029,
        1.6233158161734695
    ],
    "sir": [
        5.807898330905552,
        2.2029594491854203,
        10.470761702524236,
        4.497071757097264
    ]
}