{
    "name": "030 - Patrick Talbot - A Reason To Leave",
    "nsdr": [
        0.6092139253671771,
        -0.7198167571002436,
        -2.813250021475696,
        3.350911040605439
    ],
    "sar": [
        -8.894187950209131,
        -16.055546553219656,
        -13.006780927152125,
        -16.628348505902483
    ],
    "sdr": [
        -8.991833223190488,
        -21.81257792505594,
        -17.625623335884125,
        -18.627076890053495
    ],
    "sir": [
        16.959346463196603,
        -4.3097196022214,
        -2.5676313836048,
        2.426064788262958
    ]
}