{
    "name": "042 - The Wrong'Uns - Rothko",
    "nsdr": [
        1.4825619129877996,
        1.0007030710317153,
        2.251361502325775,
        0.9293478195530618
    ],
    "sar": [
        -12.707450417997897,
        -16.910439882339585,
        -16.919897754958754,
        -16.616655587187836
    ],
    "sdr": [
        -12.965313088511785,
        -19.432832398204468,
        -18.068785730434698,
        -20.406458237844195
    ],
    "sir": [
        12.361192589312008,
        1.1252185244073678,
        5.275347214273119,
        -1.3465235416257018
    ]
}