{
    "name": "067 - Georgia Wonder - Siren",
    "nsdr": [
        3.867932805608733,
        3.4516619958050256,
        1.6262473162567304,
        2.7549851167605794
    ],
    "sar": [
        -10.389256523593264,
        -17.527494464767376,
        -17.446886227722494,
        -16.223170709667194
    ],
    "sdr": [
        -10.626956550119605,
        -18.320607617493515,
        -19.4496384396356,
        -17.404961785789986
    ],
    "sir": [
        12.878105562557675,
        7.0579738792484905,
        2.3992653165295534,
        5.150558030007303
    ]
}