{
    "name": "095 - Traffic Experiment - Once More (With Feeling)",
    "nsdr": [
        9.186341544081955,
        3.9161013287490505,
        8.756238241293373,
        2.6461485180042637
    ],
    "sar": [
        3.276084796140011,
        7.38308048431068,
        4.672778644373896,
        3.9565343882601383
    ],
    "sdr": [
        0.28402085189118764,
        4.124605045376707,
        0.7625615775975125,
        -1.9514523370754358
    ],
    "sir": [
        4.986746201084519,
        7.628822037620296,
        4.301996832306565,
        0.8039568546434656
    ]
}