{
    "name": "020 - James May - Dont Let Go",
    "nsdr": [
        8.41578133876097,
        4.011304159487414,
        2.5547656048766267,
        3.402060931944639
    ],
    "sar": [
        6.098900605097509,
        6.245383222920222,
        2.834489446423577,
        2.8077579587234567
    ],
    "sdr": [
        2.266897167091954,
        3.8086651611642894,
        -8.768380143036175,
        -1.6358044557473783
    ],
    "sir": [
        5.540056279336386,
        8.405061869319644,
        -6.63692555383256,
        2.1281762803746576
    ]
}