{
    "name": "093 - Tim Taler - Stalker",
    "nsdr": [
        1.0478478630615822,
        4.00405888433384,
        2.6190652094255054,
        4.4464788833731355
    ],
    "sar": [
        2.240341841438764,
        3.1777379610592984,
        2.819889935037268,
        5.03687731611159
    ],
    "sdr": [
        -0.604566980210132,
        -3.04473126509225,
        -5.54666360182326,
        0.5421271212197514
    ],
    "sir": [
        4.610690201707557,
        -0.15478690632665384,
        -3.0376489559650826,
        3.6326425691830435
    ]
}