{
    "name": "085 - Side Effects Project - Sing With Me",
    "nsdr": [
        9.505751614016644,
        11.405620177088114,
        9.571573900261532,
        8.405549810551538
    ],
    "sar": [
        7.803544903249572,
        5.608219473131427,
        11.426466274891565,
        2.063943502946802
    ],
    "sdr": [
        7.053730737322529,
        1.3973392009038055,
        9.90945386053817,
        -7.3245288210265755
    ],
    "sir": [
        15.717879097380237,
        4.522857083560608,
        15.515816945395212,
        -4.693569854489049
    ]
}