{
    "name": "067 - Georgia Wonder - Siren",
    "nsdr": [
        11.400769715088735,
        9.209848356003612,
        7.538894210593067,
        7.22996520801166
    ],
    "sar": [
        7.564813229982519,
        8.680871888452547,
        7.779419066794749,
        6.016651682478898
    ],
    "sdr": [
        4.810484630833498,
        4.310472214603681,
        5.404366877149512,
        0.8487651872378394
    ],
    "sir": [
        8.793887768831068,
        6.8384142919425,
        9.828786651273592,
        3.3940389828146076
    ]
}