{
    "name": "031 - Phre The Eon - Everybody's Falling Apart",
    "nsdr": [
        14.775696374293686,
        -3.88340966455765,
        -0.06036121824412177,
        -13.893638215536154
    ],
    "sar": [
        -11.355910157810776,
        -22.73236106025667,
        -19.48010987738349,
        -18.734417667212547
    ],
    "sdr": [
        -11.873418512387916,
        -27.260661685617404,
        -22.39831683535971,
        -26.56236845980805
    ],
    "sir": [
        9.284083152054501,
        -2.61755109845161,
        0.23485972630111185,
        -6.987629926008784
    ]
}