{
    "name": "032 - Raft Monk - Tiring",
    "nsdr": [
        2.8184865353630926,
        -0.5523157795279161,
        1.7745147959881997,
        -2.5312749602599567
    ],
    "sar": [
        -16.130057161241993,
        -20.321589521889983,
        -16.9730946605986,
        -15.592953438939578
    ],
    "sdr": [
        -17.970008485704202,
        -23.492518147083793,
        -18.066411356586897,
        -21.10703781142298
    ],
    "sir": [
        2.8819739998708154,
        -0.2753839681378392,
        5.518590707215143,
        -3.9636356261282297
    ]
}