{
    "name": "059 - Black Bloc - If You Want Success",
    "nsdr": [
        0.3582946967798435,
        5.907754533483878,
        1.2126584021046973,
        1.6081506221381758
    ],
    "sar": [
        -14.399410574844351,
        -16.199582175533887,
        -22.477006227089483,
        -14.143133439827576
    ],
    "sdr": [
        -15.988415995532062,
        -17.65792971342201,
        -24.726965558931067,
        -16.4180712815415
    ],
    "sir": [
        3.70279740599498,
        4.092633486432297,
        1.7071392174269004,
        1.78528789972378
    ]
}