{
    "name": "059 - Black Bloc - If You Want Success",
    "nsdr": [
        7.808269629826851,
        9.787765210275056,
        8.048102802172853,
        8.583848028573318
    ],
    "sar": [
        5.217415865309468,
        3.0998788059246434,
        10.442538795790783,
        5.580815982916634
    ],
    "sdr": [
        2.2482197544513864,
        -0.9646979668746486,
        9.277890216735745,
        0.6787471099141051
    ],
    "sir": [
        6.442076684365958,
        2.9291770163051263,
        15.938611360440035,
        3.436372891752498
    ]
}