{
    "name": "080 - North To Alaska - All The Same",
    "nsdr": [
        9.737751331897321,
        7.662687364842721,
        9.31367860317175,
        5.167168945498008
    ],
    "sar": [
        6.746372773300311,
        6.399549500396965,
        7.541984334667936,
        8.084038466201738
    ],
    "sdr": [
        2.590499820914694,
        1.0784597517452537,
        3.6956296267002826,
        4.025808709536833
    ],
    "sir": [
        5.528526288359891,
        3.4844233531022777,
        6.709639440863921,
        6.820045823765465
    ]
}