{
    "name": "060 - Buitraker - Revo X",
    "nsdr": [
        18.03598939906907,
        9.233774649699026,
        7.422406435897912,
        9.504106673814329
    ],
    "sar": [
        4.520845877263293,
        8.674724463067214,
        11.14890461409688,
        3.609196457117201
    ],
    "sdr": [
        3.0942673179585647,
        5.344759687565562,
        9.792125622483459,
        -2.6069427632362387
    ],
    "sir": [
        9.936280212945226,
        8.609893154464459,
        15.82679118193405,
        0.14948522715831314
    ]
}