{
    "name": "050 - Zeno - Signs",
    "nsdr": [
        10.31574526315324,
        5.655331597412802,
        6.815470160815659,
        6.6549790291249415
    ],
    "sar": [
        6.734124966611922,
        3.764852114360091,
        7.837935702554867,
        6.658708085424477
    ],
    "sdr": [
        3.881154337428401,
        -3.1443053299253254,
        6.00329570103022,
        1.9324309165943951
    ],
    "sir": [
        7.890164498219374,
        -0.6311650847608923,
        11.292157465914908,
        4.564746164312512
    ]
}