{
    "name": "007 - BKS - Too Much",
    "nsdr": [
        1.0105561129498213,
        3.0493278174268994,
        2.902150454889677,
        1.0122547716799133
    ],
    "sar": [
        -11.961007470557623,
        -16.64729668205016,
        -13.29078654826742,
        -13.879973114722796
    ],
    "sdr": [
        -12.209873860906402,
        -18.053399433851254,
        -13.957427373400789,
        -19.081928160486925
    ],
    "sir": [
        12.561201039133692,
        4.268650608061261,
        8.000280118748814,
        -3.467185002667121
    ]
}