{
    "name": "054 - Actions - South Of The Water",
    "nsdr": [
        9.054042117580432,
        7.566937521288152,
        6.152738508209947,
        5.85732488688576
    ],
    "sar": [
        6.83139187749784,
        9.659510262576356,
        4.5216872893581534,
        6.733913559767254
    ],
    "sdr": [
        1.267117525203073,
        6.217322080416537,
        -0.7280874316888586,
        1.4786741013487357
    ],
    "sir": [
        3.498529777215821,
        9.28083257191889,
        2.1250941331465687,
        3.8519097299881375
    ]
}