{
    "name": "094 - Titanium - Haunted Age",
    "nsdr": [
        0.14564032169565877,
        -3.4149196060962623,
        0.9680952843993005,
        1.2498505582296708
    ],
    "sar": [
        -14.581396300788882,
        -19.867940104673284,
        -15.816264634067368,
        -17.74570519108572
    ],
    "sdr": [
        -16.265138658961533,
        -26.154862253674494,
        -19.50655829475034,
        -18.75411648418186
    ],
    "sir": [
        3.394709142577706,
        -5.078258075263967,
        -1.1554522721138685,
        5.8998838965277205
    ]
}