{
    "name": "099 - Young Griffo - Blood To Bone",
    "nsdr": [
        1.7047748184522753,
        -2.795244470695863,
        1.0434168868922562,
        3.581196703457705
    ],
    "sar": [
        -11.06469691003574,
        -18.059961610184228,
        -12.715059722902886,
        -14.205944838922084
    ],
    "sdr": [
        -11.363484562945477,
        -22.621361763683517,
        -12.938891439724369,
        -15.523566657580668
    ],
    "sir": [
        11.801194373806151,
        -2.624291517266737,
        12.992646967720445,
        4.666315779903773
    ]
}