{
    "name": "069 - Hollow Ground - Left Blind",
    "nsdr": [
        12.751823004099872,
        4.453353163141605,
        3.405840805580904,
        2.9803351562466265
    ],
    "sar": [
        4.691817271927855,
        7.267289927859391,
        4.531866711506027,
        6.378055885909984
    ],
    "sdr": [
        1.3285635535016194,
        2.0221784831275222,
        -0.5575561708042791,
        -0.9920354546089192
    ],
    "sir": [
        5.281823670689269,
        4.310983017749533,
        2.3630596670910315,
        0.7868778996842672
    ]
}