{
    "name": "029 - Nerve 9 - Pray For The Rain",
    "nsdr": [
        1.0678157542096596,
        3.8984601313762717,
        1.5996966881381098,
        4.386993669015078
    ],
    "sar": [
        -9.252590117176531,
        -20.93002542961471,
        -20.732425167963797,
        -14.046876979935465
    ],
    "sdr": [
        -9.860562896231109,
        -22.66030461001823,
        -21.988916189630167,
        -15.868810014138239
    ],
    "sir": [
        8.718914139795814,
        3.1377729621801924,
        4.779402765366333,
        2.997509437567283
    ]
}