{
    "name": "054 - Actions - South Of The Water",
    "nsdr": [
        1.6219738291221404,
        2.3521063885406406,
        3.193639442347447,
        1.6393889490513445
    ],
    "sar": [
        -11.98706100467984,
        -17.40281607441044,
        -17.14721242234107,
        -14.471838269200061
    ],
    "sdr": [
        -12.924547960002622,
        -18.384958249030873,
        -18.78208271362539,
        -16.67379900826574
    ],
    "sir": [
        6.447511263513834,
        6.034045710863877,
        3.482929547492819,
        1.9547387770799207
    ]
}