{
    "name": "029 - Nerve 9 - Pray For The Rain",
    "nsdr": [
        6.207504164642312,
        11.909663772398476,
        11.424868639762824,
        3.693277345637294
    ],
    "sar": [
        9.82288573279956,
        7.543147469496338,
        8.517900057704603,
        4.312601706170308
    ],
    "sdr": [
        5.177634312497612,
        5.655813090343669,
        5.463134558158929,
        -2.844114069190727
    ],
    "sir": [
        7.433254458183014,
        10.889045559723394,
        9.001030312211366,
        -0.5471236378506695
    ]
}