{
    "name": "004 - Al James - Schoolboy Facination",
    "nsdr": [
        0.965360872007869,
        3.4964495688521993,
        6.468485715182446,
        -2.2000086778772037
    ],
    "sar": [
        -10.613592787116307,
        -20.868835072238312,
        -14.229774198121511,
        -16.46695156049248
    ],
    "sdr": [
        -11.20550704304736,
        -24.06018638704774,
        -15.280464177894014,
        -19.811049062185706
    ],
    "sir": [
        8.717530038893514,
        -0.31944577483349623,
        5.7881318207683785,
        -0.5468800821552198
    ]
}