{
    "name": "047 - Voelund - Comfort Lives In Belief",
    "nsdr": [
        4.118760286592875,
        4.472001692765453,
        6.57316632249362,
        2.1488056059412646
    ],
    "sar": [
        3.4106699589151015,
        3.8928646534384805,
        3.194199030241437,
        4.765267640593797
    ],
    "sdr": [
        0.9697733466260601,
        -1.9377571342214552,
        -1.1717344095964222,
        -0.30718644376811044
    ],
    "sir": [
        6.267073230995094,
        0.86303023258061,
        2.5074174158824354,
        2.5614695247134778
    ]
}