{
    "name": "076 - Little Chicago's Finest - My Own",
    "nsdr": [
        10.118978470112495,
        9.80130888454872,
        8.037609300686965,
        9.722928643804142
    ],
    "sar": [
        6.894094652680403,
        7.857294798171299,
        10.611457251540548,
        3.709605351484245
    ],
    "sdr": [
        5.6754074738860805,
        1.6671949997579767,
        9.374998108857117,
        -4.887108169956396
    ],
    "sir": [
        12.597325508848172,
        3.520243761008361,
        15.796378808409186,
        -2.701370825413556
    ]
}