{
    "name": "013 - Drumtracks - Ghost Bitch",
    "nsdr": [
        4.923822889615668,
        1.1887454355388734,
        2.1997635144048893,
        -1.1845072304496647
    ],
    "sar": [
        -10.860068803540583,
        -15.701298654466061,
        -15.594093983378274,
        -16.040342451922275
    ],
    "sdr": [
        -11.128511868058343,
        -18.907699340275276,
        -17.27526026350171,
        -20.42943677041908
    ],
    "sir": [
        12.296816847510359,
        -0.26841557075395345,
        3.3722264841309917,
        -2.3169691789604117
    ]
}