{
    "name": "071 - James May - If You Say",
    "nsdr": [
        0.6021154929735513,
        0.8297237313288974,
        -7.020507782482419,
        0.08444564891925666
    ],
    "sar": [
        -10.650056559572192,
        -12.029865924623193,
        -15.40366692293224,
        -11.10075650916184
    ],
    "sdr": [
        -11.467500164888413,
        -14.383920772805162,
        -24.414764135499176,
        -12.632345703795782
    ],
    "sir": [
        7.196825433671377,
        1.6935699478813961,
        -8.304964417731243,
        4.0627642680319225
    ]
}