{
    "name": "080 - North To Alaska - All The Same",
    "nsdr": [
        3.8964093776745345,
        1.041674369909181,
        3.6851974258142786,
        1.1386610535142125
    ],
    "sar": [
        -7.611111042409998,
        -18.138077384899393,
        -14.344577298318278,
        -15.783700849048984
    ],
    "sdr": [
        -7.9831663735483405,
        -20.004283815102756,
        -14.671043651877147,
        -17.3738475654628
    ],
    "sir": [
        11.178636287577168,
        2.767951120453832,
        11.232044628827968,
        3.657338617879515
    ]
}