{
    "name": "022 - Johnny Lokke - Promises & Lies",
    "nsdr": [
        7.765709971876618,
        -0.2265151612518359,
        -7.563346590634101,
        0.37568442319292217
    ],
    "sar": [
        -12.392145167793897,
        -18.23681791348162,
        -20.126046656411898,
        -17.709338251925214
    ],
    "sdr": [
        -12.724945688191166,
        -24.891897345704596,
        -22.52519827637461,
        -20.093336889102748
    ],
    "sir": [
        11.23195253105239,
        -5.53344054674382,
        1.3645906475198486,
        1.4313711831875846
    ]
}