{
    "name": "011 - Cnoc An Tursa - Bannockburn",
    "nsdr": [
        7.640202558406294,
        1.887238478998638,
        3.863656943106295,
        5.07109282577848
    ],
    "sar": [
        1.9620773974394656,
        6.183693669830602,
        8.48510662840088,
        7.471758329113124
    ],
    "sdr": [
        -2.0382906939245125,
        -6.061217979320604,
        4.220328244271993,
        0.2552273307984853
    ],
    "sir": [
        2.305410349239099,
        -4.857210033785734,
        6.834144623594064,
        1.8845179337250757
    ]
}