{
    "name": "037 - Speak Softly - Broken Man",
    "nsdr": [
        1.1849732406835365,
        0.7412512766781738,
        3.1399018425974035,
        -0.6699479207833434
    ],
    "sar": [
        -11.980173408808032,
        -12.201931007329081,
        -16.14598512391386,
        -15.164255314957186
    ],
    "sdr": [
        -13.689238792981921,
        -12.273558815205384,
        -17.860230776236286,
        -18.754666838215076
    ],
    "sir": [
        3.4346392675483717,
        18.04516088507907,
        3.2560557895154036,
        -0.9615207488872395
    ]
}