{
    "name": "007 - BKS - Too Much",
    "nsdr": [
        10.961989488198537,
        7.368443545694881,
        7.349285078265021,
        6.48880621632344
    ],
    "sar": [
        10.307061417862046,
        7.81047549703704,
        5.919277088521174,
        2.7232745252890096
    ],
    "sdr": [
        8.814018853634678,
        4.198779910605113,
        2.208948432060425,
        -5.039163813685646
    ],
    "sir": [
        14.563187622719898,
        7.346266210631073,
        5.606103312551404,
        -2.384815771080101
    ]
}