{
    "name": "074 - Juliet's Rescue - Heartbeats",
    "nsdr": [
        1.1796942778593316,
        -3.006135074692299,
        0.9136604695415755,
        -0.61739151972278
    ],
    "sar": [
        -9.03706211714358,
        -20.03806606763721,
        -19.813319965729747,
        -15.163457070785489
    ],
    "sdr": [
        -9.207969394034093,
        -26.374406934743444,
        -20.199621902836412,
        -18.49128887627164
    ],
    "sir": [
        14.47534465802724,
        -5.144459021145307,
        10.359093603735424,
        -0.4831319233686235
    ]
}