{
    "name": "034 - Secretariat - Over The Top",
    "nsdr": [
        2.9152686130853738,
        3.398216674647472,
        1.1672279629164386,
        0.7622114960657527
    ],
    "sar": [
        -13.683499169427932,
        -19.76154687424512,
        -20.699487676289504,
        -16.024943657113447
    ],
    "sdr": [
        -14.11148027675775,
        -20.57798168161774,
        -22.499842185728145,
        -19.4856614931615
    ],
    "sir": [
        10.029944311974903,
        6.889657369865525,
        2.9298451750103194,
        -0.7513474361407874
    ]
}