{
    "name": "041 - The Mountaineering Club - Mallory",
    "nsdr": [
        11.260886588387736,
        8.189685097107002,
        10.58454612399822,
        7.572541761812655
    ],
    "sar": [
        9.151741709993557,
        7.962905291512984,
        7.739260450143681,
        6.198653577956383
    ],
    "sdr": [
        6.23326366385514,
        5.6879355387461095,
        4.355351441759324,
        1.9455955303118007
    ],
    "sir": [
        9.83563211545537,
        10.227980043016366,
        7.697181382825233,
        4.924846389650419
    ]
}