{
    "name": "079 - Mu - Too Bright",
    "nsdr": [
        11.510217622904591,
        10.312520651881215,
        11.319256634298862,
        6.931675462428366
    ],
    "sar": [
        9.356452864790596,
        6.035371571499684,
        12.352104889325881,
        4.514326859599378
    ],
    "sdr": [
        7.900155031001472,
        1.1086714073508899,
        10.350446847057315,
        -0.2552781636680382
    ],
    "sir": [
        13.829851458236337,
        3.760028931683768,
        14.922452041374905,
        2.8214857025748468
    ]
}