{
    "name": "093 - Tim Taler - Stalker",
    "nsdr": [
        1.7591436516297527,
        0.5201467729057754,
        -4.661826461105111,
        2.4514921471375146
    ],
    "sar": [
        -12.103542788083981,
        -20.808702046830604,
        -15.686525233471444,
        -15.185044612331222
    ],
    "sdr": [
        -12.93161077807209,
        -22.918357038621938,
        -23.968360831629596,
        -16.47796831578196
    ],
    "sir": [
        7.036219320533585,
        2.07418687624944,
        -7.467825013190849,
        4.729278672815635
    ]
}