{
    "name": "016 - Forkupines - Semantics",
    "nsdr": [
        13.249470770350262,
        6.463183231626578,
        4.5074116553082195,
        7.523208402656103
    ],
    "sar": [
        6.398739911927249,
        3.68853179983075,
        8.570293817211887,
        4.269267410055496
    ],
    "sdr": [
        5.434015989276542,
        -3.012405627044812,
        7.3939572670817775,
        -2.004792465737992
    ],
    "sir": [
        13.337325408558073,
        -0.42161957526404953,
        14.206568162956096,
        0.5437084702164373
    ]
}