{
    "name": "015 - Fergessen - The Wind",
    "nsdr": [
        9.0512243857088,
        5.212987298010736,
        7.403516486467298,
        4.62822130426728
    ],
    "sar": [
        9.603380965188114,
        4.5973902622213405,
        4.399139296264054,
        5.685664679529319
    ],
    "sdr": [
        7.307883021407103,
        -3.7307235254575244,
        0.8760334577728847,
        1.1907625714236474
    ],
    "sir": [
        11.625786558209715,
        -1.746936111951388,
        4.773170792037488,
        4.134900737506774
    ]
}