{
    "name": "083 - Remember December - C U Next Time",
    "nsdr": [
        8.047299834298158,
        6.965919328230173,
        6.138121935536272,
        3.613735280142258
    ],
    "sar": [
        8.270000599274116,
        7.4461465046651,
        7.27957589932284,
        6.241341497963705
    ],
    "sdr": [
        4.36986805805201,
        1.6947099889398796,
        0.989493680967928,
        -1.6414576938246241
    ],
    "sir": [
        7.244974648038966,
        3.7566499771005715,
        2.8974692308506995,
        0.056218120646193026
    ]
}