{
    "name": "086 - Skelpolu - Human Mistakes",
    "nsdr": [
        14.255500496193308,
        4.590338463584576,
        5.535998667536354,
        11.535722357675581
    ],
    "sar": [
        -1.0343453305252481,
        9.798483296230108,
        4.580893410800671,
        6.637199735927682
    ],
    "sdr": [
        -6.1632268491833155,
        7.427578841388918,
        -0.45657088944453716,
        4.072311311748807
    ],
    "sir": [
        -1.012483248543937,
        11.620574563732394,
        2.474851622245062,
        8.431565431315631
    ]
}