{
    "name": "048 - We Fell From The Sky - Not You",
    "nsdr": [
        2.4801058734730184,
        2.2327284396518294,
        0.08754679999969639,
        1.2965840456616817
    ],
    "sar": [
        -14.11484268240403,
        -23.684470078186965,
        -18.653562093958982,
        -16.720234451342016
    ],
    "sdr": [
        -14.530224809695174,
        -29.52457559920441,
        -19.96751081519212,
        -17.564987316414957
    ],
    "sir": [
        10.149220149790336,
        -4.51029419176426,
        4.577347806178807,
        6.7727749780373685
    ]
}