{
    "name": "039 - Swinging Steaks - Lost My Way",
    "nsdr": [
        1.0998270849309755,
        4.1064035784698625,
        7.880031069155493,
        0.463199020089327
    ],
    "sar": [
        -10.728644554960225,
        -19.236124387108184,
        -11.702523721609577,
        -15.90837740884967
    ],
    "sdr": [
        -10.906290888524257,
        -20.371352339850883,
        -12.893435027486923,
        -20.104550399937573
    ],
    "sir": [
        14.145667577866181,
        5.298515985381782,
        5.293954394971189,
        -2.0064032934778226
    ]
}