{
    "name": "004 - Al James - Schoolboy Facination",
    "nsdr": [
        6.255081144477512,
        7.5746454064578685,
        6.34055795902289,
        3.15832160477866
    ],
    "sar": [
        7.579652110442369,
        7.019899323405248,
        3.701122457657289,
        3.817919516402645
    ],
    "sdr": [
        4.58989680001613,
        3.8605648997192032,
        -0.3935503162096093,
        -5.0827703888217695
    ],
    "sir": [
        8.31972497057656,
        7.513569302056742,
        3.2923784081795,
        -2.9758930872257676
    ]
}