{
    "name": "051 - AM Contra - Heart Peripheral",
    "nsdr": [
        1.4119333082586945,
        -1.1203954418129598,
        -1.8061153121408111,
        -0.7315852916645511
    ],
    "sar": [
        -8.345962539920466,
        -15.26744945987785,
        -18.583014586361777,
        -14.795761910180973
    ],
    "sdr": [
        -8.420467950354654,
        -19.631735901451755,
        -19.62162606291187,
        -21.04110181308976
    ],
    "sir": [
        18.21184545668934,
        -2.2574067934022954,
        5.7434328861161354,
        -4.92673904973182
    ]
}