{
    "name": "082 - Punkdisco - Oral Hygiene",
    "nsdr": [
        16.17201960341027,
        6.022538240278134,
        7.881216971298944,
        10.157089908024313
    ],
    "sar": [
        6.254918510064336,
        6.8218380595470745,
        8.314871733815979,
        2.8867402814202796
    ],
    "sdr": [
        3.550027602787749,
        5.153624148108046,
        6.436578641933975,
        -1.3438634773699276
    ],
    "sir": [
        7.812086411438941,
        10.936633691958841,
        11.57930760268805,
        2.517371406093887
    ]
}