{
    "name": "097 - Triviul feat. The Fiend - Widow",
    "nsdr": [
        1.3186102439189327,
        0.8353536663972996,
        -2.59212610663781,
        4.357326187992584
    ],
    "sar": [
        -10.103855952794733,
        -17.102756848929765,
        -17.266940099265046,
        -13.986348063554306
    ],
    "sdr": [
        -10.361920714153662,
        -17.648804580342965,
        -19.71383665436776,
        -17.09046340369471
    ],
    "sir": [
        12.535472111793304,
        8.813465867960973,
        1.2916794460532444,
        -0.015580596373380719
    ]
}