{
    "name": "039 - Swinging Steaks - Lost My Way",
    "nsdr": [
        9.476922175556492,
        6.206473843019285,
        6.793442469188719,
        3.3685451997003635
    ],
    "sar": [
        9.53716248816457,
        10.130551759871214,
        2.4353715020472513,
        3.9602214304809658
    ],
    "sdr": [
        7.414386706660366,
        3.612767267101578,
        -5.396790124982093,
        -2.877138313526793
    ],
    "sir": [
        11.999530937392704,
        5.110537355811202,
        -2.653904789778303,
        -0.402334634037158
    ]
}