{
    "name": "100 - Young Griffo - Pennies",
    "nsdr": [
        11.35393781841439,
        7.378476276870847,
        8.467199650887526,
        8.881801772287835
    ],
    "sar": [
        7.722261568791664,
        8.474292774518704,
        7.44334062865599,
        4.435921767072521
    ],
    "sdr": [
        5.912344530093558,
        5.497691088364334,
        4.386944026180169,
        -0.14931711221868693
    ],
    "sir": [
        11.26515844273845,
        9.118965094293207,
        8.0710519332462,
        3.0433244756918887
    ]
}