{
    "name": "079 - Mu - Too Bright",
    "nsdr": [
        1.4487817257254214,
        4.5837722500716644,
        1.424148617423743,
        0.9560467409372109
    ],
    "sar": [
        -8.074623513775755,
        -18.782698799217478,
        -9.628396193031358,
        -15.0347035974415
    ],
    "sdr": [
        -8.179822542208182,
        -21.223819774624904,
        -9.675569393419478,
        -17.24997474960632
    ],
    "sir": [
        16.733806860120303,
        1.2814700584860397,
        20.066335726387493,
        1.9031074676671265
    ]
}