{
    "name": "053 - Actions - Devil's Words",
    "nsdr": [
        1.3034276730262437,
        2.2247879026840494,
        2.074926695605619,
        2.9516194875583395
    ],
    "sar": [
        -10.397906374397515,
        -16.465786701165687,
        -15.307401359279726,
        -13.225755209197075
    ],
    "sdr": [
        -10.683985803889799,
        -17.259457297508305,
        -16.28969805053195,
        -14.865933399310926
    ],
    "sir": [
        12.048374829131019,
        7.075469281120155,
        6.081117010262803,
        3.584936391344507
    ]
}