{
    "name": "089 - St Vitus - Word Gets Around",
    "nsdr": [
        2.505554160539564,
        9.596416938594558,
        -2.267534448574807,
        -11.98407075395095
    ],
    "sar": [
        -12.83457766637903,
        -10.172501999170159,
        -11.75797610279778,
        -12.978326922582031
    ],
    "sdr": [
        -15.164588795519503,
        -10.79170108879309,
        -15.586968368770647,
        -25.98003224416913
    ],
    "sir": [
        1.707719957189823,
        8.544787582913804,
        -1.2267879228103353,
        -12.565067688179777
    ]
}