{
    "name": "057 - BKS - Bulldozer",
    "nsdr": [
        10.428665378100181,
        7.770558895927995,
        8.225300079014142,
        6.753624530605476
    ],
    "sar": [
        2.053635113882364,
        7.491473998800844,
        10.420131531512954,
        3.9117818900745114
    ],
    "sdr": [
        -1.0324589701439704,
        4.576990470841333,
        9.025049812886632,
        -5.454609156286251
    ],
    "sir": [
        4.00710204221694,
        8.39737544548185,
        15.013149674550398,
        -3.4398618692522938
    ]
}