{
    "name": "025 - Leaf - Wicked",
    "nsdr": [
        15.814311595317156,
        9.284278759283383,
        8.316097297548335,
        8.521372096527651
    ],
    "sar": [
        8.584160424230392,
        8.840137813461347,
        9.42806777927733,
        2.5455340261131147
    ],
    "sdr": [
        7.161722268430962,
        6.724600688777079,
        7.673049334476103,
        -2.611204090497314
    ],
    "sir": [
        13.264549415378852,
        11.396291584933495,
        12.925221323255958,
        0.8904883535650622
    ]
}