{
    "name": "091 - The Long Wait - Dark Horses",
    "nsdr": [
        2.5079281573339056,
        1.3402239357390862,
        4.819471079547775,
        3.0698091626340442
    ],
    "sar": [
        -11.136298561444972,
        -21.751226047613738,
        -15.74368529336143,
        -17.303649615095892
    ],
    "sdr": [
        -11.727998824392643,
        -24.03529087905667,
        -16.36141968782972,
        -18.667812970884462
    ],
    "sir": [
        8.679687728549103,
        1.6277104118422892,
        8.271504685138535,
        4.409317246265204
    ]
}