{
    "name": "005 - Angela Thomas Wade - Milk Cow Blues",
    "nsdr": [
        10.541217021813008,
        5.062848783151882,
        -3.914606985389259,
        -4.049571792935881
    ],
    "sar": [
        -9.898036098541851,
        -16.441190747610936,
        -20.066084512675783,
        -14.827169319360499
    ],
    "sdr": [
        -11.073062855280334,
        -18.670301420883444,
        -21.649241985163428,
        -16.937522958158844
    ],
    "sir": [
        5.49990963581625,
        1.8318536069514166,
        3.6095675937487206,
        2.177079991773187
    ]
}