{
    "name": "063 - Detsky Sad - Walkie Talkie",
    "nsdr": [
        5.352768409095928,
        -0.10125067925011777,
        1.7612537807332522,
        3.998623485975706
    ],
    "sar": [
        -5.695645348742819,
        -19.463211232221,
        -16.184431994559105,
        -15.244969447262655
    ],
    "sdr": [
        -5.759678034500551,
        -25.46250011205816,
        -16.6989853078775,
        -16.672951992468768
    ],
    "sir": [
        19.317835572594564,
        -4.693907324575386,
        9.107038187968334,
        4.224978558812846
    ]
}