{
    "name": "061 - Chris Durban - Celebrate",
    "nsdr": [
        -2.4931460027938677,
        10.681720210009026,
        4.649256469571824,
        -0.9416164055518621
    ],
    "sar": [
        -19.943784010154427,
        -11.796345685554424,
        -15.257832879477103,
        -16.345520215735515
    ],
    "sdr": [
        -28.7397752017687,
        -12.026217741127887,
        -16.389652032938674,
        -17.70327806899607
    ],
    "sir": [
        -8.137677633607167,
        12.92561945616783,
        5.389408910345526,
        4.452664786832051
    ]
}