{
    "name": "078 - Moosmusic - Big Dummy Shake",
    "nsdr": [
        2.7820152590784524,
        2.667267681770685,
        2.0302872049740017,
        0.5274962948015336
    ],
    "sar": [
        -9.968259566521814,
        -22.696506619178393,
        -19.748141137121255,
        -14.736387158276894
    ],
    "sdr": [
        -10.115915184772199,
        -24.65294792067164,
        -23.159338498607298,
        -17.18327840970784
    ],
    "sir": [
        15.02812832004841,
        2.471572407914349,
        -0.7221148446818442,
        1.3544915997082394
    ]
}