{
    "name": "018 - Hollow Ground - Ill Fate",
    "nsdr": [
        12.061636989397632,
        2.2591434995314215,
        3.190373229807503,
        -0.7102737789272631
    ],
    "sar": [
        4.358090260697185,
        6.502187074334326,
        3.321059264145165,
        4.863425724803601
    ],
    "sdr": [
        2.2336655152180693,
        -2.233292467163463,
        -3.8498041835422994,
        -0.5922871763425512
    ],
    "sir": [
        7.714503751437082,
        -0.7325201298524092,
        -1.2650613730585265,
        2.0895117154226694
    ]
}