{
    "name": "040 - The Long Wait - Back Home To Blue",
    "nsdr": [
        12.878950731973195,
        6.735779066924203,
        9.604031379480483,
        7.906480922277992
    ],
    "sar": [
        9.942878069847167,
        9.410274335206225,
        4.328459286893863,
        5.173075364534451
    ],
    "sdr": [
        7.5591872813140775,
        7.6808037343541,
        -0.10953394193983962,
        -0.7365730601416419
    ],
    "sir": [
        11.721150193492134,
        12.98656392279456,
        3.1924723996116517,
        1.7027908383841253
    ]
}