{
    "name": "021 - James May - On The Line",
    "nsdr": [
        1.1097716777139475,
        3.29380777882683,
        1.7332505682700834,
        1.7914299866988017
    ],
    "sar": [
        -8.04341694845715,
        -14.009172219241176,
        -16.738081222029496,
        -13.973892924837145
    ],
    "sdr": [
        -8.340832710641417,
        -14.60270780866808,
        -19.426446918420805,
        -16.446930900504753
    ],
    "sir": [
        12.127652966211318,
        8.512420415665092,
        0.760735498122113,
        1.3210426049481603
    ]
}