{
    "name": "041 - The Mountaineering Club - Mallory",
    "nsdr": [
        2.950083265863615,
        2.344203076400863,
        4.766267469140493,
        2.0259447265973574
    ],
    "sar": [
        -7.330202619543509,
        -13.898243425838814,
        -10.501798779721385,
        -10.58944467144614
    ],
    "sdr": [
        -7.503558766845286,
        -14.655819640162782,
        -10.771186660266327,
        -10.9026295982932
    ],
    "sir": [
        14.638368079538166,
        7.372769838170523,
        12.309302893477449,
        11.625828168611838
    ]
}