{
    "name": "027 - M.E.R.C. Music - Knockout",
    "nsdr": [
        6.683007814581153,
        8.303771485526584,
        6.830859766779499,
        4.883813167885263
    ],
    "sar": [
        8.5095769764497,
        7.155520128813459,
        5.658135205228987,
        4.980537313483426
    ],
    "sdr": [
        4.428962976737105,
        0.3703912630342957,
        2.365776313347822,
        -0.4298789438287246
    ],
    "sir": [
        7.153899670605531,
        2.1567878491386727,
        6.155277851654434,
        2.2415608043612174
    ]
}