{
    "name": "010 - Carlos Gonzalez - A Place For Us",
    "nsdr": [
        6.276010471402609,
        9.302209191325135,
        8.624977004423677,
        3.4835091901592796
    ],
    "sar": [
        7.3107772148002725,
        6.707762942302261,
        7.922266408798638,
        4.2461720956081495
    ],
    "sdr": [
        4.24296497215208,
        1.1824749077462275,
        3.729285177859242,
        -1.275906747617626
    ],
    "sir": [
        7.936425399135367,
        3.450459839097469,
        6.460643405527304,
        1.5399537997828374
    ]
}