{
    "name": "099 - Young Griffo - Blood To Bone",
    "nsdr": [
        13.653009428227454,
        5.578653922052005,
        8.917008549287884,
        9.565140226347465
    ],
    "sar": [
        7.895181965865776,
        8.456573368637233,
        7.753440391065696,
        4.55301285080122
    ],
    "sdr": [
        6.2605632861750315,
        5.447729698916593,
        4.917874426175425,
        -1.4882271249271841
    ],
    "sir": [
        11.949356540012388,
        9.03870717345487,
        8.783723729660757,
        1.0592755977750627
    ]
}