{
    "name": "006 - Atlantis Bound - It Was My Fault For Waiting",
    "nsdr": [
        1.540196854540449,
        3.114045668696649,
        4.349175828984986,
        -6.071526021990323
    ],
    "sar": [
        -8.540702238416442,
        -12.961734242979997,
        -13.257062068543435,
        -13.326174265276391
    ],
    "sdr": [
        -8.9470607341365,
        -13.535470284774407,
        -13.724322244793328,
        -20.954336734985933
    ],
    "sir": [
        10.652791378733042,
        8.714914102204043,
        9.646985801202872,
        -6.607658293536284
    ]
}