{
    "name": "046 - Triviul - Dorothy",
    "nsdr": [
        7.001128027628507,
        -6.543654240743473,
        7.396031244599747,
        -6.137214454965758
    ],
    "sar": [
        -11.88331102799957,
        -14.436185187961332,
        -11.995704091771318,
        -15.943379683661066
    ],
    "sdr": [
        -12.509797976096987,
        -20.56277446548532,
        -12.30625067889519,
        -19.186880303064488
    ],
    "sir": [
        8.364452034849265,
        -4.758339573886242,
        11.566355844533497,
        -0.34537633063330975
    ]
}