{
    "name": "084 - Secretariat - Borderline",
    "nsdr": [
        5.7311172887016495,
        6.286720319587468,
        6.387779444076948,
        0.8890926895332041
    ],
    "sar": [
        4.012629012647615,
        5.853971540712719,
        1.8472946380129898,
        5.168702302691113
    ],
    "sdr": [
        0.4094282938617767,
        -1.5241376736427523,
        -4.720139999715691,
        2.074589457168448
    ],
    "sir": [
        4.3499455157741185,
        0.35599628023074104,
        -1.4545906496152412,
        6.1560367150812745
    ]
}