{
    "name": "045 - Traffic Experiment - Sirens",
    "nsdr": [
        8.898033575376994,
        4.613888093440884,
        6.716918062378522,
        1.5332772240506969
    ],
    "sar": [
        5.377689884286305,
        4.785840666086844,
        5.194094466621543,
        4.57909982974966
    ],
    "sdr": [
        2.0436867109339354,
        -4.106915359133553,
        1.05401806704262,
        1.5344428109748436
    ],
    "sir": [
        5.858267973457048,
        -2.261162441466705,
        4.316062548394287,
        5.80887348278293
    ]
}