{
    "name": "076 - Little Chicago's Finest - My Own",
    "nsdr": [
        0.7931757443546061,
        3.935801272481596,
        1.025621510704024,
        -2.0885822424043354
    ],
    "sar": [
        -13.425515074611916,
        -14.930228399905829,
        -17.537754306701693,
        -15.862491952596638
    ],
    "sdr": [
        -14.064945948722983,
        -15.491139919851564,
        -18.219609035932915,
        -20.873389903665903
    ],
    "sir": [
        8.189265155444541,
        8.742790360025483,
        7.771431756357757,
        -3.253879138605238
    ]
}