{
    "name": "090 - The Doppler Shift - Atrophy",
    "nsdr": [
        13.803947710678553,
        4.218956681573092,
        5.1061289084126065,
        10.911690251231962
    ],
    "sar": [
        8.235401749656322,
        5.232682073422125,
        11.560965211853738,
        6.654715827484948
    ],
    "sdr": [
        6.3199233272843145,
        -5.828214409899086,
        8.138065098744958,
        1.2335349286568746
    ],
    "sir": [
        11.405047896459745,
        -4.3354489575313995,
        11.064642627303677,
        3.5521080733253747
    ]
}