{
    "name": "028 - Motor Tapes - Shore",
    "nsdr": [
        3.2909111568519887,
        5.820990348659684,
        2.7705275243735024,
        -0.3566365624468162
    ],
    "sar": [
        -9.033611890294868,
        -19.329096413300203,
        -20.210086561736922,
        -15.989158021627945
    ],
    "sdr": [
        -9.26526822112405,
        -21.57724737130294,
        -21.477064864391973,
        -17.805674365258454
    ],
    "sir": [
        13.124282334626024,
        1.737521369269632,
        4.742455018527112,
        2.9535881446655092
    ]
}