{
    "name": "060 - Buitraker - Revo X",
    "nsdr": [
        4.325605674750761,
        2.8435315003036585,
        1.433488380841684,
        1.0091938840234604
    ],
    "sar": [
        -9.23788103162226,
        -21.464565561808712,
        -9.459851171601079,
        -15.765805163190329
    ],
    "sdr": [
        -10.143654207869288,
        -26.53647980191673,
        -9.682924311061626,
        -16.996728442983922
    ],
    "sir": [
        6.835902054435627,
        -3.423001456740291,
        13.247259648471266,
        4.959178983687108
    ]
}