{
    "name": "042 - The Wrong'Uns - Rothko",
    "nsdr": [
        9.518940117859689,
        6.383308662682494,
        8.330267557437871,
        4.159480413775618
    ],
    "sar": [
        7.916755682057102,
        6.748417758377595,
        6.998648733002021,
        3.9622894068804704
    ],
    "sdr": [
        5.8005538098477025,
        -0.6039826574799766,
        4.511242559333977,
        -0.7141660517323066
    ],
    "sir": [
        10.588449620563926,
        1.1119538951955166,
        8.906444860967092,
        2.5610878386991924
    ]
}