{
    "name": "057 - BKS - Bulldozer",
    "nsdr": [
        2.771199839784952,
        2.972313438788671,
        1.2398592682649223,
        -2.5312463787082784
    ],
    "sar": [
        -11.158463818237061,
        -16.564626898999297,
        -19.286659147811967,
        -12.766280351143347
    ],
    "sdr": [
        -12.59080587385341,
        -17.266066326455668,
        -19.89658502898916,
        -18.90867270899775
    ],
    "sir": [
        4.402029448055329,
        7.657251422719363,
        8.267423926788464,
        -4.709025910900678
    ]
}