{
    "name": "082 - Punkdisco - Oral Hygiene",
    "nsdr": [
        3.3481625743502335,
        3.317866391405655,
        0.47395681840614046,
        1.3068043097860205
    ],
    "sar": [
        -7.392925819282345,
        -21.02108591758276,
        -15.87330119335899,
        -14.610973073352282
    ],
    "sdr": [
        -7.956411999670333,
        -22.55580908303978,
        -17.294111441748154,
        -17.246932392087583
    ],
    "sir": [
        9.311376176366114,
        3.7618019750965335,
        4.233618176973469,
        0.9316841002664953
    ]
}