{
    "name": "098 - Wall Of Death - Femme",
    "nsdr": [
        1.654212654731058,
        -3.86659574321385,
        6.515286791432764,
        4.685420306567316
    ],
    "sar": [
        -14.365096519106885,
        -18.748023624158836,
        -14.620221975934067,
        -18.92928077649519
    ],
    "sdr": [
        -15.538874156826477,
        -19.943163812482595,
        -15.04909818911807,
        -21.089209412782655
    ],
    "sir": [
        5.238001018555193,
        5.049946681467819,
        9.985678751651317,
        1.9640368566477886
    ]
}