{
    "name": "038 - Spike Mullings - Mike's Sulking",
    "nsdr": [
        5.611531555700118,
        2.6994159119219487,
        5.683404940128434,
        1.499320696630145
    ],
    "sar": [
        4.429360046306167,
        5.0811263977968455,
        4.174377876145269,
        5.018099737160094
    ],
    "sdr": [
        -0.9305320163333375,
        -3.3029006601441973,
        0.46901796139804935,
        -0.7349311874448634
    ],
    "sir": [
        1.900895343372592,
        -1.4482153548941448,
        4.2867627649271025,
        1.7964077957647158
    ]
}