{
    "name": "051 - AM Contra - Heart Peripheral",
    "nsdr": [
        11.822963124278532,
        5.142234691728479,
        5.249139672449344,
        2.9344845021117365
    ],
    "sar": [
        8.537955379520943,
        4.741791807176488,
        8.007739612832657,
        1.6677119004521277
    ],
    "sdr": [
        7.4054689004740375,
        -2.7155671958622203,
        4.154501251230862,
        -4.459488128767756
    ],
    "sir": [
        14.366069654578805,
        -0.599154904797632,
        7.097042114597894,
        -0.9890523751373361
    ]
}