{
    "name": "077 - Lyndsey Ollard - Catching Up",
    "nsdr": [
        0.5250672756192696,
        1.6695666358337142,
        -22.639362855235035,
        0.3595525686325587
    ],
    "sar": [
        -8.21294752930739,
        -21.404466154291008,
        -10.121947149066404,
        -15.202699738774994
    ],
    "sdr": [
        -8.36330099587797,
        -25.35006359290669,
        -33.35335863574898,
        -18.060352535686064
    ],
    "sir": [
        15.141711927810764,
        -1.6731114521812605,
        -22.807744297237782,
        0.43998997756740355
    ]
}