{
    "name": "058 - Ben Carrigan - We'll Talk About It All Tonight",
    "nsdr": [
        9.655390202751251,
        7.199750078531753,
        5.5171780470343315,
        5.379899595366087
    ],
    "sar": [
        4.560946270152952,
        8.211365050185321,
        6.125169308670408,
        4.5222159999194105
    ],
    "sdr": [
        2.406664248561827,
        4.621528620119385,
        2.7723876089731876,
        -1.9882342964952568
    ],
    "sir": [
        7.787104170637038,
        7.731205676481823,
        6.413637415800374,
        0.4224107358768755
    ]
}