{
    "name": "052 - ANiMAL - Easy Tiger",
    "nsdr": [
        12.52832505398657,
        7.090354082260009,
        5.417146847285672,
        4.9259523733769806
    ],
    "sar": [
        9.305960713867409,
        7.893542712191575,
        6.777308960565033,
        1.872138082202592
    ],
    "sdr": [
        8.29465050991653,
        3.154011920493586,
        1.902875567972855,
        -4.156527309016687
    ],
    "sir": [
        15.601306104914128,
        5.584491912434874,
        4.441023532983365,
        -0.7354865763009549
    ]
}