{
    "name": "001 - ANiMAL - Clinic A",
    "nsdr": [
        2.5901675565264153,
        -0.8049238617296126,
        -3.018266143462089,
        -1.9727723266752761
    ],
    "sar": [
        -13.772017425293798,
        -14.378063920193629,
        -15.958804952838106,
        -17.706670553979343
    ],
    "sdr": [
        -14.983606313553972,
        -16.389682073320074,
        -23.563620015143467,
        -22.48536998417694
    ],
    "sir": [
        5.1029168140186565,
        2.453482291314106,
        -6.668027385891641,
        -2.9485022267449157
    ]
}