{
    "name": "033 - Sambasevam Shanmugam - Kaathaadi",
    "nsdr": [
        5.7041233147538195,
        2.585135342432212,
        3.2708088741702426,
        6.399929311774418
    ],
    "sar": [
        4.6941243443111285,
        3.736727352163901,
        4.637051836842801,
        2.502598253844016
    ],
    "sdr": [
        3.1083990232603136,
        1.6177736377334475,
        -4.3281494471962265,
        -6.225978149635612
    ],
    "sir": [
        9.521515394276284,
        7.2828968998855785,
        -2.455444722306969,
        -3.6642747665569066
    ]
}