{
    "name": "049 - Young Griffo - Facade",
    "nsdr": [
        6.99853949874952,
        7.671263668065716,
        7.621845553820282,
        3.9627861642481217
    ],
    "sar": [
        5.399617297898553,
        8.50784366340783,
        5.155815265372694,
        4.757309910326219
    ],
    "sdr": [
        1.7965667330566477,
        3.7852382991000093,
        0.9086858771511706,
        0.5280366597306703
    ],
    "sir": [
        5.38599128361974,
        6.143512168418575,
        4.113820344528213,
        3.840454893857905
    ]
}