{
    "name": "030 - Patrick Talbot - A Reason To Leave",
    "nsdr": [
        8.175848502660138,
        7.415164653162589,
        10.475204521954835,
        5.5236457998974675
    ],
    "sar": [
        10.305083497030258,
        6.8147815949941215,
        5.8827594416849305,
        4.353354845156528
    ],
    "sdr": [
        9.156734491683919,
        1.039700797931162,
        2.875412649761107,
        -3.2040825623695457
    ],
    "sir": [
        15.882429492273726,
        3.1955714455878863,
        6.885688220614348,
        -1.0083525783202107
    ]
}