{
    "name": "024 - Leaf - Come Around",
    "nsdr": [
        10.935842394310756,
        -0.6900174638367407,
        4.884675050663546,
        5.495483283243402
    ],
    "sar": [
        3.609353848300827,
        9.189235757844848,
        2.6057455336136797,
        1.108949063558318
    ],
    "sdr": [
        -0.08475816317607823,
        8.476778952886145,
        -13.204281443325044,
        -8.657992274791775
    ],
    "sir": [
        3.9051591436713062,
        17.172610989042376,
        -11.188798134158098,
        -5.682607479919291
    ]
}