{
    "name": "002 - ANiMAL - Rockshow",
    "nsdr": [
        2.4682040368696274,
        0.74030718222334,
        1.9466774546536065,
        -4.930372775037132
    ],
    "sar": [
        -12.558443997715667,
        -16.865141617206028,
        -17.661434512371784,
        -18.0009349572953
    ],
    "sdr": [
        -13.10059278555297,
        -17.622744759119236,
        -19.663133626858748,
        -23.398319613675596
    ],
    "sir": [
        8.997274373108459,
        7.287597304561904,
        2.398413103603207,
        -3.8503877045711024
    ]
}