{
    "name": "016 - Forkupines - Semantics",
    "nsdr": [
        1.3812464519154108,
        3.950251295351311,
        0.6248651882584433,
        -0.6335172206621777
    ],
    "sar": [
        -10.412585354985808,
        -19.892518926803348,
        -16.01503768612506,
        -15.530719117956027
    ],
    "sdr": [
        -10.602960476578732,
        -21.567070409433143,
        -16.183986074022613,
        -19.193113326998883
    ],
    "sir": [
        13.864203320465178,
        3.319003588139908,
        14.122928954411353,
        -1.0990691936564234
    ]
}