{
    "name": "003 - Actions - One Minute Smile",
    "nsdr": [
        5.372911306188325,
        9.466266124155858,
        7.875460205565061,
        3.2883638445130616
    ],
    "sar": [
        6.684461265847588,
        6.323920697304535,
        7.139715013039885,
        6.3516187283696794
    ],
    "sdr": [
        3.2680905826357627,
        -0.9655900627437874,
        1.9149032399479475,
        0.291222639763576
    ],
    "sir": [
        6.751261347677248,
        0.8417903586866488,
        4.23279487739766,
        2.432309304225271
    ]
}