{
    "name": "015 - Fergessen - The Wind",
    "nsdr": [
        1.0349705298747995,
        0.640376608947193,
        -0.7886837439824532,
        4.20850830399516
    ],
    "sar": [
        -11.797334711373777,
        -18.827780159554273,
        -18.2548419599025,
        -16.179379612582206
    ],
    "sdr": [
        -12.18250858153775,
        -21.624327532997057,
        -19.417106933897628,
        -18.95820883706974
    ],
    "sir": [
        10.605284507571064,
        0.4950895738169089,
        5.195134572793085,
        0.579410663705656
    ]
}