{
    "name": "056 - Arise - Run Run Run",
    "nsdr": [
        1.9911270240625356,
        4.102208608383243,
        1.3254989070936922,
        3.6729338374688396
    ],
    "sar": [
        -12.42589699362795,
        -14.655376140088613,
        -17.534238962526686,
        -17.444660784405105
    ],
    "sdr": [
        -13.130964107017583,
        -14.938256082222594,
        -19.02022622919311,
        -19.95041612972552
    ],
    "sir": [
        7.779815869699526,
        11.86580357174304,
        3.969489062035007,
        1.1530294790927267
    ]
}