{
    "name": "073 - Johnny Lokke - Whisper To A Scream",
    "nsdr": [
        11.934620891693907,
        6.857288428523049,
        7.83853625362085,
        5.722369254713671
    ],
    "sar": [
        7.4795332250252065,
        6.733064611596586,
        9.277589317584171,
        6.345176029172256
    ],
    "sdr": [
        5.536415349838137,
        1.5569528035731184,
        5.958528318578759,
        -0.3350334187490669
    ],
    "sir": [
        10.678576420594228,
        3.964396794491333,
        9.16536619084356,
        1.6211091747514033
    ]
}