{
    "name": "098 - Wall Of Death - Femme",
    "nsdr": [
        9.651068349635622,
        4.6231904164213,
        8.021608616252813,
        4.004655902177392
    ],
    "sar": [
        4.321927235903502,
        3.9863502443904544,
        7.813375963462609,
        8.786947749461293
    ],
    "sdr": [
        0.7481978032879029,
        -2.8861949673195175,
        4.332692102808197,
        2.978240567697715
    ],
    "sir": [
        4.625982241946294,
        -0.42800984376864337,
        7.583543406809843,
        4.839937877451699
    ]
}