{
    "name": "014 - Fergessen - Back From The Start",
    "nsdr": [
        4.552899248616186,
        3.3199241919374236,
        0.5679362971518324,
        3.0890231196477718
    ],
    "sar": [
        4.824247672680538,
        5.139354514712546,
        3.4229071960717494,
        2.9303038302938216
    ],
    "sdr": [
        -0.05511792850250812,
        -3.3007225852189928,
        1.0898661665802625,
        -12.901874323850201
    ],
    "sir": [
        2.8889008347182377,
        -1.4691988493284636,
        6.530594958118648,
        -10.999237984017478
    ]
}