{
    "name": "018 - Hollow Ground - Ill Fate",
    "nsdr": [
        2.556010322287822,
        1.6421606907857722,
        0.7985252864597285,
        2.4818200803740567
    ],
    "sar": [
        -16.136894831602003,
        -18.009914412537707,
        -20.1887019274782,
        -17.86664305004438
    ],
    "sdr": [
        -17.250471449771158,
        -22.091331891141333,
        -22.552961019336713,
        -19.763524962537574
    ],
    "sir": [
        5.446402014604201,
        -1.8614973176468717,
        1.4466513711602405,
        2.6849364175864947
    ]
}