{
    "name": "077 - Lyndsey Ollard - Catching Up",
    "nsdr": [
        4.5103544644405815,
        14.243256579675755,
        0.6975842790466729,
        9.027382326050905
    ],
    "sar": [
        10.78295015700526,
        3.64879147798642,
        1.5921624791661413,
        7.252029422273276
    ],
    "sdr": [
        9.385107663689325,
        -0.23517684301565475,
        -28.672013320108668,
        3.4488591028179316
    ],
    "sir": [
        15.336862684599224,
        3.606452849467568,
        -26.38114838023108,
        6.538112251719825
    ]
}