{
    "name": "012 - Dark Ride - Burning Bridges",
    "nsdr": [
        10.472737080982343,
        -1.2038965457155726,
        2.0384389996146566,
        3.3752318432781845
    ],
    "sar": [
        4.611045287988439,
        6.141237452711791,
        4.269561596432395,
        4.738050557994784
    ],
    "sdr": [
        2.616311175413766,
        -5.085935509704286,
        2.2339410670433004,
        -8.576456889462964
    ],
    "sir": [
        8.244549839266508,
        -3.8003074618978347,
        7.883279399686115,
        -7.111426880597664
    ]
}