{
    "name": "028 - Motor Tapes - Shore",
    "nsdr": [
        6.125983286102649,
        10.015324555748782,
        10.643268073436744,
        4.633430692455011
    ],
    "sar": [
        7.946727115219305,
        6.527575075124513,
        3.708209630969859,
        6.139138344672911
    ],
    "sdr": [
        4.960013341704224,
        2.494270359798301,
        -3.1032171606492898,
        2.522596979837757
    ],
    "sir": [
        8.640275414309324,
        5.549518983050472,
        -0.5478747450777613,
        5.9466586887019535
    ]
}