{
    "name": "026 - Louis Cressy Band - Good Time",
    "nsdr": [
        2.19453712012937,
        0.49601322473965226,
        3.621780946150352,
        1.8666987195879692
    ],
    "sar": [
        -9.062810569693504,
        -12.068116039123025,
        -18.366730690731796,
        -13.42020733213106
    ],
    "sdr": [
        -9.360468543512246,
        -15.336387406089713,
        -19.457157981786562,
        -15.503254028224607
    ],
    "sir": [
        11.998980055512373,
        -0.23976399400416143,
        5.5080617579144775,
        2.3010059943014074
    ]
}