{
    "name": "064 - Enda Reilly - Cur An Long Ag Seol",
    "nsdr": [
        1.0894970881744346,
        7.7790240041380265,
        -1.463545745088739,
        -1.25930821594444
    ],
    "sar": [
        -10.441021972886581,
        -14.560367652265436,
        -12.50617535424249,
        -16.1453705235781
    ],
    "sdr": [
        -10.627404632889167,
        -15.72782833105856,
        -14.37564603128238,
        -19.39269024882937
    ],
    "sir": [
        13.955897575068352,
        5.257989654738983,
        2.9297156107931928,
        -0.3575329540927531
    ]
}