{
    "name": "009 - Bobby Nobody - Stitch Up",
    "nsdr": [
        9.892635153245298,
        -2.649383982169372,
        -2.2005871692012597,
        -1.6351168954518833
    ],
    "sar": [
        -11.62173797852712,
        -18.444298001224944,
        -13.869394018059078,
        -16.027752002659327
    ],
    "sdr": [
        -11.93698756090949,
        -20.346157769610244,
        -15.534441873537894,
        -21.32694807909095
    ],
    "sir": [
        11.521837222381844,
        2.66217832722377,
        3.479102266808618,
        -3.672941287840219
    ]
}