{
    "name": "003 - Actions - One Minute Smile",
    "nsdr": [
        1.2798421178694124,
        -7.146182781375,
        6.141925801782076,
        -1.3554478780400352
    ],
    "sar": [
        -14.23301576589848,
        -21.13970647807182,
        -17.565144539464576,
        -17.504604143991575
    ],
    "sdr": [
        -14.637119358136461,
        -26.746523533448098,
        -19.89147461638232,
        -20.46353444540694
    ],
    "sir": [
        10.270145549295908,
        -4.176974388203222,
        1.5715879999561564,
        0.17982485175217822
    ]
}