{
    "name": "084 - Secretariat - Borderline",
    "nsdr": [
        0.8422758899011811,
        2.5265332651674086,
        1.8858566824578666,
        1.4397042339310975
    ],
    "sar": [
        -12.104240032408587,
        -16.452428949222234,
        -15.230012406166644,
        -14.447462852418514
    ],
    "sdr": [
        -14.185335571580486,
        -17.486669020199727,
        -17.94631564518545,
        -15.512278150516165
    ],
    "sir": [
        2.3725090743186708,
        5.8014533099552175,
        0.7376866802975025,
        5.715053524839102
    ]
}