{
    "name": "045 - Traffic Experiment - Sirens",
    "nsdr": [
        4.601007604982723,
        -0.2844766591466481,
        1.375526282715775,
        -0.4029430762207191
    ],
    "sar": [
        -9.900328595951143,
        -17.88980369696698,
        -14.809085722295878,
        -13.909635444806995
    ],
    "sdr": [
        -10.428401078356313,
        -20.74118197397062,
        -16.82227872272974,
        -16.766585879528833
    ],
    "sir": [
        9.307279417942526,
        0.3939125815515649,
        2.434765317521856,
        0.485350115365644
    ]
}