{
    "name": "048 - We Fell From The Sky - Not You",
    "nsdr": [
        8.727834581483911,
        9.380957118704657,
        9.271044704084485,
        6.7062186863732
    ],
    "sar": [
        4.381181113902785,
        5.013683718584884,
        11.80451548710353,
        7.541654239001496
    ],
    "sdr": [
        2.2916683880786977,
        -3.1678353291094523,
        8.607829092570382,
        3.1231145002039504
    ],
    "sir": [
        7.822237647049755,
        -1.2617589145794441,
        11.716988521832455,
        5.776274220507607
    ]
}