{
    "name": "092 - The Sunshine Garcia Band - For I Am The Moon",
    "nsdr": [
        0.988636062320575,
        2.0981979184872905,
        0.3753315935227004,
        -0.7070331524624294
    ],
    "sar": [
        -10.718194147766564,
        -19.057538432101065,
        -11.476719987551098,
        -15.373504172959452
    ],
    "sdr": [
        -11.240214419455219,
        -19.831107805491285,
        -11.906369630784901,
        -18.786692490205862
    ],
    "sir": [
        9.29067369240975,
        7.153948509983529,
        10.128707451396313,
        -0.6473290753724913
    ]
}