{
    "name": "020 - James May - Dont Let Go",
    "nsdr": [
        1.181798013311413,
        1.2609895299302654,
        -3.7081883589568108,
        -1.7961301874336364
    ],
    "sar": [
        -9.955748664974948,
        -13.744247370717575,
        -12.538268479525062,
        -14.858022830796573
    ],
    "sdr": [
        -10.439772336768742,
        -14.896865024472907,
        -18.606973572697147,
        -20.26851188057501
    ],
    "sir": [
        9.70288617823888,
        5.351560192686097,
        -4.599662070113847,
        -3.797442145317641
    ]
}