{
    "name": "055 - Angels In Amplifiers - I'm Alright",
    "nsdr": [
        1.4412516034318408,
        -2.8592154527687406,
        3.8228975076473084,
        1.813082375551513
    ],
    "sar": [
        -11.814027082209208,
        -18.26911363548346,
        -17.821260427468065,
        -16.42944154449976
    ],
    "sdr": [
        -12.093038145452455,
        -22.49971582928203,
        -19.077608239311097,
        -18.59721240867916
    ],
    "sir": [
        12.058363035766344,
        -2.1076391379864057,
        4.814574613298717,
        1.9865437041978753
    ]
}