{
    "name": "023 - Jokers, Jacks & Kings - Sea Of Leaves",
    "nsdr": [
        0.8640989062721776,
        2.2216935916277514,
        -0.29126100779427944,
        2.9929196189921683
    ],
    "sar": [
        -10.409272595221577,
        -18.290603408633295,
        -20.43707594677549,
        -13.623716472552218
    ],
    "sdr": [
        -11.162441203670541,
        -19.90413483522485,
        -22.86276539820851,
        -14.175694118373684
    ],
    "sir": [
        7.6051693399800255,
        3.5322572229487226,
        1.2994359436061123,
        8.864282652148779
    ]
}