{
    "name": "094 - Titanium - Haunted Age",
    "nsdr": [
        7.578883584291534,
        5.148796430410426,
        3.9143789891129064,
        1.82952396617743
    ],
    "sar": [
        4.062515875273645,
        5.05446683533698,
        3.974523575091199,
        6.7305714644254895
    ],
    "sdr": [
        1.4170424307052483,
        -2.3156342430995753,
        -1.9910467852788614,
        0.8502485303604392
    ],
    "sir": [
        6.263344838900647,
        -0.25636016323933136,
        0.7395140194554612,
        2.9835087073318656
    ]
}