{
    "name": "083 - Remember December - C U Next Time",
    "nsdr": [
        1.43669742936736,
        0.5211664118370152,
        -1.5542639935856108,
        -1.6106063092087162
    ],
    "sar": [
        -12.292933487441688,
        -18.29279764153368,
        -13.767998897119025,
        -17.79481872815537
    ],
    "sdr": [
        -12.651737794843541,
        -20.74411761920254,
        -15.93290606946028,
        -21.651019329604036
    ],
    "sir": [
        10.897508028214526,
        1.2645561746530838,
        2.074780979134923,
        -1.4820266071201817
    ]
}