{
    "name": "075 - Leaf - Summerghost",
    "nsdr": [
        11.59928693775555,
        10.039428242150974,
        12.414633103862732,
        6.119926873975965
    ],
    "sar": [
        9.719603212334302,
        12.389202396333218,
        9.211947122873257,
        4.441961563450585
    ],
    "sdr": [
        7.435151969315611,
        8.270032009238623,
        6.465741849187626,
        -2.5327397175046396
    ],
    "sir": [
        11.757626640729505,
        10.641350047840954,
        10.249019460712322,
        -0.22581212303706716
    ]
}