{
    "name": "089 - St Vitus - Word Gets Around",
    "nsdr": [
        6.811713412219308,
        7.062902071460739,
        2.4872584583565622,
        3.9248113245147866
    ],
    "sar": [
        9.095731655836806,
        6.797604698716944,
        0.6326231409911097,
        2.971691287834386
    ],
    "sdr": [
        7.5547172425590094,
        3.727314606900667,
        -6.6635227178112615,
        -10.625974960986099
    ],
    "sir": [
        13.306610349085569,
        7.502866022583632,
        -3.0622734549985675,
        -8.658209520532786
    ]
}