{
    "name": "062 - Cristina Vane - So Easy",
    "nsdr": [
        1.2917099838161779,
        0.7869277351400221,
        2.0645046037385715,
        1.1548373072937572
    ],
    "sar": [
        -8.224502767787058,
        -20.614433291808716,
        -14.097090738489118,
        -11.98261505577754
    ],
    "sdr": [
        -8.555766440484323,
        -21.855042907870256,
        -14.241870944412698,
        -13.73201301625498
    ],
    "sir": [
        11.618303915264214,
        4.843967776034182,
        14.864025321779994,
        3.31169335494332
    ]
}