{
    "name": "087 - Skelpolu - Together Alone",
    "nsdr": [
        7.065118960782133,
        10.457917872156493,
        7.9195305782507,
        9.06418178147266
    ],
    "sar": [
        -0.8697852946962992,
        7.375552052308042,
        11.594287398605555,
        7.0854671176925335
    ],
    "sdr": [
        -24.4293631001149,
        3.449156681137878,
        10.771539422604974,
        3.5557984350941156
    ],
    "sir": [
        -20.943255015301453,
        6.433181204246955,
        18.69248656593116,
        6.878256083262613
    ]
}