{
    "name": "025 - Leaf - Wicked",
    "nsdr": [
        2.689467647935304,
        8.087473472602056,
        0.8159696422880174,
        -1.4166291832880056
    ],
    "sar": [
        -8.151554836606108,
        -13.178802546428667,
        -16.58770574088019,
        -19.048381109899623
    ],
    "sdr": [
        -8.38352716519595,
        -20.496109954863254,
        -17.59230086264238,
        -20.66353073032674
    ],
    "sir": [
        13.225475114880204,
        -6.222372715953076,
        5.940209175175147,
        3.5168761995260027
    ]
}