{
    "name": "040 - The Long Wait - Back Home To Blue",
    "nsdr": [
        1.1291775121247358,
        1.3889143084008673,
        4.648187161933009,
        -1.5346781085887145
    ],
    "sar": [
        -9.583292550179644,
        -17.90345275687535,
        -7.229910233617901,
        -14.238423636799622
    ],
    "sdr": [
        -9.86492362885677,
        -18.696179618501187,
        -7.653223795730819,
        -17.647920768639715
    ],
    "sir": [
        12.192966270138738,
        7.054030703566329,
        10.650534208999158,
        -0.6041183391979128
    ]
}