{
    "name": "002 - ANiMAL - Rockshow",
    "nsdr": [
        9.648660300958412,
        6.580498233868806,
        7.533532677571581,
        3.4821723385024566
    ],
    "sar": [
        5.050837120607474,
        7.340825606743653,
        7.705710027518283,
        2.7083040867893104
    ],
    "sdr": [
        2.7780250270222746,
        4.660556864578092,
        3.9944067094988367,
        -4.912273105282727
    ],
    "sir": [
        7.858342376192278,
        8.763273578040726,
        7.081663130823227,
        -2.2236164425051093
    ]
}