{
    "name": "022 - Johnny Lokke - Promises & Lies",
    "nsdr": [
        11.577115771252682,
        8.727200303614612,
        9.316370729357809,
        5.744825427835946
    ],
    "sar": [
        8.658588727716163,
        6.8444990177785545,
        8.246647366866744,
        6.807515152229394
    ],
    "sdr": [
        6.651129542332783,
        0.3920531950942898,
        5.853024695717189,
        2.5174206266365857
    ],
    "sir": [
        11.522145125004467,
        2.3228867858300393,
        10.188285051656896,
        5.363190104419429
    ]
}