{
    "name": "028 - Motor Tapes - Shore",
    "nsdr": [
        7.927308341263205,
        11.722589042846192,
        12.533607973384202,
        6.616786235133353
    ],
    "sar": [
        9.343876966764686,
        8.74124578725164,
        1.8240156431621213,
        7.693725566082698
    ],
    "sdr": [
        6.761338396864791,
        4.201534846896543,
        -1.212877260701836,
        4.505952522516096
    ],
    "sir": [
        10.724025404059358,
        6.627676206255848,
        3.964347787814837,
        8.027865992733132
    ]
}