{
    "name": "100 - Young Griffo - Pennies",
    "nsdr": [
        11.725581942487246,
        9.10205831635181,
        9.133518284030641,
        9.197856142717532
    ],
    "sar": [
        8.021424850322017,
        10.388381063089794,
        7.385802495249861,
        5.388780665426016
    ],
    "sdr": [
        6.283988654166417,
        7.221273127845237,
        5.053262659323286,
        0.166737258211012
    ],
    "sir": [
        11.73853367725497,
        10.46025029723699,
        9.595264507137713,
        2.82168206855271
    ]
}