{
    "name": "056 - Arise - Run Run Run",
    "nsdr": [
        11.220231322087226,
        7.588887277655746,
        11.403597483863008,
        4.6399252894669605
    ],
    "sar": [
        6.493803885954609,
        9.138336051624327,
        4.425152149757158,
        6.6315733674907715
    ],
    "sdr": [
        4.0430215317403935,
        5.075444546283333,
        1.5538680684352155,
        2.2502476734084533
    ],
    "sir": [
        8.574229587104977,
        7.738867966683056,
        6.046303101195808,
        5.073655718963797
    ]
}