{
    "name": "035 - Signe Jakobsen - What Have You Done To Me",
    "nsdr": [
        10.172408901728637,
        6.959579758661652,
        6.956314653881982,
        5.382845638662931
    ],
    "sar": [
        8.683270399619744,
        6.912367081001971,
        3.6739554343186773,
        4.95427232488836
    ],
    "sdr": [
        7.441332011277235,
        0.2083021926883703,
        0.5852749725517564,
        1.39910910147396
    ],
    "sir": [
        14.03590947621364,
        2.0566434229131496,
        5.0693481191479295,
        5.129687477760506
    ]
}