{
    "name": "091 - The Long Wait - Dark Horses",
    "nsdr": [
        10.58936839218184,
        6.846828304837185,
        8.43377926818392,
        5.687967933095419
    ],
    "sar": [
        5.730402499168785,
        8.305690982704693,
        5.990381231091792,
        7.485030792722526
    ],
    "sdr": [
        2.549695709335014,
        3.0705379387241747,
        3.2536961943945335,
        2.5365132166657975
    ],
    "sir": [
        6.424735157378975,
        5.215180970486476,
        7.531176123096168,
        4.924497800888136
    ]
}