{
    "name": "081 - Patrick Talbot - Set Me Free",
    "nsdr": [
        10.295146584189304,
        7.113916763621309,
        11.265320380892854,
        7.7688468375102335
    ],
    "sar": [
        7.86525690634472,
        8.972779283344376,
        5.5697026033872685,
        7.625377557257005
    ],
    "sdr": [
        5.49265129168848,
        3.7351959426875023,
        3.776249294363562,
        3.729316255875608
    ],
    "sir": [
        9.908270506451872,
        5.7984729344194985,
        9.54620538706196,
        6.696384384235307
    ]
}