{
    "name": "026 - Louis Cressy Band - Good Time",
    "nsdr": [
        9.884819461583763,
        9.220200609309362,
        9.721632152750582,
        8.060781619016954
    ],
    "sar": [
        7.425576025272425,
        8.652379988582958,
        9.115428562740354,
        5.59464278513754
    ],
    "sdr": [
        5.372414497489052,
        3.1417454303765915,
        7.432881421991992,
        1.4270678404270842
    ],
    "sir": [
        10.334375668755955,
        5.130606018280087,
        12.867412998710785,
        4.582187117369798
    ]
}