{
    "name": "033 - Sambasevam Shanmugam - Kaathaadi",
    "nsdr": [
        9.414929493444374,
        6.506773573893848,
        5.592294287110917,
        8.991741662308442
    ],
    "sar": [
        9.237975594132621,
        8.247595496146511,
        1.0040991613348043,
        3.473988456398629
    ],
    "sdr": [
        6.819205201950868,
        5.539411869195083,
        -2.0066640342555515,
        -3.6341657991015874
    ],
    "sir": [
        11.003500024662493,
        9.480296288636277,
        3.5403774695051164,
        -1.0823975767272769
    ]
}