{
    "name": "003 - Actions - One Minute Smile",
    "nsdr": [
        5.609202567227065,
        10.766788917987856,
        9.24121023930751,
        3.6147308487212517
    ],
    "sar": [
        5.858432987474746,
        7.303493666732914,
        6.677679448708932,
        6.120764001916856
    ],
    "sdr": [
        3.504381843674513,
        0.33493273108791355,
        3.2806532736904064,
        0.61758964397176
    ],
    "sir": [
        8.290076445581466,
        2.05039661099688,
        6.7812632903071925,
        3.0033733480240454
    ]
}