{
    "name": "020 - James May - Dont Let Go",
    "nsdr": [
        9.405546034332833,
        6.34539763737778,
        4.13792949266395,
        3.7590331553396785
    ],
    "sar": [
        7.426107776166249,
        8.70231772789504,
        -1.500445223886352,
        3.7239219553528953
    ],
    "sdr": [
        3.256661862663818,
        6.142758639054655,
        -7.185216255248852,
        -1.2788322323523384
    ],
    "sir": [
        6.074976166246177,
        10.205342698822887,
        -1.992854645279125,
        1.906600441103921
    ]
}