{
    "name": "027 - M.E.R.C. Music - Knockout",
    "nsdr": [
        7.650183412721262,
        8.489784915751097,
        6.918366180035493,
        5.987522824960209
    ],
    "sar": [
        8.727280090918883,
        7.725100904604281,
        4.296216804232133,
        4.760351401531242
    ],
    "sdr": [
        5.396138574877214,
        0.5564046932588086,
        2.4532827266038164,
        0.6738307132462208
    ],
    "sir": [
        8.654005867212087,
        2.1594569015184515,
        8.438052985421795,
        4.074449948919591
    ]
}