{
    "name": "016 - Forkupines - Semantics",
    "nsdr": [
        14.608316529767713,
        6.788617357628555,
        4.268713602790781,
        7.135857227990407
    ],
    "sar": [
        7.614085866981865,
        4.815042311480264,
        8.357920098931206,
        4.598603012272107
    ],
    "sdr": [
        6.792861748693992,
        -2.686971501042836,
        7.155259214564339,
        -2.3921436404036887
    ],
    "sir": [
        15.124016344123323,
        -0.5985627569092296,
        13.910794563184181,
        -0.13011796778102153
    ]
}