{
    "name": "083 - Remember December - C U Next Time",
    "nsdr": [
        8.718679176531161,
        7.641033726742018,
        6.58048541655168,
        5.43384042259878
    ],
    "sar": [
        6.979705769796521,
        8.994433064214508,
        5.652023672854899,
        5.612840729257629
    ],
    "sdr": [
        5.041247400285041,
        2.3698243874517915,
        1.4318571619833325,
        0.17864744863190624
    ],
    "sir": [
        10.27124334015733,
        3.9507952030283677,
        4.542303582475723,
        2.6962976933355627
    ]
}