{
    "name": "062 - Cristina Vane - So Easy",
    "nsdr": [
        15.560499412171444,
        8.991474307657095,
        9.179762489669429,
        9.482258999683681
    ],
    "sar": [
        12.774846765548784,
        6.222152094018176,
        11.790173981396489,
        4.829467766347993
    ],
    "sdr": [
        10.527476816997886,
        1.1587541775958825,
        9.830523987479662,
        -0.9911442763649098
    ],
    "sir": [
        14.68730950447442,
        3.7101607300281083,
        14.50808991780687,
        1.561902579986566
    ]
}