{
    "name": "076 - Little Chicago's Finest - My Own",
    "nsdr": [
        12.72279092581446,
        11.153924646143505,
        8.729892357545111,
        12.101377506693764
    ],
    "sar": [
        9.543888106665847,
        7.9573803438872,
        11.33434316525884,
        4.18843738332685
    ],
    "sdr": [
        8.279219929588049,
        3.019810761358122,
        10.067281165715265,
        -2.50865930706061
    ],
    "sir": [
        14.711726008572988,
        5.344650755522739,
        16.34349583008927,
        -0.060645799755107845
    ]
}