{
    "name": "050 - Zeno - Signs",
    "nsdr": [
        12.400087315194074,
        6.5556583401515045,
        6.216329915667914,
        7.434964737676722
    ],
    "sar": [
        7.6433505570010585,
        4.578693904967665,
        6.813845310226997,
        6.631900496744353
    ],
    "sdr": [
        5.965496389469241,
        -2.243978587186542,
        5.404155455882476,
        2.7124166251461705
    ],
    "sir": [
        11.597225184612851,
        0.06622481215627152,
        11.798179355374906,
        5.824842931572835
    ]
}