{
    "name": "032 - Raft Monk - Tiring",
    "nsdr": [
        6.7893532075721925,
        5.474541752694849,
        7.285887441504897,
        3.08892422241183
    ],
    "sar": [
        2.1567204057235454,
        8.919061163914026,
        4.834514200418253,
        6.55104224823524
    ],
    "sdr": [
        -0.5286348276206193,
        2.8060393128076813,
        2.2679342403857565,
        -1.437787030689046
    ],
    "sir": [
        4.897368744448235,
        4.549146255745756,
        7.006150953854847,
        0.18179215153902026
    ]
}