{
    "name": "014 - Fergessen - Back From The Start",
    "nsdr": [
        5.888005725848047,
        5.331718699629259,
        1.2241647172667964,
        4.190238555544948
    ],
    "sar": [
        6.608259593952964,
        6.551989596607028,
        3.0947738907036086,
        3.7915563347795818
    ],
    "sdr": [
        1.2799885487293483,
        -1.2889280775269762,
        1.7460945866952213,
        -11.800658887953052
    ],
    "sir": [
        3.6448182168219176,
        0.3589970282749105,
        9.214690144063265,
        -10.163361306117729
    ]
}