{
    "name": "059 - Black Bloc - If You Want Success",
    "nsdr": [
        8.281842450227803,
        10.475741042130142,
        8.902243152086875,
        10.783619463200822
    ],
    "sar": [
        7.164254991106058,
        5.191753659033194,
        11.331965130823153,
        6.563476344435706
    ],
    "sdr": [
        2.721792574852342,
        -0.27672213501938614,
        10.132030566649755,
        2.878518544541606
    ],
    "sir": [
        5.420112043480253,
        2.321497556820225,
        16.61283417883471,
        6.170828983088175
    ]
}