{
    "name": "054 - Actions - South Of The Water",
    "nsdr": [
        10.673421220050836,
        8.645085117230217,
        8.71461095953449,
        7.172882683301587
    ],
    "sar": [
        7.288851101342283,
        11.516926358400442,
        4.448414498780959,
        7.649153912592352
    ],
    "sdr": [
        2.8864966276734854,
        7.295469676357232,
        1.8337850196356942,
        2.794231897764585
    ],
    "sir": [
        5.587656026833309,
        9.655715077581931,
        6.611814165969508,
        5.202512172103879
    ]
}