{
    "name": "041 - The Mountaineering Club - Mallory",
    "nsdr": [
        12.383422563654833,
        9.368865032103802,
        10.829875699848586,
        8.612259065129605
    ],
    "sar": [
        9.875925693671375,
        9.102803178221482,
        6.719041171332361,
        6.770599405045628
    ],
    "sdr": [
        7.355799639122232,
        6.867115473742908,
        4.600681017609687,
        2.98531283362875
    ],
    "sir": [
        11.344074665441301,
        11.324436809058898,
        9.572848132726332,
        6.167308867351002
    ]
}