{
    "name": "017 - Girls Under Glass - We Feel Alright",
    "nsdr": [
        10.752269804220829,
        2.71610623999132,
        4.3457487905814345,
        7.101707367062595
    ],
    "sar": [
        2.9487175211716528,
        5.2158564483520315,
        7.5317582391965345,
        5.376261557694036
    ],
    "sdr": [
        -6.4871507672113236,
        -0.6903353874340898,
        3.200479817798436,
        1.850912593718139
    ],
    "sir": [
        -4.180582970875956,
        1.7402887267899492,
        5.905323231206879,
        5.506663480807243
    ]
}