{
    "name": "023 - Jokers, Jacks & Kings - Sea Of Leaves",
    "nsdr": [
        10.224299546274962,
        8.455639317352542,
        10.528519960163207,
        5.942145798988799
    ],
    "sar": [
        8.465213549592344,
        5.146647999459547,
        8.38126656916196,
        7.488747130656503
    ],
    "sdr": [
        5.776388337876279,
        0.7602449050126041,
        6.58347168085871,
        2.2566684735061675
    ],
    "sir": [
        9.712018168786365,
        3.885679936879443,
        11.870541345920289,
        4.516797669968719
    ]
}