{
    "name": "009 - Bobby Nobody - Stitch Up",
    "nsdr": [
        8.832820059648096,
        6.448005938141327,
        8.690981816182207,
        3.314652112592431
    ],
    "sar": [
        6.75491199040037,
        9.29369231886721,
        3.3481868503028647,
        4.8078386871314835
    ],
    "sdr": [
        5.044870745877738,
        2.2624690706441317,
        0.6481101194457364,
        -0.6867891842974678
    ],
    "sir": [
        10.751485205031896,
        3.7043492442639354,
        5.643688257823214,
        1.9933581972884153
    ]
}