{
    "name": "063 - Detsky Sad - Walkie Talkie",
    "nsdr": [
        12.27286401842997,
        9.871115356416468,
        6.458341591138618,
        7.753935009167547
    ],
    "sar": [
        9.298930666194313,
        4.142412468337002,
        8.480070051902162,
        5.132376394589668
    ],
    "sdr": [
        7.2388862030059435,
        -1.7322950542292785,
        7.237749936185934,
        0.1841169259668264
    ],
    "sir": [
        11.949894320651902,
        0.9821592995800544,
        13.855914767825281,
        3.0210140471377454
    ]
}