{
    "name": "027 - M.E.R.C. Music - Knockout",
    "nsdr": [
        7.672173650724455,
        8.484427295671129,
        6.927479244015135,
        5.974260078831648
    ],
    "sar": [
        8.675985970237356,
        7.731141806657654,
        4.316690454809528,
        4.748451610028193
    ],
    "sdr": [
        5.41812881288041,
        0.5510470731495699,
        2.4623957905834604,
        0.660567967117648
    ],
    "sir": [
        8.746648182418436,
        2.1505243111296704,
        8.42021499361495,
        4.063298690741983
    ]
}