{
    "name": "089 - St Vitus - Word Gets Around",
    "nsdr": [
        7.703881766566003,
        7.9368861086446145,
        4.986010531599317,
        3.8510323920126996
    ],
    "sar": [
        10.38725390879016,
        8.165215787826055,
        -0.6630063268602311,
        4.675308069895422
    ],
    "sdr": [
        8.446885596905696,
        4.601298644084545,
        -4.1647706445685,
        -10.699753893488186
    ],
    "sir": [
        13.260123567115045,
        7.737326798617877,
        1.7585129913668736,
        -9.298354813089677
    ]
}