{
    "name": "002 - ANiMAL - Rockshow",
    "nsdr": [
        9.643873793834771,
        6.5769384274490434,
        7.533758890558474,
        3.4720254521887206
    ],
    "sar": [
        5.038118947917289,
        7.334808113328384,
        7.700117558976604,
        2.6955523142955506
    ],
    "sdr": [
        2.773238519898632,
        4.656997058158332,
        3.9946329224857258,
        -4.92241999159646
    ],
    "sir": [
        7.868148177743169,
        8.76353228848004,
        7.087014826955834,
        -2.228764249273422
    ]
}