{
    "name": "058 - Ben Carrigan - We'll Talk About It All Tonight",
    "nsdr": [
        10.459476953073715,
        7.688041978429041,
        7.012256555448109,
        5.535697010128846
    ],
    "sar": [
        4.8376015977707745,
        9.233167027451227,
        6.425410884660369,
        4.590792188985225
    ],
    "sdr": [
        3.210750998884296,
        5.109820520017619,
        4.267466117386961,
        -1.832436881732495
    ],
    "sir": [
        9.496065158572605,
        7.7244385323326545,
        9.230393220843133,
        0.5858291533257188
    ]
}