{
    "name": "030 - Patrick Talbot - A Reason To Leave",
    "nsdr": [
        8.81732759115511,
        8.39047647761899,
        10.617653851459625,
        5.9365379968041445
    ],
    "sar": [
        11.601546628675553,
        7.4896841816373865,
        4.638658779970438,
        4.65540755639146
    ],
    "sdr": [
        9.798213580178897,
        2.015012622387581,
        3.017861979265909,
        -2.7911903654628722
    ],
    "sir": [
        14.776229164137614,
        4.175148251357935,
        9.366550454121462,
        -0.650550866012352
    ]
}