{
    "name": "010 - Carlos Gonzalez - A Place For Us",
    "nsdr": [
        6.7575650934264875,
        9.378599382928908,
        8.781432301143035,
        5.437349414237024
    ],
    "sar": [
        9.312922901212223,
        6.8175458830229445,
        6.610370818892282,
        5.465079918219779
    ],
    "sdr": [
        4.724519594175959,
        1.2588650993500008,
        3.8857404745786,
        0.6779334764601177
    ],
    "sir": [
        7.060884481702159,
        3.4948115473381147,
        8.059211856742335,
        3.5169354117079705
    ]
}