{
    "name": "013 - Drumtracks - Ghost Bitch",
    "nsdr": [
        11.67224368064236,
        1.80226883749632,
        2.8697714041903746,
        6.849504183642953
    ],
    "sar": [
        8.416600819903996,
        5.315448845365909,
        5.339616798375342,
        6.557742924121575
    ],
    "sdr": [
        6.947744156175146,
        0.2874406168168591,
        -4.44192353532717,
        1.3029748894514444
    ],
    "sir": [
        12.953773285717055,
        3.045021399638888,
        -2.8452754432429765,
        3.7077625604764233
    ]
}