{
    "name": "026 - Louis Cressy Band - Good Time",
    "nsdr": [
        9.883676704356482,
        9.21606683140963,
        9.71674564133213,
        8.059266632942464
    ],
    "sar": [
        7.430632012608195,
        8.658589507163573,
        9.12464780804848,
        5.590760214606851
    ],
    "sdr": [
        5.371271740261772,
        3.1376116524768696,
        7.4279949105735525,
        1.4255528543525895
    ],
    "sir": [
        10.32222234778127,
        5.1216888079438325,
        12.831859758245685,
        4.58298222043667
    ]
}