{
    "name": "025 - Leaf - Wicked",
    "nsdr": [
        16.261101329166266,
        9.811900931683969,
        8.803273467055574,
        9.906097036334387
    ],
    "sar": [
        9.694358660427408,
        9.969483546395425,
        9.859922138463194,
        4.11414241743611
    ],
    "sdr": [
        7.608512002280074,
        7.252222861177619,
        8.160225503983332,
        -1.2264791506905743
    ],
    "sir": [
        12.23741151540663,
        10.993484755667843,
        13.483370565906945,
        1.6986865157871802
    ]
}