{
    "name": "060 - Buitraker - Revo X",
    "nsdr": [
        18.573899049117134,
        9.392815202850322,
        7.392347344961346,
        10.75687529457427
    ],
    "sar": [
        5.492572035783487,
        9.372852032699278,
        11.504644269650996,
        5.421231269434702
    ],
    "sdr": [
        3.6321769680066347,
        5.5038002407168785,
        9.762066531546882,
        -1.354174142476302
    ],
    "sir": [
        9.290977278516147,
        8.272275653594882,
        14.866937384339796,
        0.7659678452894615
    ]
}