{
    "name": "024 - Leaf - Come Around",
    "nsdr": [
        13.225249943092981,
        -0.7607019852397965,
        12.513940433393618,
        7.339626692907231
    ],
    "sar": [
        6.2100934742706695,
        8.826837646685764,
        -2.695026205387073,
        3.4469920401988574
    ],
    "sdr": [
        2.2046493856061473,
        8.406094431483089,
        -5.575016060594972,
        -6.813848865127946
    ],
    "sir": [
        5.337717675658746,
        19.287117779909625,
        2.1332184136090215,
        -4.764140742272306
    ]
}