{
    "name": "015 - Fergessen - The Wind",
    "nsdr": [
        9.68647260077589,
        6.132175869624087,
        7.243266128062651,
        4.904545533327418
    ],
    "sar": [
        10.048117688882634,
        5.5213298150261325,
        2.8097627458210077,
        6.603107129202771
    ],
    "sdr": [
        7.943131236474192,
        -2.8115349538441734,
        0.7157830993682384,
        1.4670868004837858
    ],
    "sir": [
        12.508120750103535,
        -1.048413389191236,
        6.7176973369589765,
        3.9151603983061305
    ]
}