{
    "name": "003 - Actions - One Minute Smile",
    "nsdr": [
        5.561254265975734,
        10.771582450855137,
        9.24245724763097,
        3.60846795603579
    ],
    "sar": [
        5.733845580622359,
        7.3061001230917855,
        6.670222268192694,
        6.096312589069363
    ],
    "sdr": [
        3.4564335424231722,
        0.33972626395549094,
        3.281900282013855,
        0.6113267512863048
    ],
    "sir": [
        8.376904967423226,
        2.055331649731296,
        6.791181354073338,
        3.0090735594112887
    ]
}