{
    "name": "064 - Enda Reilly - Cur An Long Ag Seol",
    "nsdr": [
        10.28564375561241,
        9.6865195176674,
        10.347136509422413,
        7.781687699833482
    ],
    "sar": [
        9.944017793441816,
        7.106308140908513,
        8.565208972899814,
        6.3783142837656595
    ],
    "sdr": [
        7.7468463586888925,
        3.4091924676704046,
        6.18362878618414,
        0.7360048726651215
    ],
    "sir": [
        12.177464067489396,
        6.59920132171763,
        10.495132721453793,
        3.0190592932410683
    ]
}