{
    "name": "006 - Atlantis Bound - It Was My Fault For Waiting",
    "nsdr": [
        11.080361855962876,
        8.631302100737527,
        7.285499054443769,
        6.849484802076374
    ],
    "sar": [
        6.108607649113871,
        6.6085932358855235,
        9.022724003912703,
        6.2706840984117775
    ],
    "sdr": [
        4.356242209470169,
        1.4253810632969124,
        7.344506692644655,
        -0.3399825029651222
    ],
    "sir": [
        10.096240368097787,
        3.8517785319750124,
        12.798423489605756,
        1.649502323542856
    ]
}