{
    "name": "079 - Mu - Too Bright",
    "nsdr": [
        12.34480569487107,
        10.918910321550905,
        11.03419544628758,
        8.676096694181483
    ],
    "sar": [
        10.868361276835133,
        7.011764172530367,
        11.631934606966832,
        6.448057488000273
    ],
    "sdr": [
        8.734743102967963,
        1.7150610770219838,
        10.065385659046044,
        1.4891430680849818
    ],
    "sir": [
        13.186420654710533,
        4.023438862408738,
        15.542005928540132,
        4.04607008958834
    ]
}