{
    "name": "038 - Spike Mullings - Mike's Sulking",
    "nsdr": [
        6.446973597676624,
        3.195262616030186,
        6.0720471438298755,
        1.7013901508245697
    ],
    "sar": [
        5.410573982630766,
        5.579845338882674,
        3.3174279167423664,
        7.213401775092768
    ],
    "sdr": [
        -0.09508997435682967,
        -2.8070539560360275,
        0.8576601650994795,
        -0.5328617332504292
    ],
    "sir": [
        2.438619890715697,
        -1.0659110894023835,
        6.159482408153543,
        1.0213548853261283
    ]
}