{
    "name": "051 - AM Contra - Heart Peripheral",
    "nsdr": [
        13.40881216152517,
        5.833828208898971,
        5.732443447804009,
        4.434421212176054
    ],
    "sar": [
        10.319178391911258,
        5.208721563768165,
        7.63884794377578,
        2.859958242785642
    ],
    "sdr": [
        8.991317937720684,
        -2.0239736786906173,
        4.637805026585521,
        -2.9595514187034473
    ],
    "sir": [
        15.170524357556822,
        0.030516493915871794,
        8.347519523111654,
        0.17059673914700146
    ]
}