{
    "name": "084 - Secretariat - Borderline",
    "nsdr": [
        7.1890729131641455,
        7.33918031698609,
        8.42686560600601,
        2.1287672773463227
    ],
    "sar": [
        5.421661628065171,
        6.480122748882287,
        1.1532180637899576,
        7.607908257046195
    ],
    "sdr": [
        1.8673839183242746,
        -0.47167767624421053,
        -2.6810538377866298,
        3.314264044981552
    ],
    "sir": [
        5.489998725156193,
        1.3879524322329306,
        2.10880902801288,
        6.029913890609184
    ]
}