{
    "name": "031 - Phre The Eon - Everybody's Falling Apart",
    "nsdr": [
        12.411531628745543,
        -0.5241436193505091,
        1.8698114342355572,
        3.586702968642638
    ],
    "sar": [
        8.165819520296282,
        4.800189654096581,
        5.7341866182682555,
        2.752733055028924
    ],
    "sdr": [
        5.896805363766109,
        -8.251754221463313,
        3.9454021031997186,
        -7.1019793706551715
    ],
    "sir": [
        10.418106318726545,
        -6.789009842096718,
        9.689315587655221,
        -4.779480718679318
    ]
}