{
    "name": "086 - Skelpolu - Human Mistakes",
    "nsdr": [
        12.963968758211088,
        5.202335147823506,
        7.88688116818064,
        13.846757602789435
    ],
    "sar": [
        0.5510515814503514,
        10.355783294798616,
        4.486856173166563,
        8.892531974775856
    ],
    "sdr": [
        -7.454758587165538,
        8.039575525627846,
        1.8943116111997447,
        6.3833465568626515
    ],
    "sir": [
        -3.9629400405205835,
        12.25915895531444,
        6.689111288126011,
        10.487336323778397
    ]
}