{
    "name": "014 - Fergessen - Back From The Start",
    "nsdr": [
        5.893125208281035,
        5.332302203124994,
        1.2173633667964587,
        4.200498500701563
    ],
    "sar": [
        6.610637460639625,
        6.533490494816137,
        3.0842871908601244,
        3.7874393749008113
    ],
    "sdr": [
        1.2851080311623408,
        -1.2883445740314226,
        1.739293236224889,
        -11.79039894279641
    ],
    "sir": [
        3.6506494606978097,
        0.36670164748010947,
        9.221477999370002,
        -10.151479372058406
    ]
}