{
    "name": "004 - Al James - Schoolboy Facination",
    "nsdr": [
        6.897744657213425,
        7.76244270862519,
        6.935584639342389,
        3.7839378322260453
    ],
    "sar": [
        7.115480786490509,
        7.472702868774474,
        2.660415173347084,
        4.443958293055486
    ],
    "sdr": [
        5.232560312752041,
        4.048362201886464,
        0.20147636410988007,
        -4.457154161374382
    ],
    "sir": [
        10.540682526981008,
        7.395632517600836,
        5.724156569491092,
        -2.524831249709499
    ]
}