{
    "name": "092 - The Sunshine Garcia Band - For I Am The Moon",
    "nsdr": [
        12.381062120774592,
        8.096691834897564,
        6.119955756933056,
        8.980432198917304
    ],
    "sar": [
        10.259351751818038,
        8.20160514250648,
        5.732190642916977,
        5.098246843522788
    ],
    "sdr": [
        8.080155460423104,
        4.493224149666617,
        3.507180314309049,
        -0.9217028128964179
    ],
    "sir": [
        12.510146104302894,
        7.514153599094002,
        8.505149068510935,
        1.497809749624558
    ]
}