{
    "name": "095 - Traffic Experiment - Once More (With Feeling)",
    "nsdr": [
        10.051326820584523,
        4.598532240958694,
        9.384214290824701,
        3.9543172903323183
    ],
    "sar": [
        4.343921781969195,
        7.942334578828739,
        4.426083480467469,
        6.504311731655203
    ],
    "sdr": [
        1.149006128393762,
        4.807035957586376,
        1.3905376271288452,
        -0.6432835647473795
    ],
    "sir": [
        5.342434814940696,
        8.342689261283098,
        5.714012385979022,
        1.163795694488882
    ]
}