{
    "name": "082 - Punkdisco - Oral Hygiene",
    "nsdr": [
        16.759032095401597,
        8.114533060879232,
        10.065406128712183,
        12.239660746508275
    ],
    "sar": [
        6.749658925903917,
        9.719492284544238,
        9.866878292421102,
        4.1962607475042235
    ],
    "sdr": [
        4.13704009477907,
        7.24561896870914,
        8.620767799347217,
        0.7387073611140396
    ],
    "sir": [
        8.417893262359357,
        11.308255283502993,
        15.077412049743488,
        4.743960801130034
    ]
}