{
    "name": "077 - Lyndsey Ollard - Catching Up",
    "nsdr": [
        5.0020928489433,
        17.129985445187682,
        -0.9686533712863472,
        8.778033858418059
    ],
    "sar": [
        11.497446463727583,
        6.934329859360449,
        -0.5316401596022691,
        7.2031777553450524
    ],
    "sdr": [
        9.876846048192052,
        2.6515520224966145,
        -30.33825097044169,
        3.1995106351850806
    ],
    "sir": [
        15.24029215600909,
        5.480046227147495,
        -27.049457859217434,
        6.1588487374833765
    ]
}