{
    "name": "019 - James Elder & Mark M Thompson - The English Actor",
    "nsdr": [
        8.61179110988505,
        9.06974301624247,
        12.303144118634595,
        7.657168731523714
    ],
    "sar": [
        11.827018348864648,
        2.5816989524237237,
        8.843027437305286,
        5.736435630630206
    ],
    "sdr": [
        10.26793327423617,
        -12.189630593818286,
        7.816741552019108,
        -0.07392321458205697
    ],
    "sir": [
        15.749509920201763,
        -10.133872443732653,
        15.117749443129256,
        2.27530864504166
    ]
}