{
    "name": "004 - Al James - Schoolboy Facination",
    "nsdr": [
        6.891164661901203,
        7.764834168461636,
        6.937414700704379,
        3.793251755554561
    ],
    "sar": [
        7.101790991291482,
        7.473637356839182,
        2.663445898140406,
        4.446634480620359
    ],
    "sdr": [
        5.225980317439821,
        4.050753661722971,
        0.20330642547188033,
        -4.447840238045869
    ],
    "sir": [
        10.549463012290126,
        7.399096605475962,
        5.72334555247512,
        -2.515242603867633
    ]
}