{
    "name": "069 - Hollow Ground - Left Blind",
    "nsdr": [
        13.85543821138135,
        5.5092837428916575,
        4.454138102732157,
        5.163636396247798
    ],
    "sar": [
        4.424680186728368,
        7.647336823229583,
        4.7585141978313725,
        6.024301944383085
    ],
    "sdr": [
        2.4321787607830903,
        3.078109062877567,
        0.49074112634697276,
        1.1912657853922477
    ],
    "sir": [
        8.11291055746219,
        5.632541179122352,
        3.7796621557272356,
        3.8899534763032726
    ]
}