{
    "name": "020 - James May - Dont Let Go",
    "nsdr": [
        9.404607605851286,
        6.339477575571936,
        4.137798460899767,
        3.7621581951100485
    ],
    "sar": [
        7.434530656216981,
        8.705139366646033,
        -1.4850298344117483,
        3.7361598102312987
    ],
    "sdr": [
        3.2557234341822623,
        6.136838577248801,
        -7.1853472870130455,
        -1.275707192581967
    ],
    "sir": [
        6.066950878684059,
        10.188223511704287,
        -2.0077439651674007,
        1.9018797086504002
    ]
}