{
    "name": "024 - Leaf - Come Around",
    "nsdr": [
        13.215101394249142,
        -0.7622153211665506,
        12.49358964049295,
        7.32102266359327
    ],
    "sar": [
        6.209282021065624,
        8.828439029325756,
        -2.6865126670876407,
        3.4548059868931187
    ],
    "sdr": [
        2.194500836762309,
        8.404581095556322,
        -5.595366853495638,
        -6.832452894441667
    ],
    "sir": [
        5.321573869796517,
        19.25491914540338,
        2.0768636703053844,
        -4.787913566155314
    ]
}