{
    "name": "085 - Side Effects Project - Sing With Me",
    "nsdr": [
        10.736572772285056,
        12.20176129822464,
        10.72605899597848,
        9.468451989000895
    ],
    "sar": [
        9.558380430447446,
        6.387065098603434,
        12.706965787081522,
        2.15043809462483
    ],
    "sdr": [
        8.284551895590935,
        2.1934803220405024,
        11.063938956255111,
        -6.26162664257723
    ],
    "sir": [
        14.688624927067742,
        5.173069323792107,
        16.307808264738096,
        -3.5187952976295533
    ]
}