{
    "name": "090 - The Doppler Shift - Atrophy",
    "nsdr": [
        15.119953698149754,
        4.403819478328051,
        5.249326758747153,
        12.344700792052462
    ],
    "sar": [
        9.403420030703497,
        5.9812137301304915,
        11.157635772919525,
        7.727355452273944
    ],
    "sdr": [
        7.635929314755505,
        -5.643351613143517,
        8.281262949079505,
        2.6665454694774198
    ],
    "sir": [
        12.865692767354691,
        -4.356808517481641,
        11.750301038208669,
        4.966839213015781
    ]
}