{
    "name": "048 - We Fell From The Sky - Not You",
    "nsdr": [
        9.96966598165914,
        9.375948067738483,
        9.610699045310584,
        7.201276117020688
    ],
    "sar": [
        5.255552593634887,
        5.249206214203802,
        11.856327330139582,
        6.588800340250554
    ],
    "sdr": [
        3.5334997882539283,
        -3.1728443800757007,
        8.947483433796481,
        3.6181719308514513
    ],
    "sir": [
        9.516762428946157,
        -1.363806043249759,
        12.336051223934044,
        7.529761201198001
    ]
}