{
    "name": "030 - Patrick Talbot - A Reason To Leave",
    "nsdr": [
        8.803749771012606,
        8.393155239671442,
        10.627524988175875,
        5.939888371319135
    ],
    "sar": [
        11.591711435412629,
        7.477890309707043,
        4.636447975893152,
        4.64799672479654
    ],
    "sdr": [
        9.784635760036387,
        2.017691384440015,
        3.027733115982147,
        -2.787839990947878
    ],
    "sir": [
        14.756026270790073,
        4.1853527050599135,
        9.403814640221507,
        -0.6429430443626317
    ]
}