{
    "name": "018 - Hollow Ground - Ill Fate",
    "nsdr": [
        12.636495936414132,
        2.7403838254143897,
        5.066567540797882,
        -0.19919175777475184
    ],
    "sar": [
        4.234750489741968,
        8.232417533444265,
        3.372334495065665,
        4.7945677641162785
    ],
    "sdr": [
        2.808524462234572,
        -1.7520521412804957,
        -1.9736098725519178,
        -0.08120515519004845
    ],
    "sir": [
        9.727941103131283,
        -0.6848992423077537,
        1.1697072523659007,
        2.8719166898345776
    ]
}