{
    "name": "071 - James May - If You Say",
    "nsdr": [
        7.479325894371214,
        7.785601939487642,
        7.526077024765097,
        5.096693690447074
    ],
    "sar": [
        9.04907139926296,
        6.494299499308314,
        0.49094991685726375,
        8.578825562695728
    ],
    "sdr": [
        4.136573677233909,
        0.7406100126300291,
        -5.071003054231561,
        4.553492864263315
    ],
    "sir": [
        6.3380406460495315,
        2.9611453503796175,
        -0.8855403731877086,
        7.305769435165891
    ]
}