{
    "name": "009 - Bobby Nobody - Stitch Up",
    "nsdr": [
        8.837935829995098,
        6.443113353671946,
        8.693618672436973,
        3.3133646156941268
    ],
    "sar": [
        6.745712985995409,
        9.304286525934698,
        3.3643866177234054,
        4.807791928873307
    ],
    "sdr": [
        5.0499865162247435,
        2.257576486174763,
        0.6507469757004958,
        -0.6880766811957707
    ],
    "sir": [
        10.788022883809242,
        3.6945253178160153,
        5.625528911980466,
        1.9915946531548738
    ]
}