{
    "name": "052 - ANiMAL - Easy Tiger",
    "nsdr": [
        12.86842457853654,
        8.536126371889688,
        7.5559238015548384,
        8.350539936729406
    ],
    "sar": [
        9.88739827417034,
        8.779639440308504,
        7.011821508559222,
        3.8324199798348935
    ],
    "sdr": [
        8.634750034466501,
        4.599784210124075,
        4.041652522242013,
        -0.7319397456642652
    ],
    "sir": [
        15.069866859963067,
        7.229769068765311,
        7.880591106353286,
        2.63999987021243
    ]
}