{
    "name": "047 - Voelund - Comfort Lives In Belief",
    "nsdr": [
        5.247951836336865,
        4.747357393898103,
        6.9915488118143925,
        2.769873963501952
    ],
    "sar": [
        4.400660298755161,
        4.721933668912477,
        2.382135965281409,
        6.094713648137623
    ],
    "sdr": [
        2.0989648963700516,
        -1.6624014330888879,
        -0.7533519202756468,
        0.31388191379257996
    ],
    "sir": [
        7.301499376058724,
        0.7339690942977788,
        4.115819831442663,
        2.6006048974195597
    ]
}