{
    "name": "098 - Wall Of Death - Femme",
    "nsdr": [
        10.806784487382465,
        4.676299525499755,
        8.452481824979658,
        4.827772447318248
    ],
    "sar": [
        4.511237257831374,
        5.040138390385696,
        7.460294007897279,
        8.65607995991078
    ],
    "sdr": [
        1.9039139410347432,
        -2.8330858582410805,
        4.763565311535035,
        3.801357112838569
    ],
    "sir": [
        6.674297270332243,
        -0.8756846990017487,
        8.828688019405107,
        6.0759146244281705
    ]
}