{
    "name": "011 - Cnoc An Tursa - Bannockburn",
    "nsdr": [
        7.579436434862549,
        1.7583222070149223,
        2.230703911762581,
        5.696669734571659
    ],
    "sar": [
        1.0978112024732007,
        7.106598824647209,
        5.830314160082777,
        6.070829380924008
    ],
    "sdr": [
        -2.0990568174682647,
        -6.1901342513043325,
        2.587375212928279,
        0.8808042395916662
    ],
    "sir": [
        3.228351328091767,
        -5.209388357470804,
        6.384697040385938,
        3.405643359908152
    ]
}