{
    "name": "094 - Titanium - Haunted Age",
    "nsdr": [
        8.288668648089224,
        4.9925260911059794,
        5.19002370768664,
        2.0000835869848834
    ],
    "sar": [
        4.064028681928703,
        5.4048988582867095,
        3.047144602343221,
        6.6431015093898385
    ],
    "sdr": [
        2.1268274945029355,
        -2.471904582404022,
        -0.7154020667051344,
        1.0208081511678835
    ],
    "sir": [
        8.002847749002889,
        -0.5994802808711758,
        3.4025793116967193,
        3.2630518320589457
    ]
}