{
    "name": "011 - Cnoc An Tursa - Bannockburn",
    "nsdr": [
        7.618425846551469,
        1.7544740223348105,
        2.2310297508144883,
        5.698502008520499
    ],
    "sar": [
        1.0788450510389263,
        7.10510148387418,
        5.822549697409589,
        6.0609595530491065
    ],
    "sdr": [
        -2.060067405779337,
        -6.193982435984432,
        2.5877010519801864,
        0.8826365135405041
    ],
    "sir": [
        3.3296110779948735,
        -5.213107908763578,
        6.39393318161123,
        3.4145226786426126
    ]
}