{
    "name": "016 - Forkupines - Semantics",
    "nsdr": [
        14.599068497725627,
        6.785942531127132,
        4.27461760199347,
        7.1360411032636675
    ],
    "sar": [
        7.585404644988345,
        4.818316352133097,
        8.372225634635232,
        4.592781596579844
    ],
    "sdr": [
        6.783613716651917,
        -2.689646327544289,
        7.161163213767021,
        -2.3919597651304274
    ],
    "sir": [
        15.213606235097707,
        -0.6033345707303578,
        13.888652227224775,
        -0.12693201229468082
    ]
}