{
    "name": "073 - Johnny Lokke - Whisper To A Scream",
    "nsdr": [
        12.765733616724132,
        8.143020429051509,
        8.359293680622908,
        7.442034608911813
    ],
    "sar": [
        7.8554590672737,
        8.32410529548607,
        9.477295629617116,
        6.493609378591597
    ],
    "sdr": [
        6.3675280748683605,
        2.8426848041015935,
        6.479285745580806,
        1.384631935449086
    ],
    "sir": [
        12.401269640863966,
        4.88375859552826,
        9.966042633845637,
        3.8645581499255384
    ]
}