{
    "name": "045 - Traffic Experiment - Sirens",
    "nsdr": [
        9.615409066318083,
        5.300964256002298,
        8.124156877409433,
        3.3778349428193417
    ],
    "sar": [
        6.033750925020886,
        5.632925272580178,
        4.985683874963699,
        6.02294845251755
    ],
    "sdr": [
        2.7610622018750175,
        -3.4198391965721493,
        2.461256882073524,
        3.3790005297434855
    ],
    "sir": [
        6.49040014147856,
        -1.793581261254963,
        7.215470200092562,
        7.7580578817460015
    ]
}