{
    "name": "043 - Timboz - Pony",
    "nsdr": [
        5.489000532483972,
        4.850641116419513,
        3.775534513511776,
        0.13153960987900648
    ],
    "sar": [
        -1.9415967901618667,
        4.787186092275464,
        1.4448423337946228,
        6.011807154998722
    ],
    "sdr": [
        -5.229341498936735,
        -5.239169256313816,
        -2.2371871822887868,
        2.3203036748018935
    ],
    "sir": [
        1.6088888019438095,
        -3.539113389996529,
        2.539186629176374,
        5.712763312161603
    ]
}