{
    "name": "099 - Young Griffo - Blood To Bone",
    "nsdr": [
        12.80794212184507,
        6.016382465518378,
        10.181718520055295,
        10.931933650562849
    ],
    "sar": [
        8.521467094922032,
        9.462479815548761,
        7.9534668816817575,
        7.503870325339371
    ],
    "sdr": [
        5.415495979792634,
        5.885458242382972,
        6.182584396942836,
        -0.12143370071181744
    ],
    "sir": [
        8.903357923055657,
        8.86016175512461,
        11.579241464649776,
        1.412540587117967
    ]
}