{
    "name": "025 - Leaf - Wicked",
    "nsdr": [
        16.285227625997898,
        9.816239804997872,
        8.808093292676247,
        9.917289542531922
    ],
    "sar": [
        9.706316174527412,
        9.965547081195512,
        9.856546709011267,
        4.103588738943931
    ],
    "sdr": [
        7.632638299111703,
        7.256561734491568,
        8.165045329604014,
        -1.2152866444930437
    ],
    "sir": [
        12.280190845346189,
        11.007720791980242,
        13.505665393433087,
        1.7218474240700856
    ]
}