{
    "name": "029 - Nerve 9 - Pray For The Rain",
    "nsdr": [
        6.913104124512861,
        11.938358354909882,
        12.63176709516094,
        4.545805495493508
    ],
    "sar": [
        9.499710879630568,
        7.902975240195156,
        8.520922136829924,
        5.558832671644608
    ],
    "sdr": [
        5.883234272368161,
        5.684507672855075,
        6.670033013557046,
        -1.9915859193345133
    ],
    "sir": [
        8.823561224796546,
        10.316260331061946,
        11.83793697213301,
        -0.08657651474045405
    ]
}