{
    "name": "033 - Sambasevam Shanmugam - Kaathaadi",
    "nsdr": [
        9.411207264910129,
        6.50719790112864,
        5.594994260372848,
        8.985750926108146
    ],
    "sar": [
        9.218306721293722,
        8.25145421582089,
        1.0162058436473085,
        3.4837272374375345
    ],
    "sdr": [
        6.815482973416622,
        5.539836196429873,
        -2.0039640609936193,
        -3.6401565353018865
    ],
    "sir": [
        11.023364420677076,
        9.47625408663318,
        3.5283405583157097,
        -1.0951978981311485
    ]
}