{
    "name": "067 - Georgia Wonder - Siren",
    "nsdr": [
        12.17007382119359,
        9.62094632508428,
        8.517362500444566,
        8.353463375272547
    ],
    "sar": [
        7.716123321140042,
        9.006529948560358,
        7.886701312300344,
        5.649959920833741
    ],
    "sdr": [
        5.579788736938336,
        4.7215701836844195,
        6.382835167001007,
        1.9722633544987247
    ],
    "sir": [
        10.364277310669117,
        7.261916592756304,
        12.373439020937358,
        5.449999845282224
    ]
}