{
    "name": "040 - The Long Wait - Back Home To Blue",
    "nsdr": [
        13.74184130895975,
        7.9106571896803395,
        11.46311557041071,
        9.305360283230774
    ],
    "sar": [
        11.33010537399884,
        11.264162130459791,
        3.284532142092413,
        6.198059028137206
    ],
    "sdr": [
        8.422077858300634,
        8.855681857110245,
        1.749550248990393,
        0.6623063008111446
    ],
    "sir": [
        11.845618460600566,
        12.8778783252357,
        8.682682066891317,
        3.0203166081360355
    ]
}