{
    "name": "006 - Atlantis Bound - It Was My Fault For Waiting",
    "nsdr": [
        11.078201925276312,
        8.619033219082038,
        7.2883649211451225,
        6.846103969070773
    ],
    "sar": [
        6.091748429124299,
        6.627652415113161,
        9.040824243476997,
        6.268311443703535
    ],
    "sdr": [
        4.3540822787836095,
        1.413112181641467,
        7.347372559346028,
        -0.34336333597072194
    ],
    "sir": [
        10.127127731964645,
        3.8225407909973823,
        12.767158056775873,
        1.646293232929695
    ]
}