{
    "name": "007 - BKS - Too Much",
    "nsdr": [
        11.327542098209122,
        9.08999377923514,
        7.785118964338956,
        6.868622904691078
    ],
    "sar": [
        10.996214742054969,
        9.507358678220616,
        5.579363905371463,
        2.815162120606176
    ],
    "sdr": [
        9.179571463645264,
        5.920330144145371,
        2.6447823181343604,
        -4.659347125318009
    ],
    "sir": [
        14.173658157718915,
        8.882682619240063,
        6.7931508388019886,
        -1.9765035565401081
    ]
}