{
    "name": "005 - Angela Thomas Wade - Milk Cow Blues",
    "nsdr": [
        7.890045307055209,
        7.207442423048887,
        7.513874444915931,
        5.114795798921552
    ],
    "sar": [
        8.753742063078152,
        8.167870264853166,
        4.629011022491653,
        5.055467776605603
    ],
    "sdr": [
        4.587121381104982,
        0.388750642050931,
        2.0897007826165943,
        1.1814662471898676
    ],
    "sir": [
        7.2283423532880615,
        1.797375930679763,
        6.913729594436538,
        4.651716567777412
    ]
}