{
    "name": "021 - James May - On The Line",
    "nsdr": [
        12.35324697235457,
        5.916884285346575,
        4.518550710129917,
        3.8740604852248417
    ],
    "sar": [
        10.265258149722598,
        9.873128137823224,
        0.926305211917926,
        5.082475102743322
    ],
    "sdr": [
        7.491275731554685,
        3.3990072553250146,
        -3.2176739512885333,
        -0.9585735436503108
    ],
    "sir": [
        11.141966876399131,
        4.932782926548065,
        1.466257120031398,
        1.4576569768009335
    ]
}