{
    "name": "039 - Swinging Steaks - Lost My Way",
    "nsdr": [
        9.922717435016757,
        6.8125595225905435,
        8.919920935670369,
        3.6047006317484924
    ],
    "sar": [
        9.465028113337992,
        10.56653133055769,
        0.8369262611742352,
        4.852797598888706
    ],
    "sdr": [
        7.860181966120628,
        4.218852946672833,
        -3.270311658500444,
        -2.6409828814786667
    ],
    "sir": [
        13.426809224072239,
        5.729839634107088,
        1.4769605900687837,
        -0.5601292845647833
    ]
}