{
    "name": "029 - Nerve 9 - Pray For The Rain",
    "nsdr": [
        6.909305234523822,
        11.935612199105687,
        12.627226225369949,
        4.543068072881185
    ],
    "sar": [
        9.5006163596125,
        7.9078295236731755,
        8.530668469160702,
        5.567807325647482
    ],
    "sdr": [
        5.879435382379114,
        5.681761517050877,
        6.665492143766063,
        -1.994323341946841
    ],
    "sir": [
        8.816054528397576,
        10.301461582939824,
        11.80543692216943,
        -0.09375850027160064
    ]
}