{
    "name": "031 - Phre The Eon - Everybody's Falling Apart",
    "nsdr": [
        12.41664065692562,
        -0.5159263605114903,
        1.865625938417554,
        3.5791634983508214
    ],
    "sar": [
        8.160055081433248,
        4.815541776179004,
        5.73575096585002,
        2.7593972658852444
    ],
    "sdr": [
        5.901914391946194,
        -8.243536962624308,
        3.9412166073817168,
        -7.109518840946992
    ],
    "sir": [
        10.439874279846737,
        -6.784977799667594,
        9.673540731744888,
        -4.790964199398207
    ]
}