{
    "name": "042 - The Wrong'Uns - Rothko",
    "nsdr": [
        10.967204722290838,
        6.845685388444483,
        8.462002907902502,
        4.907853427671972
    ],
    "sar": [
        9.617134620771537,
        7.20022575187504,
        6.583544507440298,
        4.724465271051866
    ],
    "sdr": [
        7.248818414278855,
        -0.14160593171795283,
        4.642977909798624,
        0.03420696216404906
    ],
    "sir": [
        11.462904433009342,
        1.5011742593861341,
        9.93794721013812,
        3.0972911211043312
    ]
}