{
    "name": "017 - Girls Under Glass - We Feel Alright",
    "nsdr": [
        10.845927699438864,
        2.711836615394592,
        4.337898134377907,
        7.09796649869235
    ],
    "sar": [
        2.869245606295872,
        5.214884728599191,
        7.506137860444866,
        5.358392761914988
    ],
    "sdr": [
        -6.393492871993284,
        -0.6946050120307501,
        3.192629161594915,
        1.8471717253478956
    ],
    "sir": [
        -4.037263987755855,
        1.7351056815158963,
        5.911745830697179,
        5.5182648327522745
    ]
}