{
    "name": "078 - Moosmusic - Big Dummy Shake",
    "nsdr": [
        12.491425687849615,
        7.912443514657136,
        8.05660992630591,
        8.152918378655741
    ],
    "sar": [
        9.5644177723911,
        6.968770669235678,
        8.01902794014355,
        6.432520130233733
    ],
    "sdr": [
        7.733637456084544,
        1.6235549322245997,
        5.1343615071512,
        2.6680319195518774
    ],
    "sir": [
        12.8237794097746,
        3.9189242966702365,
        8.910359986957616,
        5.925721886376099
    ]
}