{
    "name": "015 - Fergessen - The Wind",
    "nsdr": [
        9.694968984630837,
        6.12964615968926,
        7.241820345855357,
        4.903261201592136
    ],
    "sar": [
        10.063831915937184,
        5.539044852588521,
        2.8246956143651873,
        6.603945278481589
    ],
    "sdr": [
        7.95162762032914,
        -2.8140646637790123,
        0.7143373171609478,
        1.465802468748505
    ],
    "sir": [
        12.503657080821707,
        -1.0582906929894969,
        6.684819156529036,
        3.912788092622476
    ]
}