{
    "name": "034 - Secretariat - Over The Top",
    "nsdr": [
        12.341780427856373,
        6.400165786933104,
        7.0813512225602295,
        5.397979528917732
    ],
    "sar": [
        7.0846954920072225,
        8.81376389367626,
        4.715732826609893,
        5.764406152071091
    ],
    "sdr": [
        5.618831309217683,
        5.772350525057592,
        1.680812685502557,
        -2.4540862846919516
    ],
    "sir": [
        11.824196792441155,
        9.287952934590379,
        5.9299551248051525,
        -0.7230687705401074
    ]
}