{
    "name": "013 - Drumtracks - Ghost Bitch",
    "nsdr": [
        11.683050266444234,
        1.816985291092458,
        2.868026172518557,
        6.8500755188021465
    ],
    "sar": [
        8.4203866019013,
        5.338579857660891,
        5.347675938772431,
        6.552075339189845
    ],
    "sdr": [
        6.958550741977014,
        0.3021570704129873,
        -4.443668766999015,
        1.3035462246105989
    ],
    "sir": [
        12.981598239840537,
        3.0506426191664793,
        -2.8499936370757526,
        3.7120137642252726
    ]
}