{
    "name": "021 - James May - On The Line",
    "nsdr": [
        12.359870726258766,
        5.904538454746193,
        4.524619398028198,
        3.869233371811879
    ],
    "sar": [
        10.260701106193721,
        9.880872284894778,
        0.9454334697069773,
        5.095648404793716
    ],
    "sdr": [
        7.497899485458891,
        3.386661424724639,
        -3.211605263390258,
        -0.9634006570632646
    ],
    "sir": [
        11.161522226848904,
        4.913892530872723,
        1.4556283308028584,
        1.4437677794201655
    ]
}