{
    "name": "053 - Actions - Devil's Words",
    "nsdr": [
        10.287572941160736,
        9.891145839404924,
        8.863377186661987,
        7.702046006649498
    ],
    "sar": [
        9.454322356241683,
        9.38547101425527,
        5.848103425248152,
        6.177052942457532
    ],
    "sdr": [
        7.620567894496819,
        5.313560872036649,
        3.224333348951474,
        0.9793587431831196
    ],
    "sir": [
        12.716128575062019,
        7.944979978062304,
        7.66310793815218,
        3.4800296438425775
    ]
}