{
    "name": "057 - BKS - Bulldozer",
    "nsdr": [
        12.629881699191909,
        8.158069292670087,
        8.244166044683189,
        8.24657078844117
    ],
    "sar": [
        3.6027794938097033,
        7.994310634072271,
        10.913656061948425,
        4.338507396454265
    ],
    "sdr": [
        1.1687573509477582,
        4.9645008675834275,
        9.043915778555665,
        -3.9616628984505504
    ],
    "sir": [
        6.415934156032824,
        8.59507739257321,
        13.943696416767594,
        -1.904870793189955
    ]
}