{
    "name": "005 - Angela Thomas Wade - Milk Cow Blues",
    "nsdr": [
        7.901893242758561,
        7.2021765603466985,
        7.516303992122292,
        5.115496518894929
    ],
    "sar": [
        8.725795212558438,
        8.183764853589313,
        4.643325978794026,
        5.065486678765454
    ],
    "sdr": [
        4.598969316808326,
        0.3834847793487479,
        2.0921303298229663,
        1.1821669671632404
    ],
    "sir": [
        7.2683855039339385,
        1.785787918630143,
        6.897581809331667,
        4.64357663259006
    ]
}