{
    "name": "032 - Raft Monk - Tiring",
    "nsdr": [
        6.7962982290528275,
        5.470222111522794,
        7.284767584882496,
        3.0869070786626422
    ],
    "sar": [
        2.1229861613058905,
        8.921285470441738,
        4.8437823107111555,
        6.547291078697254
    ],
    "sdr": [
        -0.5216898061399953,
        2.80171967163565,
        2.2668143837633563,
        -1.439804174438224
    ],
    "sir": [
        4.96512798595253,
        4.542455423388513,
        6.989883334803166,
        0.18078251422993782
    ]
}