{
    "name": "049 - Young Griffo - Facade",
    "nsdr": [
        8.065392803116172,
        8.917566914320265,
        10.016597321444088,
        5.779806621369865
    ],
    "sar": [
        6.084277154138224,
        9.900237576525912,
        5.582144232804465,
        6.699546689415172
    ],
    "sdr": [
        2.863420037423306,
        5.03154154535447,
        3.3034376447749834,
        2.345057116852435
    ],
    "sir": [
        6.629340036255296,
        7.1676123136150665,
        8.254450451957249,
        5.171890901916132
    ]
}