{
    "name": "023 - Jokers, Jacks & Kings - Sea Of Leaves",
    "nsdr": [
        10.182555820428288,
        8.45551837274039,
        10.532449579174102,
        5.941358200186155
    ],
    "sar": [
        8.45931795488864,
        5.132830805326765,
        8.380218372827308,
        7.488109227725639
    ],
    "sdr": [
        5.734644612029599,
        0.7601239604004464,
        6.5874012998695965,
        2.255880874703528
    ],
    "sir": [
        9.629565147754874,
        3.8966637176920393,
        11.884327559459907,
        4.51604251515644
    ]
}