{
    "name": "087 - Skelpolu - Together Alone",
    "nsdr": [
        4.875316089758336,
        11.914933761964768,
        8.453405685774479,
        10.55074581582274
    ],
    "sar": [
        -1.9275507973507076,
        8.284419352629243,
        12.93693044972234,
        8.658392598815546
    ],
    "sdr": [
        -26.61916597113871,
        4.906172570946151,
        11.305414530128745,
        5.04236246944423
    ],
    "sir": [
        -22.524248359199387,
        8.178371313631727,
        16.563009428002267,
        8.075695957780233
    ]
}