{
    "name": "001 - ANiMAL - Clinic A",
    "nsdr": [
        7.68665067512402,
        5.921671425295333,
        4.375434273771534,
        5.122298429541877
    ],
    "sar": [
        6.4436594679868096,
        9.740367323424206,
        1.9244330743745204,
        3.214264564695462
    ],
    "sdr": [
        0.949739240401551,
        7.002885693529755,
        -5.433829211466541,
        -1.6452023896444246
    ],
    "sir": [
        3.2776261349738514,
        10.742479447697475,
        -2.398365519096343,
        1.7662296695827937
    ]
}