{
    "name": "019 - James Elder & Mark M Thompson - The English Actor",
    "nsdr": [
        8.601667600011375,
        9.076901980743523,
        12.30149862115732,
        7.661160410623227
    ],
    "sar": [
        11.834226375313857,
        2.568016987138625,
        8.832658711909032,
        5.72722010976018
    ],
    "sdr": [
        10.257809764362499,
        -12.182471629318188,
        7.815096054541835,
        -0.06993153548254963
    ],
    "sir": [
        15.699076279870962,
        -10.121122640302465,
        15.150183575771248,
        2.285951574653437
    ]
}