{
    "name": "046 - Triviul - Dorothy",
    "nsdr": [
        8.556690636775802,
        7.254238127941396,
        7.899058027232525,
        7.912924321770725
    ],
    "sar": [
        7.805962808742981,
        4.173033754687324,
        10.197838007458097,
        3.4253865829289305
    ],
    "sdr": [
        6.037498997306349,
        -1.0899368109729748,
        6.60941713626889,
        -2.680380378207583
    ],
    "sir": [
        11.459631789653429,
        1.851346606170805,
        9.505900652433517,
        0.16789569751266437
    ]
}