{
    "name": "007 - BKS - Too Much",
    "nsdr": [
        11.336936650689587,
        9.085600726628106,
        7.78590196306373,
        6.863304422010593
    ],
    "sar": [
        11.002922891798024,
        9.517979656644647,
        5.590051953759625,
        2.8110160034418312
    ],
    "sdr": [
        9.188966016125717,
        5.915937091538339,
        2.6455653168591384,
        -4.66466560799849
    ],
    "sir": [
        14.187736111465368,
        8.865563901051285,
        6.781383476549589,
        -1.980653197271662
    ]
}