{
    "name": "037 - Speak Softly - Broken Man",
    "nsdr": [
        9.752988575737453,
        8.22471239753775,
        7.267876740776272,
        7.619613088350265
    ],
    "sar": [
        4.978025127415869,
        11.347182977734105,
        3.2173927006148717,
        7.506312277228267
    ],
    "sdr": [
        -0.37997805710342675,
        9.212632797520575,
        0.2776214190975538,
        1.6516263029781926
    ],
    "sir": [
        2.3134191668290924,
        13.628394007811448,
        5.052587396023088,
        3.667623481088885
    ]
}