{
    "name": "010 - Carlos Gonzalez - A Place For Us",
    "nsdr": [
        6.769822806772895,
        9.37223924417224,
        8.779345314215174,
        5.4412436563490125
    ],
    "sar": [
        9.267839099427595,
        6.824976859610404,
        6.622670992015149,
        5.473957275083382
    ],
    "sdr": [
        4.736777307522369,
        1.2525049605932927,
        3.8836534876507307,
        0.6818277185721056
    ],
    "sir": [
        7.108763998243179,
        3.4818723963792446,
        8.038495975070976,
        3.5163913086906
    ]
}