{
    "name": "001 - ANiMAL - Clinic A",
    "nsdr": [
        7.680256093526861,
        5.919348565065699,
        4.370824338170619,
        5.118529456107169
    ],
    "sar": [
        6.433875206454388,
        9.74610551024292,
        1.9366878922708264,
        3.21157199263165
    ],
    "sdr": [
        0.9433446588043883,
        7.000562833300117,
        -5.438439147067459,
        -1.648971363079129
    ],
    "sir": [
        3.274375593824981,
        10.730445621422348,
        -2.4115498741205896,
        1.7628084983388328
    ]
}