{
    "name": "093 - Tim Taler - Stalker",
    "nsdr": [
        2.6977469023991576,
        5.000136519067259,
        4.01294018138036,
        5.494575632279823
    ],
    "sar": [
        4.136699487372816,
        4.357422967897778,
        1.1238100403693614,
        6.724728166621073
    ],
    "sdr": [
        1.0453320591274435,
        -2.0486536303588085,
        -4.152788629868406,
        1.5902238701264415
    ],
    "sir": [
        5.392966107307203,
        0.43607644394699135,
        -0.13945495172707362,
        4.017398047308872
    ]
}