{
    "name": "096 - Triviul - Angelsaint",
    "nsdr": [
        7.6083813237653715,
        9.731751331312555,
        13.0707867671386,
        5.353956336942559
    ],
    "sar": [
        8.450474238329566,
        8.881592310176858,
        6.036975638872669,
        6.313239219883867
    ],
    "sdr": [
        5.430869661485714,
        5.970705715558093,
        4.2081733982197695,
        -0.3433370321487412
    ],
    "sir": [
        9.011867633389738,
        9.611118810103035,
        9.81253973179737,
        1.6253240815622712
    ]
}