{
    "name": "097 - Triviul feat. The Fiend - Widow",
    "nsdr": [
        8.763811820298882,
        12.219377489508421,
        8.599326028317101,
        8.454908610246324
    ],
    "sar": [
        8.924242650098662,
        12.018337167896293,
        3.5713330963716876,
        4.1462721112804575
    ],
    "sdr": [
        6.702038173302835,
        9.617934473879501,
        1.7652363832397029,
        -1.3059942377194165
    ],
    "sir": [
        11.199374951422795,
        13.602634929440491,
        8.029302229238624,
        1.5649136933197458
    ]
}