{
    "name": "080 - North To Alaska - All The Same",
    "nsdr": [
        12.00580892700492,
        8.919928076600746,
        10.325061646500604,
        5.610705095851358
    ],
    "sar": [
        7.536765756903925,
        7.148099418773101,
        6.903265265215632,
        8.418872904772241
    ],
    "sdr": [
        4.858557416022294,
        2.335700463503269,
        4.707012670029132,
        4.469344859890193
    ],
    "sir": [
        8.933748863523942,
        4.841975921678031,
        9.526318269953771,
        7.291807725954764
    ]
}