{
    "name": "018 - Hollow Ground - Ill Fate",
    "nsdr": [
        12.612601003621203,
        2.7404624836920553,
        5.0573704391436785,
        -0.2021877695251464
    ],
    "sar": [
        4.223950039383811,
        8.220157629234496,
        3.354339507704917,
        4.800405419089607
    ],
    "sdr": [
        2.7846295294416397,
        -1.7519734830028293,
        -1.982806974206124,
        -0.08420116694043453
    ],
    "sir": [
        9.673503067432744,
        -0.6818387765867093,
        1.1698219042221272,
        2.8632132097998895
    ]
}