{
    "name": "012 - Dark Ride - Burning Bridges",
    "nsdr": [
        12.177926168292423,
        0.35235399112098653,
        2.576282049443073,
        4.1617984902614795
    ],
    "sar": [
        5.669963123026482,
        7.630691370477422,
        4.546052935856853,
        4.970279371551591
    ],
    "sdr": [
        4.32150026272385,
        -3.5296849728677215,
        2.7717841168717134,
        -7.7898902424796725
    ],
    "sir": [
        11.099282292953045,
        -2.492467487571346,
        8.823187878317446,
        -6.35308432298447
    ]
}