{
    "name": "075 - Leaf - Summerghost",
    "nsdr": [
        12.190713527345217,
        10.1446283552453,
        14.360322069454483,
        7.011882884227646
    ],
    "sar": [
        10.36936206155216,
        13.273717805815421,
        9.687125636635187,
        5.243465011501222
    ],
    "sdr": [
        8.026578558905284,
        8.375232122332967,
        8.411430814779381,
        -1.640783707252895
    ],
    "sir": [
        12.207577286570645,
        10.273585080008434,
        14.797371090617943,
        0.49113503604755193
    ]
}