{
    "name": "074 - Juliet's Rescue - Heartbeats",
    "nsdr": [
        13.050808426030565,
        8.38932528386199,
        9.191757345115505,
        7.9502089488492445
    ],
    "sar": [
        6.809901150999878,
        3.6008126610496327,
        13.30847421888668,
        7.47535524458131
    ],
    "sdr": [
        4.788030126214004,
        -6.013099162079043,
        11.353835752646745,
        2.4538694100305114
    ],
    "sir": [
        9.90242515827952,
        -3.937570365741454,
        15.959888966832738,
        4.809402318208983
    ]
}