{
    "name": "022 - Johnny Lokke - Promises & Lies",
    "nsdr": [
        11.571178630559059,
        8.72621206961706,
        9.281267964450972,
        5.742853454035934
    ],
    "sar": [
        8.632005083968616,
        6.8532213749533835,
        8.204962217042425,
        6.794311154758079
    ],
    "sdr": [
        6.64519240163915,
        0.39106496109676864,
        5.817921930810347,
        2.5154486528365743
    ],
    "sir": [
        11.554766201109636,
        2.317568357566922,
        10.167602582562317,
        5.370177728195486
    ]
}