{
    "name": "061 - Chris Durban - Celebrate",
    "nsdr": [
        15.515992064006907,
        7.320245555819183,
        7.239857370571588,
        4.047266603005745
    ],
    "sar": [
        4.517426251442984,
        10.897836959099422,
        7.209054705109079,
        3.174095664587761
    ],
    "sdr": [
        1.8955253496240494,
        7.040208266757203,
        4.4653738030794425,
        -3.2296594603331004
    ],
    "sir": [
        6.6466397569262,
        9.681372486056963,
        8.515751840575716,
        -0.3938322141561171
    ]
}