{
    "name": "055 - Angels In Amplifiers - I'm Alright",
    "nsdr": [
        10.283433329363383,
        10.548835283926913,
        10.721276700252554,
        7.660876495717309
    ],
    "sar": [
        10.027408584432166,
        9.076901322255596,
        6.581722399824502,
        6.611489987157615
    ],
    "sdr": [
        8.073832547354822,
        4.056661803903086,
        4.45980952580163,
        2.795171905727974
    ],
    "sir": [
        12.895048815434418,
        6.20465666393857,
        9.450747716511737,
        5.9830646804734595
    ]
}