{
    "name": "012 - Dark Ride - Burning Bridges",
    "nsdr": [
        12.1627205310712,
        0.33333448592995296,
        2.5683185855544353,
        4.174147991284659
    ],
    "sar": [
        5.694275636163903,
        7.627350432993469,
        4.527076324603865,
        4.969606596868125
    ],
    "sdr": [
        4.306294625502622,
        -3.5487044780587604,
        2.763820652983079,
        -7.777540741456489
    ],
    "sir": [
        10.972181812727882,
        -2.512292374611901,
        8.842070881758357,
        -6.3398428914304175
    ]
}