{
    "name": "028 - Motor Tapes - Shore",
    "nsdr": [
        7.9120158328393195,
        11.728761619614072,
        12.549694171552428,
        6.620916662592188
    ],
    "sar": [
        9.344478200002023,
        8.743903134034202,
        1.8196658943364605,
        7.685203205838826
    ],
    "sdr": [
        6.746045888440896,
        4.207707423663592,
        -1.1967910625336051,
        4.510082949974933
    ],
    "sir": [
        10.689185829546851,
        6.635442859372924,
        4.002442079220656,
        8.044947528828656
    ]
}