{
    "name": "063 - Detsky Sad - Walkie Talkie",
    "nsdr": [
        2.2184071088476145,
        3.0298837965608563,
        1.0453640145574283,
        -8.180207039228042
    ],
    "sar": [
        -10.829168555632009,
        -20.598166389147387,
        -18.385154149809672,
        -14.225672071177085
    ],
    "sdr": [
        -11.103906908996649,
        -23.02141475376615,
        -18.954598028615987,
        -24.168686985721504
    ],
    "sir": [
        12.195315773419944,
        1.3037247717298108,
        8.598038463936366,
        -9.317946756651091
    ]
}