{
    "name": "009 - Bobby Nobody - Stitch Up",
    "nsdr": [
        2.18573509433158,
        1.340449752943492,
        2.322231621828074,
        -0.17748644684035852
    ],
    "sar": [
        -15.58619716483102,
        -24.667951131423788,
        -19.94957650654798,
        -18.451435830806922
    ],
    "sdr": [
        -15.899720103668056,
        -26.466183266944824,
        -22.257038500910973,
        -21.069626109033386
    ],
    "sir": [
        11.375812983830631,
        2.914089401926625,
        1.5855193774569465,
        0.8847638101259009
    ]
}