{
    "name": "008 - Bill Chudziak - Children Of No-one",
    "nsdr": [
        0.2206355557758961,
        -4.013948911566722,
        10.125652427950236,
        -0.37922775043000456
    ],
    "sar": [
        -14.06201644039137,
        -24.192547489664552,
        -18.54173618391197,
        -20.11798211475591
    ],
    "sdr": [
        -15.57862766555299,
        -26.257544437565844,
        -19.58830761391055,
        -23.394280000926123
    ],
    "sir": [
        3.9559344627451427,
        2.1718243595629545,
        5.706703109933679,
        -0.47457877314282004
    ]
}