{
    "name": "034 - Secretariat - Over The Top",
    "nsdr": [
        2.4574577382849263,
        1.8949097841731763,
        0.12556757147707032,
        1.5608383025221428
    ],
    "sar": [
        -18.481472092732293,
        -17.22915606780511,
        -25.408873904439414,
        -20.8197821949187
    ],
    "sdr": [
        -19.094785038380625,
        -18.25469880165111,
        -27.580784663941028,
        -23.208000129994616
    ],
    "sir": [
        8.251932182777917,
        5.82687951864727,
        1.8907863115531576,
        1.3842218625856206
    ]
}