{
    "name": "032 - Raft Monk - Tiring",
    "nsdr": [
        1.5445463798389838,
        2.0958629844844445,
        1.3249039404512608,
        -3.8021883226391715
    ],
    "sar": [
        -20.11833839295076,
        -23.487893146764414,
        -22.916013185151783,
        -21.183389769927782
    ],
    "sdr": [
        -20.511579298853214,
        -26.69140348141628,
        -24.513430946451,
        -27.617888033883983
    ],
    "sir": [
        10.275210001017713,
        -0.3587800828460263,
        3.5426298002960754,
        -5.2818067177188555
    ]
}