{
    "name": "011 - Cnoc An Tursa - Bannockburn",
    "nsdr": [
        -1.895828326061288,
        -4.059612653942811,
        -0.215657432312522,
        0.17963777267056003
    ],
    "sar": [
        -19.403580926215703,
        -22.96321534318755,
        -24.208797910891743,
        -23.363045749710096
    ],
    "sdr": [
        -24.227112442426634,
        -29.96889005554159,
        -25.442918124213925,
        -25.119165025804584
    ],
    "sir": [
        -3.039004973982729,
        -6.018662947752946,
        4.849052663485281,
        3.0446705166519243
    ]
}