{
    "name": "077 - Lyndsey Ollard - Catching Up",
    "nsdr": [
        0.19428638425262967,
        -1.0954196289202685,
        -23.853321669973308,
        0.7978339712708191
    ],
    "sar": [
        -9.129558022391578,
        -17.82281074385881,
        -9.767877217225301,
        -14.473039997249073
    ],
    "sdr": [
        -9.206831598574478,
        -20.762858735154342,
        -33.87226928943986,
        -17.594251957363994
    ],
    "sir": [
        17.959512154700562,
        0.21277102772463807,
        -23.651931124455864,
        -0.0667125423749908
    ]
}