{
    "name": "031 - Phre The Eon - Everybody's Falling Apart",
    "nsdr": [
        1.0273654221011874,
        -9.934519441183646,
        4.712356841097328,
        -0.5376364977899435
    ],
    "sar": [
        -14.990490962871515,
        -22.809311847091507,
        -19.685778071391407,
        -21.90852347223914
    ],
    "sdr": [
        -15.442894040299745,
        -31.325290727525037,
        -20.246440724016264,
        -27.554214949016412
    ],
    "sir": [
        9.729923650536705,
        -7.8345661748344195,
        8.653919055382978,
        -4.23588476202791
    ]
}