{
    "name": "030 - Patrick Talbot - A Reason To Leave",
    "nsdr": [
        1.1196631839044535,
        3.8111938397328586,
        1.9532193455857545,
        1.4902225596727412
    ],
    "sar": [
        -15.657493568757472,
        -25.575871995531866,
        -17.32287700541104,
        -19.931372579679998
    ],
    "sdr": [
        -15.774009609072113,
        -28.705307497134022,
        -17.754264894799828,
        -23.438612532889582
    ],
    "sir": [
        15.772063535521541,
        -0.22307855873463162,
        9.891392990548555,
        -0.8989127891743282
    ]
}