{
    "name": "043 - Timboz - Pony",
    "nsdr": [
        2.7811568010807868,
        -3.3271758567236347,
        5.151222830933516,
        0.24469379415923598
    ],
    "sar": [
        -19.051826372385953,
        -20.261656724809114,
        -17.431937624878074,
        -19.533350604031355
    ],
    "sdr": [
        -21.694637755606795,
        -26.69668517488715,
        -19.15367100693818,
        -21.28936073627991
    ],
    "sir": [
        0.8226643298689051,
        -5.274739551945742,
        3.2066635849196445,
        3.0731126166299965
    ]
}