{
    "name": "003 - Actions - One Minute Smile",
    "nsdr": [
        1.551797633672603,
        0.38309146003480876,
        2.9251912878093975,
        -1.1472812201725624
    ],
    "sar": [
        -19.29412468892281,
        -22.819114604495585,
        -22.775603346898183,
        -20.060499041515815
    ],
    "sdr": [
        -19.667967117444874,
        -28.21838578779877,
        -24.505207979679213,
        -22.76324389559358
    ],
    "sir": [
        10.513491240702065,
        -3.898683007282871,
        3.127769388291959,
        0.6811805539751502
    ]
}