{
    "name": "098 - Wall Of Death - Femme",
    "nsdr": [
        0.991940514204483,
        -0.3063157411110673,
        0.07170969796556292,
        0.35646345010345115
    ],
    "sar": [
        -15.948019410436496,
        -20.951735166508936,
        -24.65111417638745,
        -21.74333518748191
    ],
    "sdr": [
        -17.42538847628921,
        -24.53232836775225,
        -26.990697024081506,
        -25.172391977427168
    ],
    "sir": [
        4.032371864469285,
        -1.0395732138650178,
        1.4791360269000264,
        -0.771689804348228
    ]
}