{
    "name": "081 - Patrick Talbot - Set Me Free",
    "nsdr": [
        2.8178872405726594,
        2.3585857168346287,
        2.1562148987992487,
        -1.3844607029064626
    ],
    "sar": [
        -7.274410977048731,
        -13.549505963882044,
        -17.188403310498586,
        -17.266029992017973
    ],
    "sdr": [
        -7.52106660427085,
        -17.238020033199327,
        -19.26839981023457,
        -19.29453827032506
    ],
    "sir": [
        13.078659343835106,
        -1.0770025818901878,
        2.1979817731313758,
        2.3331634779118016
    ]
}