{
    "name": "093 - Tim Taler - Stalker",
    "nsdr": [
        2.6064905780716714,
        -6.247470921538451,
        -4.063577910745554,
        4.077973401219246
    ],
    "sar": [
        -16.27124470400033,
        -17.17718922697258,
        -16.415357025686678,
        -15.42318963304944
    ],
    "sdr": [
        -17.485469592094503,
        -26.57304164697203,
        -21.958756169438608,
        -17.54714471886404
    ],
    "sir": [
        5.0148979387155705,
        -8.783250646698006,
        -4.0245102402114945,
        2.1240488121426018
    ]
}