{
    "name": "005 - Angela Thomas Wade - Milk Cow Blues",
    "nsdr": [
        2.262916113320859,
        -1.6878492226666033,
        2.404192479883065,
        0.5680495235383276
    ],
    "sar": [
        -13.74745719889396,
        -19.61381541635394,
        -21.941256146341036,
        -17.586100934560083
    ],
    "sdr": [
        -13.98550272743769,
        -23.44379505450089,
        -23.96629572267925,
        -20.926317007770272
    ],
    "sir": [
        12.67116356082096,
        -1.461733160060358,
        2.2894027023570813,
        -0.5614683790276349
    ]
}