{
    "name": "029 - Nerve 9 - Pray For The Rain",
    "nsdr": [
        1.3184426271491887,
        -0.4139235402052215,
        2.257437442055732,
        -0.27728130909687465
    ],
    "sar": [
        -16.148342045153363,
        -24.870499727794503,
        -25.16389869652805,
        -17.43420551354339
    ],
    "sdr": [
        -16.607434092638456,
        -27.45796013056018,
        -26.199807343262457,
        -20.78714682946153
    ],
    "sir": [
        9.631444754529138,
        0.9054589411640485,
        5.709588454045199,
        -0.5825061144745021
    ]
}