{
    "name": "033 - Sambasevam Shanmugam - Kaathaadi",
    "nsdr": [
        0.6629175040287301,
        0.4933786427037532,
        -1.3908566537495872,
        2.8141532344390185
    ],
    "sar": [
        -16.98283152308925,
        -17.220897811989754,
        -18.1198076771547,
        -16.909221331784362
    ],
    "sdr": [
        -17.600303673804074,
        -17.76693288034555,
        -21.239591994328293,
        -19.147618252401436
    ],
    "sir": [
        8.24541244270349,
        8.811344811416017,
        -0.14982914659055485,
        1.798903274952908
    ]
}