{
    "name": "059 - Black Bloc - If You Want Success",
    "nsdr": [
        3.9790384119333666,
        8.900318750725994,
        0.714837013368685,
        0.3815839162931418
    ],
    "sar": [
        -12.520180736409813,
        -20.067061617205862,
        -15.025206588854974,
        -16.953535383607306
    ],
    "sdr": [
        -12.874253935149312,
        -20.811772508219203,
        -15.422659026854335,
        -19.588660510570083
    ],
    "sir": [
        10.945203154298015,
        7.3228458941847885,
        10.31918850313959,
        0.8725647089782798
    ]
}