{
    "name": "079 - Mu - Too Bright",
    "nsdr": [
        1.8982893423339657,
        -0.6108774496449634,
        3.0103498129035664,
        2.131601778671122
    ],
    "sar": [
        -9.647992324603843,
        -22.05691484610448,
        -21.715413648996854,
        -16.712524454414485
    ],
    "sdr": [
        -9.755318616891484,
        -25.857553395031395,
        -23.230643382204743,
        -20.164508500118767
    ],
    "sir": [
        16.464141100782143,
        -1.4317919190426378,
        3.822598174802423,
        -0.7509558860484085
    ]
}