{
    "name": "016 - Forkupines - Semantics",
    "nsdr": [
        2.235410508146618,
        -3.750600895170443,
        0.9295781520553632,
        -2.3834158948257382
    ],
    "sar": [
        -14.217931586627497,
        -26.787416449154186,
        -21.914491522791803,
        -19.15449686289149
    ],
    "sdr": [
        -14.35234172155688,
        -34.56889207892056,
        -22.327164179778087,
        -23.972272896448985
    ],
    "sir": [
        15.187541859666975,
        -6.980565288353492,
        10.041673563439302,
        -3.027513622958007
    ]
}