{
    "name": "041 - The Mountaineering Club - Mallory",
    "nsdr": [
        3.440070144629999,
        3.6202773327680617,
        4.911693274000315,
        0.8526148496503669
    ],
    "sar": [
        -7.887317080320812,
        -14.309870915778305,
        -13.477220470319244,
        -12.233225372886595
    ],
    "sdr": [
        -8.1150804331844,
        -16.65033863207408,
        -14.084077463974134,
        -12.659099013955204
    ],
    "sir": [
        13.343135128261707,
        1.620232087854062,
        8.430779181391252,
        10.122584524352632
    ]
}