{
    "name": "056 - Arise - Run Run Run",
    "nsdr": [
        1.973802587140817,
        3.070950418561708,
        7.687296031541235,
        0.399621424521051
    ],
    "sar": [
        -13.529095872976853,
        -18.181523146537206,
        -14.654213796703813,
        -19.185121894121995
    ],
    "sdr": [
        -14.190948001111174,
        -19.356514217276718,
        -15.080514834121368,
        -21.674748570519995
    ],
    "sir": [
        8.02364978333479,
        5.142281030680106,
        10.012013435714223,
        1.1644622714042456
    ]
}