{
    "name": "064 - Enda Reilly - Cur An Long Ag Seol",
    "nsdr": [
        13.354146144212246,
        4.202881365343568,
        -8.89842902074432,
        1.3312667635353392
    ],
    "sar": [
        -9.833083199983971,
        -14.958915460771546,
        -19.510292762930632,
        -15.495661773171285
    ],
    "sdr": [
        -9.96257115152216,
        -15.432179006942864,
        -20.282841321656623,
        -16.642998776545603
    ],
    "sir": [
        15.620013663355303,
        9.524506539292064,
        7.154929641152812,
        5.315469102072507
    ]
}