{
    "name": "057 - BKS - Bulldozer",
    "nsdr": [
        1.5905310790298763,
        2.007920864622836,
        1.3121283731426914,
        0.5202239867316614
    ],
    "sar": [
        -14.684882161937807,
        -22.950211489670753,
        -19.225058596666585,
        -18.826202693786602
    ],
    "sdr": [
        -16.743462501076248,
        -25.65116046960695,
        -19.605912099259918,
        -22.153142916956977
    ],
    "sir": [
        2.317509341102997,
        0.6644004690103894,
        10.43005074810525,
        -0.5552179109528574
    ]
}