{
    "name": "085 - Side Effects Project - Sing With Me",
    "nsdr": [
        0.5828093733674109,
        -2.703586044334454,
        8.083088263891295,
        1.5216689311661007
    ],
    "sar": [
        -11.470582080745423,
        -18.357903499243392,
        -17.193813643482272,
        -17.842900495576725
    ],
    "sdr": [
        -11.58759839925025,
        -20.82998934478194,
        -17.49653371176081,
        -20.743203096907653
    ],
    "sir": [
        15.935752017629463,
        1.2156186148226702,
        11.497282112519386,
        0.2936397121743389
    ]
}