{
    "name": "024 - Leaf - Come Around",
    "nsdr": [
        10.327766624778487,
        4.6801683659996876,
        -12.033911072203926,
        -0.27473129440410204
    ],
    "sar": [
        -13.556158732804821,
        -22.815138318784687,
        -23.90268233332995,
        -18.5937015402753
    ],
    "sdr": [
        -13.891945409444059,
        -23.79900923647236,
        -27.19875425169759,
        -21.59249594046819
    ],
    "sir": [
        11.135631420990983,
        5.9698968806629935,
        -0.5362495860912753,
        0.08266682558782773
    ]
}