{
    "name": "094 - Titanium - Haunted Age",
    "nsdr": [
        -1.31686148898822,
        -4.523764146591628,
        3.6014553644703504,
        1.0257700642192233
    ],
    "sar": [
        -15.7094371806732,
        -20.833494265331716,
        -15.469583142757426,
        -18.746014240895395
    ],
    "sdr": [
        -19.31530438005879,
        -26.86130847727426,
        -16.55431682001796,
        -19.97512470416144
    ],
    "sir": [
        -1.0041247365004096,
        -4.745130552179525,
        5.592506327658208,
        4.9104782772103786
    ]
}