{
    "name": "100 - Young Griffo - Pennies",
    "nsdr": [
        7.80457129174421,
        10.25349763812794,
        -1.322634156244412,
        -7.970426410368251
    ],
    "sar": [
        -11.071044279061926,
        -17.063572845831146,
        -21.558877573718206,
        -18.11200964775534
    ],
    "sdr": [
        -11.305377289837374,
        -17.40675004909255,
        -23.030433106791897,
        -21.49516427366375
    ],
    "sir": [
        12.888582720020311,
        10.934505604103844,
        3.9737690841659994,
        -0.6496484795211072
    ]
}