{
    "name": "053 - Actions - Devil's Words",
    "nsdr": [
        1.5090357691715717,
        0.4971337128066544,
        0.015476337835288234,
        2.863747741437585
    ],
    "sar": [
        -16.304433797859083,
        -16.864613208751756,
        -19.46155778561127,
        -15.166957155817446
    ],
    "sdr": [
        -16.884408501495777,
        -19.274295042442027,
        -20.931894497724826,
        -16.28634479361668
    ],
    "sir": [
        8.551070620447486,
        1.3863279307760659,
        3.9966708360665226,
        5.446514822058749
    ]
}