{
    "name": "025 - Leaf - Wicked",
    "nsdr": [
        2.407476663368449,
        3.653142257805289,
        3.0558400981760023,
        -1.601924561464859
    ],
    "sar": [
        -11.763017207315226,
        -24.69052223814249,
        -19.98264397986989,
        -19.825946589731444
    ],
    "sdr": [
        -11.879438627115672,
        -26.089972206702715,
        -20.843438399012765,
        -22.908252704696388
    ],
    "sir": [
        15.939329179669059,
        4.214493901738538,
        6.634730807779681,
        -0.0978662161012801
    ]
}