{
    "name": "015 - Fergessen - The Wind",
    "nsdr": [
        0.9206342342756102,
        4.250173808406231,
        1.2434931012564405,
        0.7126233292101674
    ],
    "sar": [
        -19.537289212450467,
        -25.692986916701628,
        -21.179812966852914,
        -20.702564811284795
    ],
    "sdr": [
        -19.972257936462615,
        -30.807977576791572,
        -22.479241358150695,
        -22.890094215017733
    ],
    "sir": [
        9.82200871372616,
        -3.504580836805759,
        4.607390300987247,
        1.87551196555255
    ]
}