{
    "name": "012 - Dark Ride - Burning Bridges",
    "nsdr": [
        2.5723385722833108,
        9.156803998383747,
        -10.505718592788803,
        -6.282251414843142
    ],
    "sar": [
        -18.906530108299094,
        -21.13742898510314,
        -28.51572200827548,
        -21.73547534143736
    ],
    "sdr": [
        -19.466385011982418,
        -24.164578291210677,
        -33.04727759612351,
        -31.773840655927145
    ],
    "sir": [
        8.669661725756537,
        -0.0003388421577587666,
        -2.639557373264844,
        -9.556006543866742
    ]
}