{
    "name": "048 - We Fell From The Sky - Not You",
    "nsdr": [
        0.5092872456591984,
        -4.2764928061194105,
        -4.538058387444927,
        5.1604687686025414
    ],
    "sar": [
        -13.549189949970778,
        -19.650212961702277,
        -22.969521128814044,
        -17.81161173789702
    ],
    "sdr": [
        -15.285445853279837,
        -28.60273902092183,
        -24.010656508482654,
        -19.46104417443496
    ],
    "sir": [
        3.2723864820209965,
        -8.314475207054876,
        5.693673145635289,
        3.4250050013726185
    ]
}