{
    "name": "046 - Triviul - Dorothy",
    "nsdr": [
        2.038366848059562,
        -7.04643129913968,
        2.1998659326754755,
        6.23798763470527
    ],
    "sar": [
        -14.12965754533533,
        -20.842264963094458,
        -15.96623707461077,
        -16.22972206872187
    ],
    "sdr": [
        -14.354824048214363,
        -24.979411744266553,
        -16.567776107818897,
        -21.172991239264086
    ],
    "sir": [
        12.904384996816978,
        -1.985101204066361,
        8.389537102541683,
        -3.1636383369551515
    ]
}