{
    "name": "052 - ANiMAL - Easy Tiger",
    "nsdr": [
        1.440201189311285,
        2.887286262702432,
        6.8755771036113345,
        -1.658260781995594
    ],
    "sar": [
        -13.946401293416528,
        -17.86182644551452,
        -16.2857765921965,
        -19.629816117900635
    ],
    "sdr": [
        -14.24474699652383,
        -19.350621656402172,
        -18.10479567404766,
        -21.697305074504293
    ],
    "sir": [
        11.652225673361972,
        3.9543323509906845,
        2.939221930474474,
        2.1957717037579156
    ]
}