{
    "name": "095 - Traffic Experiment - Once More (With Feeling)",
    "nsdr": [
        3.679043799352492,
        -0.9793834785464455,
        2.012581328957509,
        1.530336715338393
    ],
    "sar": [
        -12.141189424942242,
        -20.942118492984847,
        -17.77357971848087,
        -18.044757692425314
    ],
    "sdr": [
        -12.648616766859266,
        -26.103813315405645,
        -18.897987821354626,
        -20.168211965422962
    ],
    "sir": [
        9.325391703677305,
        -3.5487807585587383,
        5.366192407794328,
        2.070108847354743
    ]
}