{
    "name": "023 - Jokers, Jacks & Kings - Sea Of Leaves",
    "nsdr": [
        0.9571116845323591,
        1.3415799495998968,
        -1.6385692150492766,
        2.0980286000325172
    ],
    "sar": [
        -11.527463694572113,
        -22.19462294469104,
        -24.986755983805974,
        -20.86286773803731
    ],
    "sdr": [
        -11.651556489225213,
        -23.865700531668345,
        -25.95058975567031,
        -24.939524940339844
    ],
    "sir": [
        15.673434575831868,
        3.311702143882858,
        6.060749539825325,
        -1.8863597291063705
    ]
}