{
    "name": "050 - Zeno - Signs",
    "nsdr": [
        2.3922822394393854,
        2.8973002583238987,
        1.1485238189663853,
        -0.11114343141251126
    ],
    "sar": [
        -9.928362298257905,
        -21.045250299411457,
        -18.635629281312642,
        -17.005191839833024
    ],
    "sdr": [
        -10.06688341972221,
        -24.917663551016894,
        -19.660015781692223,
        -20.032282653945074
    ],
    "sir": [
        15.31372689167018,
        -1.547102171084687,
        5.810004480415626,
        0.05218144001375734
    ]
}