{
    "name": "010 - Carlos Gonzalez - A Place For Us",
    "nsdr": [
        1.8443421359437,
        0.22203537664804074,
        -0.8563252622403397,
        -0.6683567286718741
    ],
    "sar": [
        -15.180787684865694,
        -22.780823975802438,
        -23.712792550895717,
        -17.900057153047435
    ],
    "sdr": [
        -15.793375074382974,
        -28.12648547111829,
        -26.79476912697668,
        -20.577931987579777
    ],
    "sir": [
        8.326047001577013,
        -3.8229508883103613,
        -0.12375700648509581,
        0.7622885261398882
    ]
}