{
    "name": "062 - Cristina Vane - So Easy",
    "nsdr": [
        0.8861005908182857,
        4.761447734584298,
        1.8546330077896442,
        -2.035912433015042
    ],
    "sar": [
        -10.441036951650409,
        -21.834970194608445,
        -19.842290892236562,
        -16.959450599349356
    ],
    "sdr": [
        -10.614748848286496,
        -24.21490702558074,
        -20.381585042942675,
        -22.11620444958175
    ],
    "sir": [
        14.268034924239114,
        1.396384349877568,
        8.831952586561815,
        -3.4898962904721724
    ]
}