{
    "name": "078 - Moosmusic - Big Dummy Shake",
    "nsdr": [
        3.2087653818957396,
        -0.1476999217017685,
        2.06148238925363,
        8.636966812544877
    ],
    "sar": [
        -10.029267671442305,
        -18.867619639085053,
        -19.026856187861792,
        -16.335949813054388
    ],
    "sdr": [
        -10.356211958755345,
        -21.008793944596373,
        -20.211396924034407,
        -18.46110197562715
    ],
    "sir": [
        11.479882235368596,
        2.0128431006819567,
        5.090619497357178,
        2.0979367254884664
    ]
}