{
    "name": "058 - Ben Carrigan - We'll Talk About It All Tonight",
    "nsdr": [
        1.2447603460429768,
        2.9306082406640037,
        1.2420703205116794,
        -0.2678846451258181
    ],
    "sar": [
        -12.947940187118057,
        -18.641496868627254,
        -19.908868808849242,
        -17.156591037074328
    ],
    "sdr": [
        -13.700045893976945,
        -19.38206115245314,
        -20.75684481837612,
        -19.682821108341354
    ],
    "sir": [
        7.448458640809803,
        7.365649836746767,
        6.707248338365021,
        1.1117330040639049
    ]
}