{
    "name": "002 - ANiMAL - Rockshow",
    "nsdr": [
        8.510217352174134,
        0.07296434913632766,
        3.729014756435692,
        -8.576420090921843
    ],
    "sar": [
        -15.515414533141534,
        -24.514224392811688,
        -21.36859908737849,
        -22.08731929886668
    ],
    "sdr": [
        -16.001854487174377,
        -26.35713188080895,
        -22.64920402378796,
        -26.899806729469734
    ],
    "sir": [
        9.38234668086996,
        2.7841501119778918,
        4.679241568134041,
        -3.0452921220098927
    ]
}