{
    "name": "035 - Signe Jakobsen - What Have You Done To Me",
    "nsdr": [
        1.419158528608154,
        3.9310382639566477,
        4.719574924939867,
        0.7403563141524572
    ],
    "sar": [
        -16.21550758462552,
        -20.110263090375987,
        -22.708573044967913,
        -18.925243512114086
    ],
    "sdr": [
        -16.529903122969614,
        -20.910478066565425,
        -25.212052784938148,
        -20.983777689649102
    ],
    "sir": [
        11.347520732482463,
        6.981662716905381,
        1.1039127137196814,
        2.2276859445699806
    ]
}