{
    "name": "083 - Remember December - C U Next Time",
    "nsdr": [
        2.205458496536229,
        3.9896946232764527,
        1.9883878936370216,
        -0.8983705835176323
    ],
    "sar": [
        -13.190178272898747,
        -20.296091661305272,
        -22.96144875630837,
        -18.26083972387981
    ],
    "sdr": [
        -13.465218560224221,
        -22.279038125857507,
        -24.662128419097954,
        -21.67308327648169
    ],
    "sir": [
        12.049128301144854,
        2.4159794696716217,
        3.2154693591506476,
        -0.7054780870089049
    ]
}