{
    "name": "004 - Al James - Schoolboy Facination",
    "nsdr": [
        0.9690082934330775,
        -0.6802783849079894,
        5.320375732692781,
        -2.9735605962915024
    ],
    "sar": [
        -16.334977072846318,
        -22.494219597157773,
        -20.500582384195457,
        -20.00508824455466
    ],
    "sdr": [
        -16.70787167110895,
        -24.260089894155218,
        -22.496174725066254,
        -26.695330108315947
    ],
    "sir": [
        10.57403647077095,
        3.019829890589091,
        2.3797181300497794,
        -5.599772438295007
    ]
}