{
    "name": "084 - Secretariat - Borderline",
    "nsdr": [
        1.4038759304831494,
        -7.639164282938541,
        1.2901828511519824,
        4.134616776375736
    ],
    "sar": [
        -15.142647743485307,
        -18.987628223193312,
        -19.436272823784236,
        -14.781740453552866
    ],
    "sdr": [
        -16.25957961676383,
        -24.470815521716105,
        -22.689818304701916,
        -16.121171233011033
    ],
    "sir": [
        5.4580534031663746,
        -3.9843066992153715,
        -0.4244170503481416,
        4.563791238628498
    ]
}