{
    "name": "082 - Punkdisco - Oral Hygiene",
    "nsdr": [
        3.5952217348808624,
        4.95093381396882,
        4.061099361280441,
        0.9952363761857121
    ],
    "sar": [
        -10.83516886807757,
        -24.26046036304534,
        -19.49906535965853,
        -16.166472467704622
    ],
    "sdr": [
        -11.248221273217748,
        -25.664229616925248,
        -20.606446309127897,
        -18.454727271000632
    ],
    "sir": [
        10.353929886348883,
        4.200364517350749,
        5.417891016864175,
        1.6922902704031106
    ]
}