{
    "name": "060 - Buitraker - Revo X",
    "nsdr": [
        2.1563797740520823,
        3.242384009047285,
        1.813920255572464,
        -3.9702267393935102
    ],
    "sar": [
        -13.487503134297185,
        -17.022847046620917,
        -13.404968341079414,
        -17.353999265889154
    ],
    "sdr": [
        -13.80087204331144,
        -18.776083512359676,
        -13.590118570678927,
        -24.75727261948746
    ],
    "sir": [
        11.44997699457883,
        3.118723355992789,
        13.803587216854151,
        -6.452548453651282
    ]
}