{
    "name": "096 - Triviul - Angelsaint",
    "nsdr": [
        1.9023355381658629,
        1.7417130975458512,
        5.1534806749958015,
        1.5618205049323812
    ],
    "sar": [
        -10.139885023492504,
        -21.505933000338157,
        -17.033297856900493,
        -14.472869048854005
    ],
    "sdr": [
        -11.070677122000864,
        -22.608531540670032,
        -17.604629124237487,
        -17.21373075679224
    ],
    "sir": [
        6.6170058700717815,
        5.421307886049602,
        8.605317356479592,
        0.7090599676697722
    ]
}