{
    "name": "022 - Johnny Lokke - Promises & Lies",
    "nsdr": [
        1.7478051624287367,
        -2.187204028043279,
        -0.18298209081203254,
        0.6081320554423613
    ],
    "sar": [
        -13.022207571925906,
        -21.468453573539023,
        -25.029960086427945,
        -24.51961383665352
    ],
    "sdr": [
        -13.17555356199248,
        -28.361459743617804,
        -26.387953837184398,
        -26.97964512193206
    ],
    "sir": [
        14.655546977658735,
        -5.868532466302627,
        4.365807786760664,
        1.195827353189435
    ]
}