{
    "name": "097 - Triviul feat. The Fiend - Widow",
    "nsdr": [
        1.6359435288166395,
        0.16251985453978435,
        5.507928840556108,
        1.9315812021784673
    ],
    "sar": [
        -11.669683143423182,
        -18.90522197265939,
        -19.117307932165925,
        -14.539703950054928
    ],
    "sdr": [
        -11.9384277729223,
        -19.986470604380187,
        -20.8685622562945,
        -17.13184103438564
    ],
    "sir": [
        12.235425522949608,
        5.542276702867072,
        3.0922333992121076,
        1.0309890308727
    ]
}