{
    "name": "019 - James Elder & Mark M Thompson - The English Actor",
    "nsdr": [
        1.3553741303356066,
        0.47967110743729435,
        0.6238948532251101,
        -1.155035822592808
    ],
    "sar": [
        -10.352753633443168,
        -24.45663795014704,
        -23.33021645301047,
        -17.97713090014561
    ],
    "sdr": [
        -10.403164252358302,
        -29.71520663081355,
        -25.222307027314386,
        -21.516071415981077
    ],
    "sir": [
        19.710409544581772,
        -3.7067140591670187,
        2.648211740418882,
        -0.9312103279182711
    ]
}