{
    "name": "018 - Hollow Ground - Ill Fate",
    "nsdr": [
        0.6978915349261072,
        -2.068605469986288,
        2.523899304346031,
        0.3964983300252207
    ],
    "sar": [
        -19.429394794878302,
        -23.593079421157107,
        -23.08185210251224,
        -21.594305157576237
    ],
    "sdr": [
        -20.331174413962852,
        -28.16565531020472,
        -24.8916382382936,
        -23.83607476497601
    ],
    "sir": [
        6.417397002177475,
        -2.6898842688596316,
        2.886606545402046,
        1.73292121190484
    ]
}