{
    "name": "028 - Motor Tapes - Shore",
    "nsdr": [
        1.9761939971047404,
        2.097816265777034,
        3.0528631466297043,
        0.0037699439276437374
    ],
    "sar": [
        -12.375098715412982,
        -20.006845507463318,
        -21.15111576381071,
        -21.009721558272204
    ],
    "sdr": [
        -12.658460475318538,
        -25.074612199597304,
        -23.104027248149986,
        -23.60346584995153
    ],
    "sir": [
        11.956322560510875,
        -3.4047216592826377,
        2.491223009621166,
        0.9116301471383541
    ]
}