{
    "name": "099 - Young Griffo - Blood To Bone",
    "nsdr": [
        2.364519765849346,
        -0.8568180411998192,
        3.051745290147,
        1.1065693568382642
    ],
    "sar": [
        -10.946653188825097,
        -19.425293860831466,
        -23.933402635047457,
        -15.521865899767082
    ],
    "sdr": [
        -11.244548564577322,
        -21.834783598048194,
        -25.821109313623612,
        -16.910330834407937
    ],
    "sir": [
        11.823310720727541,
        1.3475829956945256,
        2.658031688115803,
        4.359891148248033
    ]
}