{
    "name": "051 - AM Contra - Heart Peripheral",
    "nsdr": [
        2.8392665047341215,
        6.4882601711350425,
        1.6066354632809947,
        -4.331911367444036
    ],
    "sar": [
        -11.177385112582197,
        -15.81084066943774,
        -18.175427967715084,
        -16.459660148145815
    ],
    "sdr": [
        -11.263500079684315,
        -17.347842180044537,
        -19.196702605160098,
        -23.97598094788882
    ],
    "sir": [
        17.30307505871722,
        3.8324353003877816,
        5.831386293517424,
        -6.572428483387281
    ]
}