{
    "name": "091 - The Long Wait - Dark Horses",
    "nsdr": [
        3.438407450539696,
        0.25038099192046914,
        2.327914279330372,
        1.935891413054435
    ],
    "sar": [
        -12.911567674761521,
        -19.665450731771198,
        -15.40015811350514,
        -19.00444521326789
    ],
    "sdr": [
        -13.633713492037735,
        -26.084414653544673,
        -16.13468982369875,
        -20.904277681620087
    ],
    "sir": [
        7.642164857762841,
        -5.247982723744535,
        7.468771930518758,
        2.6604781727775464
    ]
}