{
    "name": "007 - BKS - Too Much",
    "nsdr": [
        1.543087604423004,
        3.195155392931831,
        4.145951843737823,
        -2.924597824908602
    ],
    "sar": [
        -15.07540197906939,
        -20.37153236455807,
        -17.437076422863374,
        -20.245575108271503
    ],
    "sdr": [
        -15.23446167881777,
        -20.944724429657118,
        -18.042935028889605,
        -24.05637725739082
    ],
    "sir": [
        14.41538618803991,
        8.544780428193592,
        8.325338227216495,
        -1.43531728863503
    ]
}