{
    "name": "042 - The Wrong'Uns - Rothko",
    "nsdr": [
        0.8976132642413468,
        5.484337930177087,
        2.737449800502713,
        0.3753254010283946
    ],
    "sar": [
        -13.693871373807918,
        -20.999832109320522,
        -18.72118497898421,
        -18.790286856068498
    ],
    "sdr": [
        -13.925900457551059,
        -22.24343791218944,
        -19.502713038223536,
        -22.297626657220878
    ],
    "sir": [
        12.787557316194103,
        4.828747395012403,
        7.109686759181027,
        -0.8859879532347341
    ]
}