{
    "name": "071 - James May - If You Say",
    "nsdr": [
        1.9126941102092418,
        5.085715081202494,
        -3.299751906820955,
        5.06310520723579
    ],
    "sar": [
        -6.602823347756697,
        -13.722325439098611,
        -18.689824233773773,
        -15.445213290358467
    ],
    "sdr": [
        -6.740967721918447,
        -14.724857689961357,
        -22.344054947868486,
        -18.77544897080826
    ],
    "sir": [
        15.763988647203979,
        6.036462437011439,
        -1.1462696583072318,
        -0.49569226617849876
    ]
}