{
    "name": "054 - Actions - South Of The Water",
    "nsdr": [
        0.7331388098636324,
        2.316201573649856,
        -7.0870105692897845,
        8.169985713282799
    ],
    "sar": [
        -11.018086132210914,
        -18.272244660581254,
        -22.275466161340916,
        -16.338858663552873
    ],
    "sdr": [
        -11.626201807213853,
        -18.68858473303438,
        -25.40435077728686,
        -18.412934048769493
    ],
    "sir": [
        8.561003779403716,
        10.037700288802856,
        -0.208375046434694,
        2.231113783387247
    ]
}