{
    "name": "001 - ANiMAL - Clinic A",
    "nsdr": [
        1.9484260481193765,
        1.8097901041714906,
        -1.6905470947924854,
        1.73944084505872
    ],
    "sar": [
        -16.414667893728776,
        -17.815245091940934,
        -22.24125511705385,
        -22.17259697266683
    ],
    "sdr": [
        -17.352491713172057,
        -18.218623278189785,
        -29.155249676771817,
        -24.43868670043363
    ],
    "sir": [
        6.2773244140559346,
        10.188703908689238,
        -5.899915676109055,
        1.6691261900878704
    ]
}