{
    "name": "061 - Chris Durban - Celebrate",
    "nsdr": [
        1.6411501288686168,
        1.1363255469313565,
        2.0735919992512137,
        -0.2410650179078182
    ],
    "sar": [
        -8.575691910440197,
        -17.290025608889884,
        -19.83773393091554,
        -17.804841194033127
    ],
    "sdr": [
        -8.740705130250694,
        -18.915387665402076,
        -21.06813869705762,
        -21.27672635439213
    ],
    "sir": [
        14.68441285628895,
        3.510652957125146,
        4.892496324788952,
        -0.8073860388439604
    ]
}