{
    "name": "026 - Louis Cressy Band - Good Time",
    "nsdr": [
        1.4081566143130892,
        4.250634568332234,
        3.0431370293283138,
        2.038823035529674
    ],
    "sar": [
        -13.0172117986399,
        -20.078744321191124,
        -18.41631507833466,
        -17.634763558088537
    ],
    "sdr": [
        -13.18061665775626,
        -21.993018185738592,
        -18.693790377951768,
        -20.474958543437275
    ],
    "sir": [
        14.374798948949877,
        2.608006211675624,
        11.868216780749414,
        0.4213771818690796
    ]
}