{
    "name": "013 - Drumtracks - Ghost Bitch",
    "nsdr": [
        2.5411665696166263,
        -0.08700264450416384,
        4.204898299212086,
        -0.6423414568126873
    ],
    "sar": [
        -14.761220561318416,
        -20.994296640792935,
        -21.72336964124117,
        -19.61625488356915
    ],
    "sdr": [
        -14.888364788220317,
        -26.182352491537642,
        -24.067921774556478,
        -23.492696732423024
    ],
    "sir": [
        15.4138765237685,
        -3.587056300933394,
        1.481464110952161,
        -1.5407497139528288
    ]
}