{
    "name": "067 - Georgia Wonder - Siren",
    "nsdr": [
        1.9312058674781412,
        3.6038724713546912,
        3.7425417252648003,
        0.8594888369685201
    ],
    "sar": [
        -13.66711905815395,
        -17.618475422633885,
        -16.300896322343153,
        -17.691732113456883
    ],
    "sdr": [
        -13.930018452626323,
        -18.634811313276487,
        -16.580148542341608,
        -21.34384996055262
    ],
    "sir": [
        12.230603211958318,
        5.863905474578905,
        11.87811556968332,
        -1.1276109946677042
    ]
}