{
    "name": "017 - Girls Under Glass - We Feel Alright",
    "nsdr": [
        1.1568129178271747,
        3.8756586618526185,
        0.14257476750299602,
        2.5359765247320922
    ],
    "sar": [
        -16.399787935493183,
        -22.255243228498852,
        -21.81328603222252,
        -22.061911209192388
    ],
    "sdr": [
        -18.27318727186404,
        -28.36080122250894,
        -23.335241006464006,
        -23.03311843155131
    ],
    "sir": [
        2.779593546867711,
        -4.858363123349003,
        3.799159114445063,
        6.037005256129751
    ]
}