{
    "name": "065 - Fergessen - Nos Palpitants",
    "nsdr": [
        1.193150014289733,
        3.592007996035079,
        1.4130054032343402,
        0.9958886820348063
    ],
    "sar": [
        -11.046221540488935,
        -17.367969694730977,
        -16.558376056068532,
        -13.018298442566058
    ],
    "sdr": [
        -11.496796835569034,
        -19.56570179962099,
        -18.0610358205254,
        -15.410290296792862
    ],
    "sir": [
        9.941505692489944,
        1.8918809324972559,
        3.931149057497386,
        1.5510069026930289
    ]
}