{
    "name": "066 - Flags - 54",
    "nsdr": [
        2.643329597423362,
        -5.126332916988186,
        5.986608033425291,
        -0.8662015502652167
    ],
    "sar": [
        -14.201348019938917,
        -21.5650144696816,
        -21.165793087896514,
        -16.43999283863758
    ],
    "sdr": [
        -15.641385007116257,
        -24.850240919224294,
        -22.38998101144152,
        -23.302330858593983
    ],
    "sir": [
        4.216214399653441,
        -0.5032965884446936,
        4.905978499259977,
        -5.763328124868745
    ]
}