{
    "name": "020 - James May - Dont Let Go",
    "nsdr": [
        0.5342229928870843,
        1.4608093908472668,
        -6.276424251029127,
        2.743520114080951
    ],
    "sar": [
        -12.582308772597283,
        -16.477610295177197,
        -22.978259271769744,
        -18.906016138823393
    ],
    "sdr": [
        -13.035799456994127,
        -18.210940335263423,
        -28.010022927401728,
        -23.67185478205905
    ],
    "sir": [
        9.816700118262837,
        3.1902243669762678,
        -3.373669367820498,
        -2.946722412026773
    ]
}