{
    "name": "027 - M.E.R.C. Music - Knockout",
    "nsdr": [
        0.9978173094008866,
        6.10824572576708,
        1.427871943118305,
        1.7797226348805886
    ],
    "sar": [
        -14.888449922692988,
        -19.926480231426606,
        -22.82585922160397,
        -18.75282377482935
    ],
    "sdr": [
        -15.257211370194366,
        -21.822264751807833,
        -24.976123971084938,
        -21.419810602275717
    ],
    "sir": [
        10.66337422847019,
        2.6615823018066025,
        1.9561198783330318,
        0.7736072494432418
    ]
}