{
    "name": "014 - Fergessen - Back From The Start",
    "nsdr": [
        0.27258707125784554,
        0.2137466807868904,
        1.5833349511618984,
        1.8285821215597124
    ],
    "sar": [
        -15.30317845104249,
        -25.963641876127674,
        -26.16123416077553,
        -20.254532130401223
    ],
    "sdr": [
        -15.506228240199382,
        -29.33551595477788,
        -27.71764487388292,
        -22.797603567890462
    ],
    "sir": [
        13.326120678637338,
        -0.6843583583950155,
        3.6656782771475815,
        1.0316163704777819
    ]
}