{
    "name": "021 - James May - On The Line",
    "nsdr": [
        1.4963257297348207,
        3.8046267844291464,
        3.805384443750988,
        0.14365622577423665
    ],
    "sar": [
        -13.147053913275828,
        -22.801389770759208,
        -22.72354529775299,
        -19.10614974934035
    ],
    "sdr": [
        -13.441530497149039,
        -24.300640957709653,
        -24.333583919316514,
        -22.9756523195419
    ],
    "sir": [
        11.74474284519678,
        3.8706549394546936,
        3.5027543727308306,
        -1.5231448308275344
    ]
}