{
    "name": "080 - North To Alaska - All The Same",
    "nsdr": [
        6.2024681998702125,
        -7.965876128617136,
        -1.2518677502404518,
        9.528751299925393
    ],
    "sar": [
        -10.469824356464333,
        -21.402264238237542,
        -14.454782736424146,
        -13.852734520206358
    ],
    "sdr": [
        -10.612337755823303,
        -25.077843649923768,
        -14.785089109530176,
        -15.056423662531241
    ],
    "sir": [
        15.141089428677304,
        -1.2107227807260426,
        11.17545368042724,
        5.1322374862229
    ]
}