{
    "name": "076 - Little Chicago's Finest - My Own",
    "nsdr": [
        0.766472213744521,
        7.337014519384166,
        0.6149931476980726,
        -0.7748107990947126
    ],
    "sar": [
        -12.78992403719024,
        -20.83725569809342,
        -19.715549648122693,
        -16.040466800549037
    ],
    "sdr": [
        -12.990933303619663,
        -22.89897322316875,
        -21.420142577367653,
        -20.184156811903918
    ],
    "sir": [
        13.467434629995596,
        2.199655202541603,
        3.2276219182573374,
        -1.924619739993273
    ]
}