{
    "name": "006 - Atlantis Bound - It Was My Fault For Waiting",
    "nsdr": [
        0.793825198331179,
        -10.773972250452655,
        -0.9624528281146212,
        -2.8610141580477837
    ],
    "sar": [
        -12.945236405202206,
        -14.97877211667275,
        -15.721745400115344,
        -22.13677328546264
    ],
    "sdr": [
        -13.067455994625625,
        -28.284228942418178,
        -18.876390532388825,
        -28.735692523881283
    ],
    "sir": [
        15.660195259912404,
        -12.961823945171849,
        -0.1692688283582788,
        -5.499899641500853
    ]
}