{
    "name": "092 - The Sunshine Garcia Band - For I Am The Moon",
    "nsdr": [
        1.0692024068846067,
        -0.881837558085067,
        2.165368030399346,
        -2.344622152987874
    ],
    "sar": [
        -12.701740364754727,
        -22.83944948380175,
        -22.350078912391822,
        -17.233170730675
    ],
    "sdr": [
        -12.970286557833983,
        -26.802606720301164,
        -26.496225998381462,
        -22.12286038878279
    ],
    "sir": [
        12.17978236103723,
        -1.7112798512559426,
        -2.0101637618073536,
        -3.1054685742156813
    ]
}