{
    "name": "047 - Voelund - Comfort Lives In Belief",
    "nsdr": [
        2.74534238829831,
        4.820750964984661,
        6.275668098203916,
        0.6027190655360783
    ],
    "sar": [
        -14.133372806638114,
        -26.49285204892103,
        -12.971734563150337,
        -18.561862102437175
    ],
    "sdr": [
        -14.781426383657044,
        -28.358358080479654,
        -13.362793071273426,
        -21.1526878511264
    ],
    "sir": [
        8.098189894827687,
        2.713513899712728,
        10.472166595969561,
        0.9438997195493035
    ]
}