{
    "name": "055 - Angels In Amplifiers - I'm Alright",
    "nsdr": [
        3.328441303449292,
        -2.6604807117889386,
        1.2901294531972383,
        4.866765265293029
    ],
    "sar": [
        -11.122544861965721,
        -19.633426212448004,
        -21.724204175191282,
        -17.316813291993547
    ],
    "sdr": [
        -11.518091204356587,
        -22.103224449951053,
        -24.81785949661523,
        -18.365367639997164
    ],
    "sir": [
        10.52965059916308,
        1.2049621483683852,
        -0.1360399406078,
        5.716932143815237
    ]
}