{
    "name": "049 - Young Griffo - Facade",
    "nsdr": [
        1.9300990589643234,
        2.22580813280614,
        -0.13999431275387053,
        2.4401882197628524
    ],
    "sar": [
        -10.488875368750099,
        -18.791168413085312,
        -18.926623271361002,
        -17.234289594334523
    ],
    "sdr": [
        -12.2077047495916,
        -20.4466260059161,
        -19.94093290146718,
        -20.362168690900823
    ],
    "sir": [
        3.5094821299435113,
        3.3916645649007124,
        5.854369716063397,
        -0.15072283379088586
    ]
}