{
    "name": "042 - The Wrong'Uns - Rothko",
    "nsdr": [
        10.439959476829198,
        6.44734981818537,
        8.487559906411665,
        4.546733529520427
    ],
    "sar": [
        9.215495076334314,
        6.8738725959307985,
        6.236215418874211,
        4.727083713034928
    ],
    "sdr": [
        6.721573168817211,
        -0.5399415019771008,
        4.668534908307771,
        -0.32691293598749704
    ],
    "sir": [
        10.809437783870312,
        1.140632506505554,
        10.780914461855728,
        2.559687257136419
    ]
}