{
    "name": "001 - ANiMAL - Clinic A",
    "nsdr": [
        6.887929700750518,
        5.301823922244262,
        4.851431519650272,
        4.026138188481754
    ],
    "sar": [
        6.119630600419836,
        9.095727390061235,
        1.645060007744608,
        3.7715394295763662
    ],
    "sdr": [
        0.15101826602804924,
        6.383038190478684,
        -4.957831965587803,
        -2.7413626307045478
    ],
    "sir": [
        2.3673478667027013,
        10.21722344536504,
        -1.6211963244569991,
        -0.12271879246477312
    ]
}