{
    "name": "071 - James May - If You Say",
    "nsdr": [
        7.772630367307105,
        4.154626951563976,
        7.365937030499456,
        3.348826236010226
    ],
    "sar": [
        8.225232947131682,
        4.010702807264488,
        1.9770851043416349,
        5.6107551652802625
    ],
    "sdr": [
        4.429878150169795,
        -2.8903649752936684,
        -5.231143048497195,
        2.8056254098264706
    ],
    "sir": [
        7.384331543572722,
        -0.446461515607559,
        -2.1816937446792615,
        7.08549266801869
    ]
}