{
    "name": "024 - Leaf - Come Around",
    "nsdr": [
        11.46288443793852,
        0.8326794114130838,
        7.9087772282456825,
        6.359951605691207
    ],
    "sar": [
        4.242649148518734,
        10.421319297580819,
        -0.6246383579789381,
        3.1894033832504043
    ],
    "sdr": [
        0.4422838804516873,
        9.999475828135969,
        -10.180179265742908,
        -7.79352395234397
    ],
    "sir": [
        4.17204472439116,
        20.7122902710687,
        -6.336451183143588,
        -5.730574170619156
    ]
}