{
    "name": "005 - Angela Thomas Wade - Milk Cow Blues",
    "nsdr": [
        7.2201417696620585,
        6.6590037756783165,
        7.876475221051335,
        4.861829279532193
    ],
    "sar": [
        8.74554365283547,
        7.17741094751016,
        5.589666680643864,
        4.903164213900885
    ],
    "sdr": [
        3.9172178437118315,
        -0.1596880053196387,
        2.4523015587519974,
        0.9284997278005085
    ],
    "sir": [
        6.194026294402058,
        1.4878224985674995,
        6.3979240941729305,
        4.366920556763189
    ]
}