{
    "name": "018 - Hollow Ground - Ill Fate",
    "nsdr": [
        10.30216665298417,
        2.3735558668981955,
        6.217183423188607,
        -0.5454340919712811
    ],
    "sar": [
        3.1186088706544552,
        8.208273998937374,
        3.21892963620943,
        4.567381486466532
    ],
    "sdr": [
        0.47419517880460593,
        -2.118880099796689,
        -0.8229939901611949,
        -0.42744748938656923
    ],
    "sir": [
        5.609175307306389,
        -1.085169886189313,
        3.0467826215576768,
        2.527080443116951
    ]
}