{
    "name": "026 - Louis Cressy Band - Good Time",
    "nsdr": [
        9.421775613831823,
        8.500082602678667,
        9.413258466714153,
        7.396931341171771
    ],
    "sar": [
        7.49556023553474,
        6.623408002865295,
        8.397263696476854,
        5.979784799262228
    ],
    "sdr": [
        4.9093706497371095,
        2.421627423745896,
        7.124507735955563,
        0.7632175625819013
    ],
    "sir": [
        9.10121368214137,
        5.352992512053803,
        13.662417482378011,
        3.2947788395111792
    ]
}