{
    "name": "019 - James Elder & Mark M Thompson - The English Actor",
    "nsdr": [
        8.164950563773887,
        8.830952656584337,
        12.299245786885223,
        7.244613335781925
    ],
    "sar": [
        11.127609184519159,
        3.2609010550957755,
        8.952986000997685,
        4.855116992456854
    ],
    "sdr": [
        9.821092728125011,
        -12.428420953477374,
        7.812843220269738,
        -0.48647861032385065
    ],
    "sir": [
        15.997373062695246,
        -10.630656295452951,
        14.698952510162673,
        2.2436401809441824
    ]
}