{
    "name": "100 - Young Griffo - Pennies",
    "nsdr": [
        11.492331151878748,
        8.13864332658071,
        8.999614980010106,
        7.250842856417514
    ],
    "sar": [
        8.312139745645679,
        9.170719211528578,
        7.156016291988717,
        4.475555698608598
    ],
    "sdr": [
        6.050737863557915,
        6.257858138074197,
        4.919359355302749,
        -1.7802760280890082
    ],
    "sir": [
        10.564070383641464,
        9.864043589394733,
        9.636178655525164,
        0.7186592087366748
    ]
}