{
    "name": "060 - Buitraker - Revo X",
    "nsdr": [
        18.793531426739186,
        9.489461674700072,
        7.848255450374401,
        9.495442632661256
    ],
    "sar": [
        5.636671209401882,
        8.458594015280562,
        11.74818133427351,
        4.840401003994361
    ],
    "sdr": [
        3.8518093456286806,
        5.600446712566609,
        10.217974636959948,
        -2.6156068043893126
    ],
    "sir": [
        9.624165110360765,
        9.3473925453884,
        15.772062435572076,
        -0.5234666353689442
    ]
}