{
    "name": "043 - Timboz - Pony",
    "nsdr": [
        5.142284156670549,
        3.433807485576496,
        5.294125286378083,
        -0.24854874601484678
    ],
    "sar": [
        -0.2584885790414511,
        4.335372598005827,
        2.4353857186575336,
        6.505490773496084
    ],
    "sdr": [
        -5.576057874750163,
        -6.656002887156328,
        -0.7185964094224857,
        1.9402153189080473
    ],
    "sir": [
        -0.9230718905519049,
        -4.93329675443607,
        4.113750159186747,
        4.684234644529557
    ]
}