{
    "name": "055 - Angels In Amplifiers - I'm Alright",
    "nsdr": [
        9.381613626257096,
        9.735206603511003,
        10.483852470349447,
        6.789374157965515
    ],
    "sar": [
        9.860703264733914,
        8.310326069870923,
        6.410389190992085,
        6.106831888939958
    ],
    "sdr": [
        7.172012844248531,
        3.243033123486696,
        4.222385295898526,
        1.9236695679761797
    ],
    "sir": [
        10.956433468293433,
        5.460898736240419,
        9.141806655071205,
        4.963430277815325
    ]
}