{
    "name": "067 - Georgia Wonder - Siren",
    "nsdr": [
        11.684720383915014,
        9.173719271431938,
        8.333976859069264,
        7.045988917698425
    ],
    "sar": [
        7.8238236408351565,
        8.029044236687039,
        7.445912448743571,
        5.8240392517961865
    ],
    "sdr": [
        5.094435299659778,
        4.274343130032008,
        6.199449525625709,
        0.6647888969246043
    ],
    "sir": [
        9.068529803939153,
        7.284318466513358,
        12.947862541639035,
        3.2530847698141825
    ]
}