{
    "name": "027 - M.E.R.C. Music - Knockout",
    "nsdr": [
        7.125090684900936,
        7.599332846323555,
        6.9543842793202915,
        5.206453321481349
    ],
    "sar": [
        8.489248523734044,
        7.002475854635537,
        4.542545393056667,
        5.664283961865547
    ],
    "sdr": [
        4.871045847056889,
        -0.33404737616873226,
        2.4893008258886145,
        -0.1072387902326387
    ],
    "sir": [
        7.923334159783366,
        1.3421939324092391,
        8.036680285112162,
        2.271193655601406
    ]
}