{
    "name": "087 - Skelpolu - Together Alone",
    "nsdr": [
        9.232957990198074,
        10.107425576389039,
        8.716188473233782,
        9.134254120863014
    ],
    "sar": [
        -0.7124859635922871,
        6.716300523468029,
        12.299327307805267,
        7.000355950446124
    ],
    "sdr": [
        -22.26152407069896,
        3.098664385370423,
        11.568197317588055,
        3.6258707744844694
    ],
    "sir": [
        -18.849879157740737,
        6.414825082348311,
        19.915054882764444,
        7.090214449751757
    ]
}