{
    "name": "069 - Hollow Ground - Left Blind",
    "nsdr": [
        11.36525381027719,
        5.3597904243979375,
        4.009789648183599,
        3.703424636749102
    ],
    "sar": [
        4.391123807466949,
        8.018200189852804,
        3.9737705548844344,
        6.932316282517865
    ],
    "sdr": [
        -0.05800564032106399,
        2.928615744383854,
        0.04639267179841525,
        -0.2689459741064436
    ],
    "sir": [
        3.2209460074472416,
        5.175122231122964,
        3.7628006286135514,
        1.4502648224261838
    ]
}