{
    "name": "077 - Lyndsey Ollard - Catching Up",
    "nsdr": [
        4.421903891492208,
        8.495639426828387,
        8.041824104394127,
        8.632905793434695
    ],
    "sar": [
        10.030792293543684,
        2.0447089910146605,
        -2.6231760168207616,
        6.388449399649766
    ],
    "sdr": [
        9.296657090740952,
        -5.982793995863023,
        -21.327773494761214,
        3.054382570201723
    ],
    "sir": [
        17.789774310503617,
        -3.1313664636602683,
        -16.751851669982166,
        6.661367589470572
    ]
}