{
    "name": "090 - The Doppler Shift - Atrophy",
    "nsdr": [
        14.128714359794547,
        3.4996470166787237,
        4.68324545161357,
        10.517711111752353
    ],
    "sar": [
        8.252607508199041,
        5.583864019366858,
        10.125186287432088,
        6.7258123149670554
    ],
    "sdr": [
        6.644689976400308,
        -6.547524074793454,
        7.715181641945922,
        0.8395557891772671
    ],
    "sir": [
        12.344295133834445,
        -5.213151729268926,
        11.824961074233759,
        2.9715862702129052
    ]
}