{
    "name": "064 - Enda Reilly - Cur An Long Ag Seol",
    "nsdr": [
        9.649483064525604,
        8.32272571850989,
        10.28314236459137,
        6.377936764745481
    ],
    "sar": [
        9.443055269134497,
        7.034813131282802,
        8.770676235279343,
        4.633706929265433
    ],
    "sdr": [
        7.110685667602084,
        2.045398668512882,
        6.119634641353098,
        -0.6677460624228735
    ],
    "sir": [
        11.392288127020048,
        4.485514423842201,
        10.062834708665848,
        2.1346736189366196
    ]
}