{
    "name": "037 - Speak Softly - Broken Man",
    "nsdr": [
        9.407782108632594,
        8.315417441907208,
        7.749033401647762,
        8.608695911350532
    ],
    "sar": [
        4.3701515527497135,
        12.184990429678182,
        3.733490638503618,
        10.228396861635138
    ],
    "sdr": [
        -0.725184524208285,
        9.303337841890047,
        0.7587780799690533,
        2.6407091259784337
    ],
    "sir": [
        2.2354861443445677,
        12.70117424160402,
        5.337931886996911,
        3.865999412681963
    ]
}