{
    "name": "035 - Signe Jakobsen - What Have You Done To Me",
    "nsdr": [
        10.035719609971526,
        6.771189659564059,
        7.140059282147939,
        5.253145140617426
    ],
    "sar": [
        9.107635995322665,
        6.819468103265917,
        3.546122891069066,
        5.793149256556303
    ],
    "sdr": [
        7.3046427195201264,
        0.01991209359048974,
        0.7690196008177195,
        1.2694086034284593
    ],
    "sir": [
        12.495963342671175,
        1.858529964251807,
        5.615298574297905,
        4.175107548575378
    ]
}