{
    "name": "045 - Traffic Experiment - Sirens",
    "nsdr": [
        8.619301370800054,
        4.24002064912334,
        8.195898517810058,
        3.006779870206939
    ],
    "sar": [
        5.3721696763218585,
        5.136155020386166,
        5.130955788098649,
        6.0418511687180505
    ],
    "sdr": [
        1.764954506356995,
        -4.480782803451096,
        2.5329985224741565,
        3.0079454571310853
    ],
    "sir": [
        5.357319139157253,
        -2.817496143625948,
        7.161144428896642,
        6.959625462756004
    ]
}