{
    "name": "014 - Fergessen - Back From The Start",
    "nsdr": [
        6.058384314539583,
        3.678600193218058,
        -0.002773052473195592,
        3.4270875189976024
    ],
    "sar": [
        5.02870134649818,
        5.736727072196758,
        2.5648688615819637,
        3.2470062183452884
    ],
    "sdr": [
        1.4503671374208889,
        -2.9420465839383585,
        0.5191568169552345,
        -12.56380992450037
    ],
    "sir": [
        5.144840652521755,
        -1.2820305984578464,
        6.685856262854777,
        -10.76490628723667
    ]
}