{
    "name": "034 - Secretariat - Over The Top",
    "nsdr": [
        11.742315302304256,
        5.687400918461326,
        7.125054203610784,
        5.806220175253118
    ],
    "sar": [
        7.3978687546890685,
        8.448957442518942,
        4.566874900352163,
        5.918875302689003
    ],
    "sdr": [
        5.019366183665577,
        5.0595856565859565,
        1.7245156665531138,
        -2.045845638356591
    ],
    "sir": [
        9.49567590668156,
        8.301433469702504,
        6.210892874007032,
        -0.3001287888595271
    ]
}