{
    "name": "048 - We Fell From The Sky - Not You",
    "nsdr": [
        8.082442510385192,
        9.032918001636219,
        9.586232271722912,
        6.213455198787745
    ],
    "sar": [
        4.156068974472285,
        5.687332057667957,
        10.99660670683157,
        7.661898174359131
    ],
    "sdr": [
        1.6462763169799803,
        -3.5158744461778917,
        8.923016660208809,
        2.630351012618495
    ],
    "sir": [
        6.633903383508514,
        -1.922190421551416,
        13.461457384947739,
        4.953482437517092
    ]
}