{
    "name": "047 - Voelund - Comfort Lives In Belief",
    "nsdr": [
        4.803958566905845,
        4.199350339072201,
        8.273782345353112,
        2.6587450805866704
    ],
    "sar": [
        4.1622884802184865,
        4.558358744144479,
        3.3807083888783684,
        5.874910631003612
    ],
    "sdr": [
        1.6549716269390302,
        -2.210408487914706,
        0.5288816132630706,
        0.20275303087729518
    ],
    "sir": [
        6.644040623401018,
        0.11931356340038125,
        5.344576505513761,
        2.573421633401689
    ]
}