{
    "name": "096 - Triviul - Angelsaint",
    "nsdr": [
        6.638661604347766,
        8.801239228052232,
        12.896510650702746,
        3.9181805931498017
    ],
    "sar": [
        7.655934759554912,
        8.27668518180526,
        6.26242011505192,
        4.998910001041498
    ],
    "sdr": [
        4.461149942068111,
        5.040193612297777,
        4.033897281783906,
        -1.7791127759415035
    ],
    "sir": [
        7.982114936685864,
        8.437594452024253,
        8.920089001560925,
        0.4381313497449514
    ]
}