{
    "name": "073 - Johnny Lokke - Whisper To A Scream",
    "nsdr": [
        11.89518560094655,
        7.026879169092888,
        8.12177393051338,
        5.766163030181929
    ],
    "sar": [
        7.210607923898639,
        7.637595466403565,
        8.15275430201292,
        7.046965768883241
    ],
    "sdr": [
        5.496980059090781,
        1.726543544142958,
        6.2417659954712885,
        -0.2912396432808088
    ],
    "sir": [
        11.120101142003895,
        3.703391467342367,
        11.345879889588097,
        1.3772554888171464
    ]
}