{
    "name": "039 - Swinging Steaks - Lost My Way",
    "nsdr": [
        9.32476545220492,
        6.26866941080736,
        8.824404158658169,
        2.510493557290447
    ],
    "sar": [
        9.424489985178104,
        10.415625053118003,
        2.18010693558951,
        4.144915997303036
    ],
    "sdr": [
        7.262229983308794,
        3.674962834889653,
        -3.365828435512644,
        -3.7351899559367094
    ],
    "sir": [
        11.796873854758312,
        5.086363667155142,
        0.10968629193444517,
        -1.5482001573726683
    ]
}