{
    "name": "075 - Leaf - Summerghost",
    "nsdr": [
        11.946282623611543,
        9.799212114286812,
        13.927400587069759,
        5.693706353528815
    ],
    "sar": [
        9.91710618239931,
        11.865245039421577,
        9.420178271441046,
        4.555208826773555
    ],
    "sdr": [
        7.7821476551716025,
        8.02981588137446,
        7.978509332394653,
        -2.95896023795179
    ],
    "sir": [
        12.311461318278486,
        10.620845162824889,
        13.938564903633717,
        -0.8072421311626811
    ]
}