{
    "name": "093 - Tim Taler - Stalker",
    "nsdr": [
        1.507046238894647,
        3.16644462351964,
        5.013317193996597,
        4.628028554967392
    ],
    "sar": [
        2.265938222379775,
        3.5569489947104413,
        1.8774561151213998,
        5.909882373940578
    ],
    "sdr": [
        -0.14536860437706717,
        -3.8823455259064494,
        -3.1524116172521683,
        0.7236767928140077
    ],
    "sir": [
        5.583428310216398,
        -1.432498958304268,
        0.6569745411504595,
        3.2825449528216732
    ]
}