{
    "name": "049 - Young Griffo - Facade",
    "nsdr": [
        7.2501542149546125,
        8.152082955966282,
        9.197674827048983,
        4.341484883471057
    ],
    "sar": [
        6.282304449859431,
        8.841084845001246,
        5.199791454956825,
        6.245570526463603
    ],
    "sdr": [
        2.04818144926174,
        4.266057587000574,
        2.4845151503798717,
        0.9067353789536049
    ],
    "sir": [
        5.022798068083859,
        6.661519638569756,
        6.957492526927967,
        3.3344607981266665
    ]
}