{
    "name": "089 - St Vitus - Word Gets Around",
    "nsdr": [
        6.983218672232187,
        7.447022108210719,
        7.219428859633765,
        3.7854727994472164
    ],
    "sar": [
        9.208876374700445,
        8.08529930256263,
        2.2445584351300947,
        3.8557200003246646
    ],
    "sdr": [
        7.726222502571889,
        4.1114346436506475,
        -1.9313523165340587,
        -10.76531348605367
    ],
    "sir": [
        13.606031304298146,
        6.960965610221982,
        2.1923418618142265,
        -9.11583016145663
    ]
}