{
    "name": "050 - Zeno - Signs",
    "nsdr": [
        11.657090091483354,
        6.278279223447112,
        6.601746258594064,
        6.649118282627121
    ],
    "sar": [
        7.400068352999326,
        3.8203381357405752,
        7.152085705715832,
        6.848979958911709
    ],
    "sdr": [
        5.222499165758516,
        -2.5213577038910158,
        5.789571798808625,
        1.9265701700965745
    ],
    "sir": [
        9.990063110387347,
        0.13338923747273465,
        12.252632429730399,
        4.429398070313206
    ]
}