{
    "name": "038 - Spike Mullings - Mike's Sulking",
    "nsdr": [
        6.083893483321892,
        2.997438715256708,
        6.2139291802585,
        1.189040956455573
    ],
    "sar": [
        4.592078969478652,
        5.745467862666373,
        3.5012632192617676,
        5.533454994247798
    ],
    "sdr": [
        -0.45817008871156406,
        -3.004877856809438,
        0.9995422015281152,
        -1.0452109276194352
    ],
    "sir": [
        2.464539719643509,
        -1.3578190989049976,
        6.189322042421535,
        1.1040262171636197
    ]
}