{
    "name": "083 - Remember December - C U Next Time",
    "nsdr": [
        8.313121742033601,
        7.222187768588799,
        6.415278705226786,
        4.1987146965680875
    ],
    "sar": [
        8.579683124588238,
        8.213804123516875,
        5.996974085905455,
        7.77344384286512
    ],
    "sdr": [
        4.635689965787454,
        1.9509784292985053,
        1.266650450658441,
        -1.0564782773987949
    ],
    "sir": [
        7.441982145361709,
        3.732820419127436,
        4.0219883617315535,
        0.22354834458652326
    ]
}