{
    "name": "011 - Cnoc An Tursa - Bannockburn",
    "nsdr": [
        5.479043021711143,
        1.2311790558452724,
        0.7302715070682834,
        5.777442837807829
    ],
    "sar": [
        1.783317844089389,
        6.863363024604018,
        3.8074431759285305,
        8.615470908380278
    ],
    "sdr": [
        -4.1994502306196635,
        -6.71727740247397,
        1.0869428082339814,
        0.9615773428278335
    ],
    "sir": [
        -0.7278394000452009,
        -5.709427620449141,
        5.918881394832654,
        2.339065511989376
    ]
}