{
    "name": "094 - Titanium - Haunted Age",
    "nsdr": [
        6.56416171013394,
        4.155614351032007,
        5.264152213667573,
        1.6015241990272657
    ],
    "sar": [
        3.213459700650652,
        4.448088712236137,
        3.5817600675152397,
        6.948190449794758
    ],
    "sdr": [
        0.4023205565476537,
        -3.3088163224779947,
        -0.6412735607241954,
        0.6222487632102748
    ],
    "sir": [
        5.315598431027535,
        -1.1796156091642283,
        3.0007227617754566,
        2.5732050895526717
    ]
}