{
    "name": "057 - BKS - Bulldozer",
    "nsdr": [
        11.490979625362955,
        7.552500316246059,
        8.313440668184839,
        6.237433705927366
    ],
    "sar": [
        2.4232966616204674,
        6.385134753321454,
        10.186750713803614,
        3.4030248790377127
    ],
    "sdr": [
        0.02985527711880455,
        4.358931891159397,
        9.113190402057329,
        -5.970799980964362
    ],
    "sir": [
        5.724892866414026,
        9.542329798108442,
        16.105774793571882,
        -3.8038222522429854
    ]
}