{
    "name": "058 - Ben Carrigan - We'll Talk About It All Tonight",
    "nsdr": [
        10.067176050819537,
        6.873194287165974,
        6.644823205914078,
        4.444014189497161
    ],
    "sar": [
        5.034857316282785,
        7.743428590833515,
        5.763039038052473,
        4.743638825815699
    ],
    "sdr": [
        2.818450096630113,
        4.294972828753606,
        3.9000327678529345,
        -2.924119702364183
    ],
    "sir": [
        7.98593386902413,
        7.582228073020731,
        9.49583641539936,
        -0.8528972550118643
    ]
}