{
    "name": "016 - Forkupines - Semantics",
    "nsdr": [
        13.499997573073818,
        6.339656578402481,
        4.205141177741098,
        6.964408962463479
    ],
    "sar": [
        6.34798892885034,
        3.9879782239129113,
        7.8753370271713585,
        4.86522568611531
    ],
    "sdr": [
        5.684542792000098,
        -3.135932280268909,
        7.0916867895146565,
        -2.5635919059306156
    ],
    "sir": [
        15.077397148580204,
        -0.7409153939506383,
        15.57042996576229,
        -0.4715941080688132
    ]
}