{
    "name": "099 - Young Griffo - Blood To Bone",
    "nsdr": [
        13.720968592450395,
        5.404578168581476,
        9.531020373844473,
        8.657405058773406
    ],
    "sar": [
        8.081025630893434,
        8.501696650996278,
        6.947693813445698,
        5.123273166562172
    ],
    "sdr": [
        6.328522450397973,
        5.273653945446064,
        5.531886250732015,
        -2.395962292501242
    ],
    "sir": [
        11.744527158701207,
        8.650221141048846,
        11.887218156147654,
        -0.38572719266559924
    ]
}