{
    "name": "003 - Actions - One Minute Smile",
    "nsdr": [
        6.09074661822132,
        9.44394864658799,
        8.458579439982838,
        3.234697378468095
    ],
    "sar": [
        6.891409783229645,
        6.188545257492958,
        6.599661265193459,
        7.785107604705405
    ],
    "sdr": [
        3.9859258946687577,
        -0.9879075403116566,
        2.498022474365725,
        0.2375561737186096
    ],
    "sir": [
        7.911983758772372,
        0.871759365656576,
        5.49618836136025,
        1.7466667400555405
    ]
}