{
    "name": "020 - James May - Dont Let Go",
    "nsdr": [
        8.820122526146346,
        5.103945142714349,
        1.6981815997982679,
        2.583384868262211
    ],
    "sar": [
        7.244593865286485,
        7.482653511891222,
        0.8670276187038208,
        3.166987598957121
    ],
    "sdr": [
        2.671238354477331,
        4.901306144391224,
        -9.624964148114534,
        -2.454480519429806
    ],
    "sir": [
        5.284921267455111,
        9.101058613417978,
        -6.620380124340507,
        0.6458496115054301
    ]
}