{
    "name": "009 - Bobby Nobody - Stitch Up",
    "nsdr": [
        8.436378056836324,
        5.399770441371606,
        8.956107060413103,
        2.2830271370626405
    ],
    "sar": [
        7.103825361363634,
        8.22719822990106,
        3.823973727944829,
        3.9218802212118513
    ],
    "sdr": [
        4.648428743065964,
        1.214233573874411,
        0.9132353636766319,
        -1.7184141598272586
    ],
    "sir": [
        9.068062964953187,
        2.786067984647662,
        5.531691383586952,
        1.1433131282961044
    ]
}