{
    "name": "040 - The Long Wait - Back Home To Blue",
    "nsdr": [
        12.909248261737815,
        7.564346923454738,
        9.78786524345831,
        8.028882697166402
    ],
    "sar": [
        10.77330034681459,
        10.707180246345933,
        4.214595198890409,
        5.181464573850696
    ],
    "sdr": [
        7.5894848110787,
        8.509371590884635,
        0.07429992203798781,
        -0.6141712852532315
    ],
    "sir": [
        10.781984090978135,
        12.874165844119547,
        3.5841142230017313,
        1.863270435193811
    ]
}