{
    "name": "006 - Atlantis Bound - It Was My Fault For Waiting",
    "nsdr": [
        10.533055833180496,
        8.76782596146854,
        7.664435437705138,
        6.003890862901308
    ],
    "sar": [
        5.6008874168260805,
        5.788874591917308,
        8.993954032847004,
        5.262303780703076
    ],
    "sdr": [
        3.8089361866877898,
        1.561904924027927,
        7.723443075906024,
        -1.185576442140188
    ],
    "sir": [
        9.575079506219907,
        4.639299196899986,
        14.196927637257144,
        1.0619633778636053
    ]
}