{
    "name": "080 - North To Alaska - All The Same",
    "nsdr": [
        10.309672281745767,
        8.119420141437427,
        9.83337098972482,
        5.174290102697349
    ],
    "sar": [
        7.399426917500386,
        5.8272829230665675,
        6.475740939955451,
        8.218650975270883
    ],
    "sdr": [
        3.1624207707631395,
        1.5351925283399592,
        4.215322013253351,
        4.032929866736175
    ],
    "sir": [
        5.943439465379706,
        4.565523994556971,
        9.014382442111247,
        6.728771236991424
    ]
}