{
    "name": "017 - Girls Under Glass - We Feel Alright",
    "nsdr": [
        12.44827593157131,
        3.1614727870483996,
        6.002830334250373,
        7.518221983908395
    ],
    "sar": [
        2.921359701346584,
        5.477878524256582,
        8.237139995454111,
        8.956580872878172
    ],
    "sdr": [
        -4.791144639860839,
        -0.24496884037694255,
        4.857561361467381,
        2.267427210563941
    ],
    "sir": [
        -2.1946358003810698,
        2.1915913204568813,
        8.134768853997832,
        3.8348760365671453
    ]
}