{
    "name": "041 - The Mountaineering Club - Mallory",
    "nsdr": [
        10.335106789409263,
        7.79150616666614,
        11.328541639017953,
        7.928926256032604
    ],
    "sar": [
        8.16117072726492,
        6.89813431874475,
        7.219157523959502,
        6.994743667108269
    ],
    "sdr": [
        5.307483864876667,
        5.289756608305247,
        5.099346956779057,
        2.30198002453175
    ],
    "sir": [
        9.097477661904561,
        11.19032574650873,
        9.98549964977149,
        4.893627209384622
    ]
}