{
    "name": "086 - Skelpolu - Human Mistakes",
    "nsdr": [
        15.010291464795419,
        5.23851943679335,
        7.524577373896609,
        10.895358593074786
    ],
    "sar": [
        0.45774090682971674,
        10.391847859270287,
        4.475455728667206,
        6.167856005026438
    ],
    "sdr": [
        -5.408435880581206,
        8.075759814597692,
        1.5320078169157179,
        3.4319475471480114
    ],
    "sir": [
        -1.3188719850208601,
        12.292482240386262,
        5.935441140377504,
        7.675197183319254
    ]
}