{
    "name": "023 - Jokers, Jacks & Kings - Sea Of Leaves",
    "nsdr": [
        9.418502925507461,
        7.848032407115388,
        10.56373410656558,
        5.433929265245602
    ],
    "sar": [
        8.314980123649846,
        5.059245391632139,
        8.135463060308988,
        7.007454766842746
    ],
    "sdr": [
        4.970591717108772,
        0.15263799477544457,
        6.618685827261075,
        1.748451939762976
    ],
    "sir": [
        8.267832120891931,
        3.0265540241362237,
        12.54428528121817,
        4.073444546158172
    ]
}