{
    "name": "013 - Drumtracks - Ghost Bitch",
    "nsdr": [
        10.323724755783221,
        -0.9291129910694309,
        2.7240029994525106,
        4.865659075529706
    ],
    "sar": [
        7.809564214286031,
        3.865527205502224,
        5.369128000337629,
        4.873119945267956
    ],
    "sdr": [
        5.599225231316007,
        -2.443941211748892,
        -4.587691940065034,
        -0.680870218661803
    ],
    "sir": [
        10.256348411492937,
        0.20739546851389346,
        -3.017845215764283,
        1.9600350794683965
    ]
}