{
    "name": "004 - Al James - Schoolboy Facination",
    "nsdr": [
        6.77141033871092,
        7.673046202196341,
        7.041709098737895,
        3.380196550292924
    ],
    "sar": [
        7.844631582698408,
        7.161432081147085,
        2.9978014693923467,
        5.19313318001606
    ],
    "sdr": [
        5.106225994249538,
        3.958965695457675,
        0.3076008235053964,
        -4.860895443307506
    ],
    "sir": [
        9.06709300984322,
        7.548901017550026,
        5.428566705105182,
        -3.2615949862502847
    ]
}