{
    "name": "095 - Traffic Experiment - Once More (With Feeling)",
    "nsdr": [
        9.986601608176112,
        4.04492370458005,
        10.188512155555296,
        2.618598658824559
    ],
    "sar": [
        3.9798694427240013,
        7.430624846492395,
        5.22110903453788,
        4.034533969513532
    ],
    "sdr": [
        1.0842809159853435,
        4.253427421207706,
        2.1948354918594357,
        -1.9790021962551407
    ],
    "sir": [
        5.673550860045227,
        7.8243711018285484,
        6.330427070002093,
        0.7183414180093961
    ]
}