{
    "name": "022 - Johnny Lokke - Promises & Lies",
    "nsdr": [
        10.756046917418871,
        8.025941164732728,
        10.005071420932545,
        5.533313622998589
    ],
    "sar": [
        9.391241849675849,
        6.2430316376712405,
        9.16809077027334,
        8.455059915727364
    ],
    "sdr": [
        5.830060688498961,
        -0.3092059437875635,
        6.54172538729192,
        2.305908821799229
    ],
    "sir": [
        8.824488009443911,
        1.7020252422226734,
        10.46971615117628,
        4.092687432839883
    ]
}