{
    "name": "092 - The Sunshine Garcia Band - For I Am The Moon",
    "nsdr": [
        11.389269986732295,
        6.322852382057544,
        7.575076575952661,
        6.322761605837837
    ],
    "sar": [
        10.211432128483908,
        7.292590422674056,
        7.5110527899561275,
        4.328500230579171
    ],
    "sdr": [
        7.0883633263808115,
        2.7193846968266207,
        4.962301133328654,
        -3.5793734059758857
    ],
    "sir": [
        10.3838741258237,
        5.325567389339467,
        9.198249758008645,
        -1.4480302030130852
    ]
}