{
    "name": "098 - Wall Of Death - Femme",
    "nsdr": [
        9.526817152413436,
        3.79262450112653,
        8.696441975973947,
        4.323791861465323
    ],
    "sar": [
        4.340436517378105,
        4.092513525890254,
        8.013136885906624,
        9.52381440992262
    ],
    "sdr": [
        0.6239466060657174,
        -3.7167608826142877,
        5.007525462529331,
        3.2973765269856465
    ],
    "sir": [
        4.388140844903441,
        -1.5012178414328488,
        8.659644489065608,
        4.939703141413319
    ]
}