{
    "name": "074 - Juliet's Rescue - Heartbeats",
    "nsdr": [
        12.374656092550355,
        6.87098266569877,
        10.342524658359364,
        7.074838466156686
    ],
    "sar": [
        5.540188218707423,
        1.595045369025262,
        14.220635411169534,
        7.980124498668795
    ],
    "sdr": [
        4.111877792733784,
        -7.53144178024177,
        12.504603065890603,
        1.5784989273379457
    ],
    "sir": [
        10.705623069300682,
        -4.6794110369289035,
        17.528290623558036,
        3.3496057936111163
    ]
}