{
    "name": "078 - Moosmusic - Big Dummy Shake",
    "nsdr": [
        11.679485277659886,
        7.1068761759905845,
        7.814415450167571,
        6.46453574817147
    ],
    "sar": [
        9.220285950925494,
        6.287149248943664,
        7.729656232576416,
        6.762333517574902
    ],
    "sdr": [
        6.9216970458947955,
        0.8179875935580082,
        4.8921670310128595,
        0.9796492890676072
    ],
    "sir": [
        11.274534381162432,
        3.1850105389083962,
        8.7593540139104,
        3.141872262713725
    ]
}