{
    "name": "021 - James May - On The Line",
    "nsdr": [
        12.239105616659256,
        4.56457878457996,
        5.003567236590166,
        1.7824007569185247
    ],
    "sar": [
        10.57149152554652,
        8.451696579934834,
        1.7934375600808634,
        2.5790629091051147
    ],
    "sdr": [
        7.37713437585937,
        2.0467017545583994,
        -2.732657424828285,
        -3.050233271956628
    ],
    "sir": [
        10.57583287251385,
        3.754993523075521,
        1.3617117271576649,
        0.24730342324602944
    ]
}