{
    "name": "051 - AM Contra - Heart Peripheral",
    "nsdr": [
        12.393822568149893,
        5.375726987181882,
        5.789679550639859,
        1.1779250662270089
    ],
    "sar": [
        8.850301833160989,
        4.6116755470127915,
        7.47786598929284,
        3.3170317022478213
    ],
    "sdr": [
        7.976328344345398,
        -2.4820749004088176,
        4.695041129421376,
        -6.2160475646524835
    ],
    "sir": [
        15.900816381373534,
        -0.24877807160070192,
        8.6595602044339,
        -4.042296155644377
    ]
}