{
    "name": "097 - Triviul feat. The Fiend - Widow",
    "nsdr": [
        8.478653217205618,
        11.558885435433599,
        7.898876979559226,
        6.915441036604007
    ],
    "sar": [
        8.980892081616172,
        11.319204152822708,
        3.116695834150235,
        4.607639867224397
    ],
    "sdr": [
        6.416879570209573,
        8.957442419804934,
        1.0647873344818206,
        -2.845461811361738
    ],
    "sir": [
        10.441746721864755,
        13.039671678149842,
        7.032421459468555,
        -0.6940165997178981
    ]
}