{
    "name": "056 - Arise - Run Run Run",
    "nsdr": [
        10.996630315375844,
        6.006335192571092,
        11.825290975306403,
        4.115223037596935
    ],
    "sar": [
        6.222092362929487,
        7.984851478452475,
        4.574346531718433,
        6.04952319977917
    ],
    "sdr": [
        3.8194205250289985,
        3.4928924611986756,
        1.9755615598786118,
        1.7255454215384345
    ],
    "sir": [
        8.465952977456958,
        6.041463290761655,
        6.739937195117376,
        4.691953758558124
    ]
}