{
    "name": "063 - Detsky Sad - Walkie Talkie",
    "nsdr": [
        11.496625946968187,
        7.259476594281259,
        5.846191564141529,
        6.1459765554000985
    ],
    "sar": [
        8.796940470219637,
        3.503535898913694,
        7.546279452282882,
        5.931919591378243
    ],
    "sdr": [
        6.462648131544149,
        -4.34393381636447,
        6.625599909188827,
        -1.4238415278006211
    ],
    "sir": [
        10.812084604946525,
        -1.962549331831177,
        14.518431256610578,
        0.4453507436800398
    ]
}