{
    "name": "046 - Triviul - Dorothy",
    "nsdr": [
        6.878145499555076,
        6.350753016752813,
        8.726443209233977,
        6.745895589013758
    ],
    "sar": [
        5.360203126671374,
        3.144346490647105,
        10.427290311540336,
        3.8880040850730353
    ],
    "sdr": [
        4.358953860085613,
        -1.9934219221616025,
        7.436802318270335,
        -3.8474091109645525
    ],
    "sir": [
        12.331843524114973,
        1.3118859991035294,
        10.843778588738912,
        -1.5587274227118995
    ]
}