{
    "name": "032 - Raft Monk - Tiring",
    "nsdr": [
        6.594187113823869,
        5.162500347420377,
        7.033304983847336,
        3.1689123831240744
    ],
    "sar": [
        2.1972126836592762,
        7.536561290636076,
        4.873224997308541,
        7.0224993518353385
    ],
    "sdr": [
        -0.7238009213689425,
        2.493997907533208,
        2.015351782728195,
        -1.3577988699768018
    ],
    "sir": [
        4.426849718860369,
        4.830657176881372,
        6.4077315096137575,
        0.10992512712193789
    ]
}