{
    "name": "079 - Mu - Too Bright",
    "nsdr": [
        11.84648504560202,
        9.746064263498456,
        11.792383959940306,
        7.164199855406082
    ],
    "sar": [
        9.500814877678154,
        6.9976252484538515,
        12.281831784573662,
        5.03472591170243
    ],
    "sdr": [
        8.2364224536989,
        0.5422150189681303,
        10.823574172698759,
        -0.022753770690321903
    ],
    "sir": [
        14.674069680046983,
        2.446322077377058,
        16.521318384753826,
        2.7867965678056876
    ]
}