{
    "name": "085 - Side Effects Project - Sing With Me",
    "nsdr": [
        10.807689660151436,
        11.46834072350294,
        9.627942929854841,
        7.93914531299176
    ],
    "sar": [
        9.206367759220694,
        6.140573488827055,
        11.16950187258187,
        2.790087162833899
    ],
    "sdr": [
        8.35566878345732,
        1.4600597473186336,
        9.965822890131479,
        -7.790933318586353
    ],
    "sir": [
        16.346536597972282,
        4.212411179772645,
        16.44621324082743,
        -5.55780318096751
    ]
}