{
    "name": "012 - Dark Ride - Burning Bridges",
    "nsdr": [
        12.139084763867594,
        -1.5569376415017357,
        1.8355009260178456,
        3.386865965374982
    ],
    "sar": [
        6.12727974904953,
        6.820130045245607,
        3.4234890942523677,
        5.55627875607612
    ],
    "sdr": [
        4.282658858299017,
        -5.438976605490449,
        2.0310029934464895,
        -8.564822767366167
    ],
    "sir": [
        9.839117745876301,
        -4.3522970931444895,
        9.2760967660748,
        -7.327319383224172
    ]
}