{
    "name": "052 - ANiMAL - Easy Tiger",
    "nsdr": [
        12.775594841543526,
        7.640100807149983,
        5.920223266250382,
        5.035132482471816
    ],
    "sar": [
        9.942206275615424,
        8.191769466522803,
        5.721885386534993,
        2.202588981663625
    ],
    "sdr": [
        8.541920297473485,
        3.703758645383559,
        2.405951986937566,
        -4.047347199921852
    ],
    "sir": [
        14.558155864855253,
        6.226692261010493,
        6.161229795014981,
        -0.8246221747769577
    ]
}