{
    "name": "084 - Secretariat - Borderline",
    "nsdr": [
        5.339713687135422,
        5.655620046420182,
        8.807378393010424,
        1.512604486880107
    ],
    "sar": [
        4.635008686243532,
        5.708771304171567,
        2.1472257205375476,
        6.324833637469759
    ],
    "sdr": [
        0.018024692295549406,
        -2.1552379468100376,
        -2.3005410507822153,
        2.698101254515351
    ],
    "sir": [
        3.141996177236568,
        -0.3464556688563243,
        1.699660804408948,
        6.078622260009664
    ]
}