{
    "name": "025 - Leaf - Wicked",
    "nsdr": [
        16.77314725777368,
        8.752061992834822,
        9.161118408104741,
        8.321363171863185
    ],
    "sar": [
        9.647926958518777,
        7.454034325215969,
        9.670919214366444,
        2.768011676685716
    ],
    "sdr": [
        8.120557930887486,
        6.192383922328517,
        8.518070445032508,
        -2.8112130151617793
    ],
    "sir": [
        13.847426425909838,
        12.894190788381941,
        15.286766103478172,
        0.4390503373735528
    ]
}