{
    "name": "002 - ANiMAL - Rockshow",
    "nsdr": [
        9.661677615260693,
        6.548503599352324,
        7.979408204026803,
        3.3937645387770035
    ],
    "sar": [
        6.287540607520432,
        6.548384281863431,
        7.518274177762196,
        4.873983428358112
    ],
    "sdr": [
        2.791042341324555,
        4.628562230061613,
        4.440282235954054,
        -5.000680905008177
    ],
    "sir": [
        6.28114429177953,
        9.966952937881834,
        8.09199354923206,
        -3.3050321403947844
    ]
}