{
    "name": "010 - Carlos Gonzalez - A Place For Us",
    "nsdr": [
        6.263694534849002,
        8.716588497776101,
        9.002930201190413,
        3.0501775879479354
    ],
    "sar": [
        9.053442410184507,
        6.7273041807335145,
        7.2070532925381965,
        3.7522699107236166
    ],
    "sdr": [
        4.230649035598474,
        0.5968542141971945,
        4.10723837462598,
        -1.70923834982897
    ],
    "sir": [
        6.47502540952467,
        2.6468946799518074,
        7.786165174302532,
        1.2711345550794055
    ]
}