{
    "name": "061 - Chris Durban - Celebrate",
    "nsdr": [
        14.519935034759524,
        5.7755737392523505,
        6.149932685454264,
        3.436930800331532
    ],
    "sar": [
        4.265374324408255,
        8.915030152969049,
        4.950007776209628,
        2.474427728294038
    ],
    "sdr": [
        0.8994683203766687,
        5.495536450190359,
        3.3754491179621082,
        -3.8399952630073138
    ],
    "sir": [
        4.962565555915326,
        8.656452355654167,
        9.750596968647011,
        -0.7373106150041452
    ]
}