{
    "name": "015 - Fergessen - The Wind",
    "nsdr": [
        9.619163226565139,
        5.747478585781074,
        7.919368233272981,
        4.3879421638095835
    ],
    "sar": [
        10.17061708878398,
        5.787113459973976,
        3.7428560169702725,
        6.608673382041595
    ],
    "sdr": [
        7.875821862263441,
        -3.1962322376871857,
        1.3918852045785677,
        0.9504834309659513
    ],
    "sir": [
        12.141907108326407,
        -1.592664160544648,
        6.710032207639889,
        3.1854051085834274
    ]
}