{
    "name": "007 - BKS - Too Much",
    "nsdr": [
        11.055546582530766,
        8.327689824261718,
        7.644464667349907,
        6.995310505540287
    ],
    "sar": [
        10.495501896496396,
        8.820040826638753,
        5.220571757238659,
        3.289233110759926
    ],
    "sdr": [
        8.907575947966908,
        5.158026189171949,
        2.504128021145311,
        -4.5326595244688
    ],
    "sir": [
        14.418060761208507,
        8.137235349922886,
        6.970950545248846,
        -2.078967235250506
    ]
}