{
    "name": "033 - Sambasevam Shanmugam - Kaathaadi",
    "nsdr": [
        6.0824086013637775,
        6.101180607112558,
        5.950473936722961,
        6.496412733274317
    ],
    "sar": [
        4.746161111769166,
        7.492985125362886,
        2.96227002095421,
        3.4357803237506634
    ],
    "sdr": [
        3.4866843098702716,
        5.133818902413793,
        -1.648484384643508,
        -6.129494728135713
    ],
    "sir": [
        10.73281958053034,
        9.622271187318539,
        1.9719182851467005,
        -3.9971515117169405
    ]
}