{
    "name": "031 - Phre The Eon - Everybody's Falling Apart",
    "nsdr": [
        11.853964629334811,
        0.2802803723143761,
        1.3156420176523373,
        4.313013853149542
    ],
    "sar": [
        7.506960150273403,
        4.078121968619038,
        5.060013411134245,
        1.8415055801355282
    ],
    "sdr": [
        5.339238364355378,
        -7.447330229798428,
        3.391232686616499,
        -6.3756684861482675
    ],
    "sir": [
        10.10568571007884,
        -5.697078289765445,
        9.531755849823437,
        -3.4795496329422004
    ]
}