{
    "name": "029 - Nerve 9 - Pray For The Rain",
    "nsdr": [
        6.923944608268405,
        10.947655939624608,
        12.637686991288996,
        4.172779613644437
    ],
    "sar": [
        9.193965595975385,
        6.811033259793669,
        8.417810406850457,
        4.573007875056729
    ],
    "sdr": [
        5.894074756123705,
        4.693805257569801,
        6.675952909685102,
        -2.364611801183585
    ],
    "sir": [
        9.126598979822052,
        9.651769252708087,
        12.069607911088674,
        -0.08260040341043835
    ]
}