{
    "name": "059 - Black Bloc - If You Want Success",
    "nsdr": [
        8.13991304193131,
        10.123168143568531,
        7.569920219073545,
        8.205517170271042
    ],
    "sar": [
        6.92582999252299,
        4.208365736481615,
        9.647110998904951,
        5.128492360117928
    ],
    "sdr": [
        2.5798631665558447,
        -0.6292950335811743,
        8.799707633636437,
        0.30041625161183055
    ],
    "sir": [
        5.3726291550946925,
        2.4958548826761637,
        16.760682458243778,
        3.195958821299117
    ]
}