{
    "name": "082 - Punkdisco - Oral Hygiene",
    "nsdr": [
        13.727489377769142,
        8.443952941802095,
        9.809391541200831,
        9.350960473327273
    ],
    "sar": [
        4.334462136122499,
        9.345940479054338,
        9.544567251358165,
        2.2049281700549934
    ],
    "sdr": [
        1.1054973771466217,
        7.575038849632007,
        8.364753211835863,
        -2.149992912066968
    ],
    "sir": [
        5.270377626806559,
        12.803970230116219,
        15.058382065891465,
        1.8813427372293725
    ]
}