{
    "name": "028 - Motor Tapes - Shore",
    "nsdr": [
        7.317692387251332,
        10.75422648495261,
        12.185293533334425,
        6.093945696526155
    ],
    "sar": [
        9.30620137407952,
        8.064307675990019,
        3.6756983772695104,
        7.052681703649696
    ],
    "sdr": [
        6.151722442852908,
        3.2331722890021304,
        -1.5611917007516087,
        3.9831119839089
    ],
    "sir": [
        9.5042604667775,
        5.594609316249208,
        1.5346008107657036,
        7.716318916251904
    ]
}