{
    "name": "081 - Patrick Talbot - Set Me Free",
    "nsdr": [
        8.46080482811201,
        3.6412853750245047,
        11.040107261477555,
        4.485786808874259
    ],
    "sar": [
        6.364810595505791,
        3.419223039546619,
        5.557847541003351,
        5.204798804180541
    ],
    "sdr": [
        3.6583095356111848,
        0.26256455409069895,
        3.5510361749482575,
        0.4462562272396317
    ],
    "sir": [
        7.897674940456962,
        4.760115200695175,
        8.934329080626684,
        3.3584988284301405
    ]
}