{
    "name": "062 - Cristina Vane - So Easy",
    "nsdr": [
        14.407416855608451,
        8.822419818970818,
        9.590689664347993,
        8.64224062726668
    ],
    "sar": [
        11.478545435630231,
        5.860665422638323,
        11.914934276562228,
        3.561765681622289
    ],
    "sdr": [
        9.374394260434885,
        0.989699688909597,
        10.241451162158219,
        -1.8311626487818953
    ],
    "sir": [
        13.829632277829024,
        3.7031436299197895,
        15.463806191123378,
        1.2341246640664136
    ]
}