{
    "name": "053 - Actions - Devil's Words",
    "nsdr": [
        9.56090410512812,
        9.659115729867764,
        8.06350019409771,
        6.382622593409647
    ],
    "sar": [
        9.840246763154068,
        8.944028984046383,
        5.301116258637649,
        6.538304575789481
    ],
    "sdr": [
        6.893899058464209,
        5.08153076249935,
        2.424456356387187,
        -0.3400646700567297
    ],
    "sir": [
        10.397802243231691,
        7.90100224518944,
        6.695488481463574,
        1.5276987526328893
    ]
}