{
    "name": "091 - The Long Wait - Dark Horses",
    "nsdr": [
        9.57998310304007,
        6.328779266852939,
        8.708244946531849,
        4.623950570014433
    ],
    "sar": [
        5.7532788007668865,
        6.841225293942942,
        6.179151577927429,
        6.151809299271903
    ],
    "sdr": [
        1.540310420193245,
        2.5524889007399265,
        3.528161872742453,
        1.4724958535848185
    ],
    "sir": [
        4.633681691320665,
        5.393265530550499,
        7.868052108363946,
        4.223271138970663
    ]
}