{
    "name": "076 - Little Chicago's Finest - My Own",
    "nsdr": [
        10.439946487280949,
        6.334290660522928,
        5.541562728102194,
        8.991889540500587
    ],
    "sar": [
        7.33679370148923,
        3.246875103224416,
        7.758835681805011,
        3.3155815374677484
    ],
    "sdr": [
        5.996375491054535,
        -1.7998232242678145,
        6.878951536272346,
        -5.618147273259952
    ],
    "sir": [
        12.490656132491312,
        1.5131113082331842,
        14.917771320443977,
        -3.362649530129346
    ]
}