{
    "name": "054 - Actions - South Of The Water",
    "nsdr": [
        9.946572636778326,
        9.197625745442457,
        7.337132228327176,
        6.28730702063288
    ],
    "sar": [
        6.749604981183394,
        11.526240689631859,
        3.51908596071081,
        7.8853699660258725
    ],
    "sdr": [
        2.1596480444009676,
        7.848010304570842,
        0.45630628842837057,
        1.9086562350958556
    ],
    "sir": [
        4.846867944239658,
        10.574875893560055,
        5.012604574687314,
        3.827553748041484
    ]
}