{
    "name": "030 - Patrick Talbot - A Reason To Leave",
    "nsdr": [
        8.999835606332796,
        7.942890088339187,
        12.215146191379045,
        6.108734645759615
    ],
    "sar": [
        11.255750814489966,
        7.479354263171767,
        6.255422257998113,
        4.242272731301796
    ],
    "sdr": [
        9.980721595356577,
        1.5674262331077595,
        4.615354319185317,
        -2.6189937165073984
    ],
    "sir": [
        16.238932984326187,
        3.5675922651322365,
        10.561977604733457,
        -0.22939947883911072
    ]
}