{
    "name": "015 - Fergessen - The Wind",
    "nsdr": [
        -25.248134784314345,
        -34.82609635045639,
        -21.128896016082216,
        -30.338155759426247
    ],
    "sar": [
        -26.143332077706532,
        -33.239569730936104,
        -25.514692289353334,
        -28.306229149567883
    ],
    "sdr": [
        -27.054000668917,
        -43.42796531101591,
        -27.577861731006315,
        -33.93874920478125
    ],
    "sir": [
        6.331493614502282,
        -9.74919849642742,
        2.1723286806580555,
        -4.2392543057017775
    ]
}