{
    "name": "033 - Sambasevam Shanmugam - Kaathaadi",
    "nsdr": [
        -21.928136407351325,
        -22.955240554389228,
        -23.131058394271804,
        -20.18675761788159
    ],
    "sar": [
        -23.617260673578244,
        -23.883771395668436,
        -23.885588986974756,
        -23.652448031891037
    ],
    "sdr": [
        -24.494715515624396,
        -24.0249502036505,
        -30.83927238458525,
        -33.219129942995835
    ],
    "sir": [
        6.518325209546939,
        14.827089706696974,
        -5.957817314395925,
        -9.039489483484111
    ]
}