{
    "name": "003 - Actions - One Minute Smile",
    "nsdr": [
        -21.106958635180675,
        -23.738671282445054,
        -27.349990707729077,
        -32.965943522617984
    ],
    "sar": [
        -23.205701946054774,
        -24.51258422485333,
        -25.106641867730282,
        -30.051719082706793
    ],
    "sdr": [
        -23.894757715682523,
        -34.00288316852759,
        -33.08537463591495,
        -35.41884241682806
    ],
    "sir": [
        7.666927097855265,
        -8.95687609031429,
        -7.211932121841327,
        -3.871778300951333
    ]
}