{
    "name": "034 - Secretariat - Over The Top",
    "nsdr": [
        -17.81387177872726,
        -33.14188956378843,
        -33.57515622301713,
        -28.666143066482
    ],
    "sar": [
        -24.704867481341534,
        -30.628378572408337,
        -33.40036513982192,
        -29.51878877268836
    ],
    "sdr": [
        -25.729328960995282,
        -34.098541116898026,
        -38.83997866575776,
        -35.10949308686552
    ],
    "sir": [
        5.76526599845752,
        -0.8719039977788773,
        -3.9759218403057197,
        -4.183162755566397
    ]
}