{
    "name": "022 - Johnny Lokke - Promises & Lies",
    "nsdr": [
        -15.717605435512642,
        -26.987134178263187,
        -35.75844309483105,
        -36.74077246382351
    ],
    "sar": [
        -21.113641666475424,
        -34.17349225732425,
        -29.99465811429646,
        -36.17361093112881
    ],
    "sdr": [
        -21.4424639890481,
        -35.92338454451462,
        -38.119395828719114,
        -40.305589441678464
    ],
    "sir": [
        11.076258620653443,
        3.0451060486982366,
        -7.394085204239776,
        -2.0112630049828155
    ]
}