{
    "name": "011 - Cnoc An Tursa - Bannockburn",
    "nsdr": [
        -21.091931378351966,
        -25.95228636746851,
        -31.314296442073,
        -29.105912680765563
    ],
    "sar": [
        -27.501365090074867,
        -28.239877032322994,
        -30.033446930409248,
        -29.43560859298582
    ],
    "sdr": [
        -30.355915495978245,
        -33.27747236639394,
        -31.720891334509403,
        -33.55437488019192
    ],
    "sir": [
        0.3250068156588592,
        -3.397479054881352,
        3.2388490448910945,
        -1.9858225684856687
    ]
}