{
    "name": "005 - Angela Thomas Wade - Milk Cow Blues",
    "nsdr": [
        -15.890072431495451,
        -28.57740823079933,
        -22.8133916358479,
        -31.108904536160857
    ],
    "sar": [
        -18.70665858807549,
        -24.666201231200397,
        -25.811738419950995,
        -30.52084768433303
    ],
    "sdr": [
        -19.398552678186793,
        -35.7500750523809,
        -28.128793272439747,
        -34.65756479424588
    ],
    "sir": [
        7.685012492684913,
        -10.716785018048277,
        1.5299432422521788,
        -2.016177960070577
    ]
}