{
    "name": "023 - Jokers, Jacks & Kings - Sea Of Leaves",
    "nsdr": [
        -17.157817851901385,
        -25.39112012610725,
        -25.937388915499668,
        -28.147355864164695
    ],
    "sar": [
        -20.842190031026725,
        -30.648331469757085,
        -28.300967578370013,
        -28.28029688570259
    ],
    "sdr": [
        -21.111039766328755,
        -32.44145090165237,
        -30.045441075940353,
        -32.56990733389063
    ],
    "sir": [
        11.983255956494006,
        2.91812629946014,
        3.06622261064351,
        -2.25981792562559
    ]
}