{
    "name": "020 - James May - Dont Let Go",
    "nsdr": [
        -20.162556933082282,
        -24.65133815622822,
        -21.853989573322174,
        -19.50704695971775
    ],
    "sar": [
        -24.132371780933966,
        -21.11840230480936,
        -28.580116765610185,
        -24.020979255869065
    ],
    "sdr": [
        -25.234011304347334,
        -25.35885200254497,
        -32.77107586048207,
        -24.74016453828487
    ],
    "sir": [
        5.411729249969081,
        -2.1542258959863845,
        -2.101975859853263,
        7.4620536191739975
    ]
}