{
    "name": "019 - James Elder & Mark M Thompson - The English Actor",
    "nsdr": [
        -18.11901725049057,
        -24.22638187352078,
        -27.132234754246387,
        -14.520409382526585
    ],
    "sar": [
        -19.279027724514567,
        -28.639999070134536,
        -23.124856700358492,
        -17.081986330013855
    ],
    "sdr": [
        -19.447856259609836,
        -37.549622619157915,
        -32.651239133863335,
        -17.796351903984927
    ],
    "sir": [
        14.06966872245437,
        -8.306163172759245,
        -8.99174960501848,
        7.560771114784761
    ]
}