{
    "name": "024 - Leaf - Come Around",
    "nsdr": [
        -13.528428463741518,
        -41.89876661073882,
        -9.989312497948212,
        -19.895387663409867
    ],
    "sar": [
        -21.71169667068261,
        -30.393809064670734,
        -25.870359699482947,
        -26.77000467156801
    ],
    "sdr": [
        -22.79832972075826,
        -35.678957596873886,
        -28.031249483156074,
        -30.539203867847583
    ],
    "sir": [
        5.491559604825649,
        -3.75609690422752,
        1.9175899971917327,
        -1.3955770478205598
    ]
}