{
    "name": "028 - Motor Tapes - Shore",
    "nsdr": [
        -19.95807835754904,
        -37.49872277812134,
        -20.703062162219926,
        -23.433711928226156
    ],
    "sar": [
        -18.382055105989174,
        -33.30733949083238,
        -22.80403029218286,
        -23.883489498307707
    ],
    "sdr": [
        -22.54457942318431,
        -45.00758975465209,
        -33.90841569712974,
        -24.352228003643177
    ],
    "sir": [
        -1.9993843495713626,
        -11.3942249654166,
        -10.731119390084258,
        9.44978325550315
    ]
}