{
    "name": "006 - Atlantis Bound - It Was My Fault For Waiting",
    "nsdr": [
        -14.44404980385995,
        -27.192899496925524,
        -24.47503587426295,
        -23.29566957742851
    ],
    "sar": [
        -18.95280727410084,
        -28.409818592841404,
        -23.555129880163243,
        -27.336191439096638
    ],
    "sdr": [
        -19.1688074226335,
        -34.175448064030846,
        -25.45671485054548,
        -31.244369347602678
    ],
    "sir": [
        12.979777963134723,
        -4.421554593970818,
        2.6203684042010145,
        -1.6335392420863966
    ]
}