{
    "name": "032 - Raft Monk - Tiring",
    "nsdr": [
        -19.962088567768685,
        -30.8290054070664,
        -22.85754523616472,
        -26.88618971492125
    ],
    "sar": [
        -25.922191895450215,
        -30.43764925646282,
        -26.00102559985175,
        -27.158173447292548
    ],
    "sdr": [
        -26.8594827497188,
        -33.03228713235998,
        -28.191774202338472,
        -32.04578828673841
    ],
    "sir": [
        6.193120618626783,
        0.8792836145457626,
        1.841487613799277,
        -3.175406597660749
    ]
}