{
    "name": "009 - Bobby Nobody - Stitch Up",
    "nsdr": [
        -19.309492311391644,
        -31.25924407366006,
        -16.17644130567942,
        -31.39429810242867
    ],
    "sar": [
        -23.457331504252473,
        -26.321237670186626,
        -23.54879489097562,
        -29.22789492571752
    ],
    "sdr": [
        -23.73673756302589,
        -34.90269174748712,
        -24.563444158827057,
        -34.98891833377952
    ],
    "sir": [
        11.794579626589032,
        -7.923236338049048,
        5.816626491551178,
        -4.4163595812925935
    ]
}