{
    "name": "018 - Hollow Ground - Ill Fate",
    "nsdr": [
        -17.173278199176572,
        -22.359078917508135,
        -30.863710465041365,
        -35.129748397144894
    ],
    "sar": [
        -25.390065435183583,
        -25.929733508329782,
        -30.26280309958667,
        -29.89394947973127
    ],
    "sdr": [
        -26.51487043272362,
        -27.85566106139146,
        -37.80026912279068,
        -35.11056060409433
    ],
    "sir": [
        5.30507245474912,
        2.5440243810512757,
        -6.691068347510277,
        -3.6579146070347077
    ]
}