{
    "name": "014 - Fergessen - Back From The Start",
    "nsdr": [
        -20.4516293282833,
        -34.948773352946134,
        -29.23354271672055,
        -20.25813732993482
    ],
    "sar": [
        -23.453232640604913,
        -27.904982016111504,
        -28.44716630509796,
        -32.27505240160488
    ],
    "sdr": [
        -23.976773973347,
        -40.4805723624725,
        -30.168002342431983,
        -35.783314435409096
    ],
    "sir": [
        8.943498437587445,
        -12.321666120648993,
        3.1378616749163535,
        -0.9420845976109968
    ]
}