{
    "name": "007 - BKS - Too Much",
    "nsdr": [
        -19.92299718745715,
        -28.451767825164076,
        -18.6103255185176,
        -23.249499853362245
    ],
    "sar": [
        -22.717891757946177,
        -29.99782450847034,
        -22.935131093277235,
        -26.5297946806728
    ],
    "sdr": [
        -23.018968377244647,
        -30.686829638073213,
        -23.927900998818604,
        -34.093034928747564
    ],
    "sir": [
        11.46283006820786,
        7.65090530891913,
        5.925558195276275,
        -6.716779900935856
    ]
}