{
    "name": "017 - Girls Under Glass - We Feel Alright",
    "nsdr": [
        -24.283340952200245,
        -22.865317296356764,
        -31.8047515681127,
        -14.122865493060413
    ],
    "sar": [
        -23.985052722609556,
        -22.192662987143777,
        -17.827188266494026,
        -20.110661553524167
    ],
    "sdr": [
        -36.01306149663063,
        -26.378104384475517,
        -32.932888323640334,
        -20.45570420675292
    ],
    "sir": [
        -11.729526086096044,
        -2.072942730071932,
        -14.898513472740015,
        10.867583564340551
    ]
}