{
    "name": "008 - Bill Chudziak - Children Of No-one",
    "nsdr": [
        -14.108949730167538,
        -22.393233369612595,
        -23.22353027756458,
        -33.80306128922651
    ],
    "sar": [
        -22.08808798212493,
        -27.502613475876927,
        -26.75967769174087,
        -27.25261214341615
    ],
    "sdr": [
        -23.586329887128986,
        -30.997573582993763,
        -29.52900190524554,
        -32.3905756913066
    ],
    "sir": [
        3.8781571774193067,
        -0.9129112256856755,
        0.5052606978214238,
        -3.5412623615721888
    ]
}