{
    "name": "035 - Signe Jakobsen - What Have You Done To Me",
    "nsdr": [
        -16.04981353775345,
        -24.263201616051024,
        -18.784765407554985,
        -27.73779310848452
    ],
    "sar": [
        -18.799705448572254,
        -27.80907288883679,
        -23.970928581195924,
        -26.677169543750235
    ],
    "sdr": [
        -19.095787456333003,
        -31.647891301743122,
        -26.084948253476075,
        -30.398831988849185
    ],
    "sir": [
        11.571721828438516,
        -1.516829768263588,
        2.044321477595651,
        -1.3131158250981525
    ]
}