{
    "name": "030 - Patrick Talbot - A Reason To Leave",
    "nsdr": [
        -20.563346291658664,
        -28.313737193484663,
        -28.32203576526475,
        -24.352123820105454
    ],
    "sar": [
        -20.819887239959073,
        -25.284628058995587,
        -31.737094506541105,
        -26.756940812001805
    ],
    "sdr": [
        -21.09424523566487,
        -33.72548785164247,
        -35.032008339536866,
        -32.590276069414244
    ],
    "sir": [
        11.892575715612681,
        -7.756859457652414,
        -0.5488070675521687,
        -4.510533474103472
    ]
}