{
    "name": "021 - James May - On The Line",
    "nsdr": [
        -16.713749107496625,
        -27.541656849848962,
        -21.77281890767866,
        -27.276104561163294
    ],
    "sar": [
        -21.018222615285723,
        -26.990912181129765,
        -25.6795671950485,
        -27.89346759873918
    ],
    "sdr": [
        -21.271251700522043,
        -30.7828108055756,
        -29.118884562598172,
        -31.71652525685076
    ],
    "sir": [
        12.253227522744734,
        -1.4350814669641596,
        -0.8077100930007153,
        -1.4900765671817704
    ]
}