{
    "name": "001 - ANiMAL - Clinic A",
    "nsdr": [
        -18.121351311532397,
        -21.599651156112127,
        -27.55956279312391,
        -26.136531645384416
    ],
    "sar": [
        -22.795118089131083,
        -20.64100578626455,
        -27.860608535987218,
        -30.174479874656743
    ],
    "sdr": [
        -23.963667311252458,
        -21.421737243762898,
        -36.98141339174216,
        -32.60263445885187
    ],
    "sir": [
        5.126763471304302,
        7.093923453440838,
        -8.546476563332304,
        1.2587528355854856
    ]
}