{
    "name": "013 - Drumtracks - Ghost Bitch",
    "nsdr": [
        -17.321826971259682,
        -36.627782593704744,
        -22.532241933733875,
        -32.116618452997194
    ],
    "sar": [
        -21.33006088928955,
        -29.422910971250943,
        -29.20723596034568,
        -31.04986143486859
    ],
    "sdr": [
        -21.60271924115112,
        -38.108120841050045,
        -30.211832291527273,
        -38.186872245011344
    ],
    "sir": [
        11.916468161508398,
        -8.048623539560165,
        5.851160430856535,
        -6.200561658813456
    ]
}