{
    "name": "002 - ANiMAL - Rockshow",
    "nsdr": [
        -12.994688229392352,
        -30.592197588214173,
        -26.021255131530094,
        -25.563196606642187
    ],
    "sar": [
        -19.432203709646377,
        -29.341537673309517,
        -26.207769590261716,
        -28.04119671575024
    ],
    "sdr": [
        -19.815710763731204,
        -32.22831794227913,
        -29.944836461105993,
        -33.99430620286459
    ],
    "sir": [
        10.396160413651687,
        0.2557065628188575,
        -1.3387829806587839,
        -4.6741774385410775
    ]
}