{
    "name": "004 - Al James - Schoolboy Facination",
    "nsdr": [
        -23.862880026369364,
        -25.909334268755643,
        -18.785643157165122,
        -22.03448009368968
    ],
    "sar": [
        -24.300806027429655,
        -24.486644817418416,
        -21.19890824084394,
        -26.979810764290306
    ],
    "sdr": [
        -24.891753524999963,
        -29.96514620427112,
        -25.504122354229366,
        -31.341557870559758
    ],
    "sir": [
        8.379633144764178,
        -4.0168282960996295,
        -2.258274527048612,
        -2.371954420495503
    ]
}