{
    "name": "010 - Carlos Gonzalez - A Place For Us",
    "nsdr": [
        -23.212044132383358,
        -20.48506637384888,
        -15.842269205031263,
        -26.50795476119493
    ],
    "sar": [
        -23.524006337957353,
        -21.641744558973564,
        -19.8398997500295,
        -27.48637363634243
    ],
    "sdr": [
        -24.277787196774632,
        -29.219118007021123,
        -20.655439042413974,
        -32.55274337371157
    ],
    "sir": [
        7.242301331470079,
        -6.713899001211326,
        6.894073528988712,
        -3.438098701005281
    ]
}