{
    "name": "027 - M.E.R.C. Music - Knockout",
    "nsdr": [
        -19.394291170581077,
        -31.660107067596584,
        -29.143759094341064,
        -17.46988607636338
    ],
    "sar": [
        -21.039324248129127,
        -23.923149172538483,
        -26.4545871242262,
        -23.31417631210931
    ],
    "sdr": [
        -21.398307041685655,
        -40.38609330549815,
        -32.712351192990084,
        -23.690954086290887
    ],
    "sir": [
        10.680431512151419,
        -16.346197898478934,
        -5.074824378774768,
        10.447439784330793
    ]
}