{
    "name": "012 - Dark Ride - Burning Bridges",
    "nsdr": [
        -13.39343151246622,
        -26.543221403834295,
        -37.64818195856642,
        -26.52788809762305
    ],
    "sar": [
        -21.304180508023634,
        -26.38605571449021,
        -23.99124606539435,
        -24.315423553712968
    ],
    "sdr": [
        -21.692143290616333,
        -30.473636933595554,
        -37.232953751459945,
        -38.403235679439874
    ],
    "sir": [
        10.326562306356752,
        -1.929776161795498,
        -13.013498137267334,
        -13.898934741820959
    ]
}