{
    "name": "025 - Leaf - Wicked",
    "nsdr": [
        -11.719829278758912,
        -40.188970115439126,
        -36.259055038481314,
        -13.929702972041715
    ],
    "sar": [
        -19.116197996080476,
        -31.5369017593978,
        -29.513139828746908,
        -22.62374502578068
    ],
    "sdr": [
        -19.330514148276272,
        -43.02420388292356,
        -37.26983098747982,
        -24.604535708832582
    ],
    "sir": [
        13.012602745436116,
        -11.164403034761332,
        -6.955041932091007,
        2.4051556872284223
    ]
}