{
    "name": "026 - Louis Cressy Band - Good Time",
    "nsdr": [
        -13.248264601651226,
        -32.7940671374366,
        -22.449190378280434,
        -28.504079451194887
    ],
    "sar": [
        -17.9494406695512,
        -29.07500597606503,
        -23.82454040034223,
        -32.369365767311955
    ],
    "sdr": [
        -18.062736174460635,
        -39.13890801990186,
        -24.467875638068147,
        -35.16172858720522
    ],
    "sir": [
        15.848030050014199,
        -9.607999165686817,
        7.985797196346608,
        0.44990732230861
    ]
}