{
    "name": "016 - Forkupines - Semantics",
    "nsdr": [
        -13.286374306394187,
        -28.314240686400453,
        -35.30076999986262,
        -23.216920355174107
    ],
    "sar": [
        -21.724912743945673,
        -27.830210917030588,
        -27.775717915324257,
        -27.25064221910194
    ],
    "sdr": [
        -22.147506354750384,
        -37.860431449225146,
        -32.89375284170778,
        -30.811258498454652
    ],
    "sir": [
        9.934700085721339,
        -9.568838880229492,
        -3.5134296159602245,
        -1.0305048739477005
    ]
}