{
    "name": "031 - Phre The Eon - Everybody's Falling Apart",
    "nsdr": [
        -15.587300921016517,
        -25.51327431839822,
        -32.44206287475133,
        -19.354663009020776
    ],
    "sar": [
        -21.18656112174051,
        -26.760041197695017,
        -28.754507810688676,
        -26.956403568816075
    ],
    "sdr": [
        -21.873062391702703,
        -33.59699900651232,
        -30.83461722208267,
        -29.530650094938533
    ],
    "sir": [
        7.696580032448558,
        -5.819669807930006,
        2.1212749404988633,
        0.9295698559344943
    ]
}