{
    "name": "029 - Nerve 9 - Pray For The Rain",
    "nsdr": [
        -22.59036009795191,
        -21.062910492617092,
        -25.937981069962518,
        -30.900300232940058
    ],
    "sar": [
        -24.531639229493013,
        -26.07601860725122,
        -28.82197071996437,
        -29.7504759153745
    ],
    "sdr": [
        -25.238750191536766,
        -26.749570066293195,
        -31.529189896584377,
        -36.19606653546196
    ],
    "sir": [
        7.539886501198123,
        7.763714358299595,
        0.634602605237637,
        -5.324504401668468
    ]
}