{
    "name": "054 - Actions - South Of The Water",
    "nsdr": [
        7.775850021040181,
        7.431168208674853,
        6.327111518977465,
        4.256302956711245
    ],
    "sar": [
        10.469121038159004,
        9.63943847293643,
        4.6726852661075124,
        10.31322854290604
    ],
    "sdr": [
        -0.011074571337177453,
        6.081552767803238,
        -0.5537144209213408,
        -0.12234782882577892
    ],
    "sir": [
        0.769593473106855,
        9.053613950194284,
        2.270558442634985,
        0.6757868843381949
    ]
}