{
    "name": "001 - ANiMAL - Clinic A",
    "nsdr": [
        5.9959709686795755,
        4.448348769054287,
        3.354784191362995,
        4.634373603859255
    ],
    "sar": [
        9.145536115713222,
        8.419375660160425,
        6.221208218242716,
        8.018190817747282
    ],
    "sdr": [
        -0.7409404660428938,
        5.5295630372887095,
        -6.45447929387508,
        -2.133127215327047
    ],
    "sir": [
        0.22836957270995123,
        9.247671316138971,
        -5.2836563146088995,
        -1.0556083326950023
    ]
}