{
    "name": "083 - Remember December - C U Next Time",
    "nsdr": [
        7.526843872342903,
        7.086455990524968,
        6.475317266932837,
        4.01103110461106
    ],
    "sar": [
        11.781742973843727,
        7.959983785346734,
        8.536840039315269,
        11.180846963986982
    ],
    "sdr": [
        3.849412096096754,
        1.8152466512346739,
        1.326689012364493,
        -1.244161869355822
    ],
    "sir": [
        4.890667608315775,
        3.668447780625981,
        2.8116609347218873,
        -0.6693932645580708
    ]
}