{
    "name": "024 - Leaf - Come Around",
    "nsdr": [
        14.035476210504727,
        3.3865223584851627,
        5.178477422876554,
        6.8670191752881315
    ],
    "sar": [
        11.279139468801791,
        13.743410104488081,
        1.6785049083379864,
        9.92504879706605
    ],
    "sdr": [
        3.0148756530178944,
        12.553318775208048,
        -12.910479071112036,
        -7.286456382747046
    ],
    "sir": [
        4.028274127066711,
        18.936475898360623,
        -10.505185870851541,
        -6.782333583455533
    ]
}