{
    "name": "003 - Actions - One Minute Smile",
    "nsdr": [
        4.780778920687904,
        7.334728710950202,
        8.138645144811251,
        2.2317991317282773
    ],
    "sar": [
        11.67533910226777,
        4.881858183048033,
        7.749431225059411,
        10.797269703728222
    ],
    "sdr": [
        2.6759581971353423,
        -3.0971274759494443,
        2.178088179194138,
        -0.765342073021208
    ],
    "sir": [
        3.546084370461271,
        -1.121765468624664,
        4.262250169929013,
        -0.10399138822428518
    ]
}