{
    "name": "022 - Johnny Lokke - Promises & Lies",
    "nsdr": [
        7.73753815170854,
        8.37995148660823,
        10.570479425574774,
        4.582337870709045
    ],
    "sar": [
        11.71764972864667,
        6.408627054747864,
        10.391760242782869,
        10.303344473732988
    ],
    "sdr": [
        2.811551922788631,
        0.044804378087936955,
        7.10713339193415,
        1.3549330695096848
    ],
    "sir": [
        3.6926005001977007,
        2.0797770036366465,
        10.23914704193598,
        2.3339746685069045
    ]
}