{
    "name": "077 - Lyndsey Ollard - Catching Up",
    "nsdr": [
        4.389656610097566,
        17.548692845106004,
        -3.163471397659258,
        4.005545806960709
    ],
    "sar": [
        12.089865083354908,
        6.543152906012738,
        3.84864415839673,
        10.79797157073095
    ],
    "sdr": [
        9.26440980934631,
        3.0702594224145936,
        -32.5330689968146,
        -1.5729774162722636
    ],
    "sir": [
        12.728214680488266,
        6.532029482067565,
        -31.033027148509092,
        -0.9666605943294576
    ]
}