{
    "name": "092 - The Sunshine Garcia Band - For I Am The Moon",
    "nsdr": [
        9.042876501875647,
        7.127456697892514,
        7.821641856461868,
        3.3489499975696075
    ],
    "sar": [
        11.250936326801737,
        7.350525747691391,
        8.765329964539113,
        9.940115539683969
    ],
    "sdr": [
        4.741969841524163,
        3.5239890126615907,
        5.20886641383786,
        -6.553185014244115
    ],
    "sir": [
        6.154030632952118,
        6.581177306723589,
        8.275926076229451,
        -6.035295074565845
    ]
}