{
    "name": "005 - Angela Thomas Wade - Milk Cow Blues",
    "nsdr": [
        4.369213103642504,
        7.636455739107792,
        8.486654432513559,
        3.0331985779138284
    ],
    "sar": [
        10.693814467562072,
        6.437254404341334,
        6.768947286380151,
        9.639206231930357
    ],
    "sdr": [
        1.0662891776922772,
        0.8177639581098362,
        3.0624807702142225,
        -0.9001309738178566
    ],
    "sir": [
        1.9225315557984024,
        3.098437848517705,
        6.302337068181081,
        -0.05055498571588005
    ]
}