{
    "name": "029 - Nerve 9 - Pray For The Rain",
    "nsdr": [
        5.5536569303975485,
        11.786583106107152,
        11.440772179752951,
        2.753877417767516
    ],
    "sar": [
        12.470255184301294,
        7.383696752401265,
        9.144639687493946,
        10.264355954135569
    ],
    "sdr": [
        4.523787078252848,
        5.5327324240523446,
        5.479038098149056,
        -3.7835139970605054
    ],
    "sir": [
        5.522537900902145,
        10.857835565984535,
        8.41910726264696,
        -3.218507454019571
    ]
}