{
    "name": "059 - Black Bloc - If You Want Success",
    "nsdr": [
        4.282737268200799,
        9.771372659465184,
        7.159356704179034,
        3.555764840760549
    ],
    "sar": [
        10.776238222852555,
        3.664695869540564,
        11.002027749664151,
        8.138831398043111
    ],
    "sdr": [
        -1.2773126071746652,
        -0.9810905176845208,
        8.389144118741926,
        -4.349336077898663
    ],
    "sir": [
        -0.6490264580986842,
        2.3974669128094415,
        12.168731334424955,
        -3.4770854110792855
    ]
}