{
    "name": "025 - Leaf - Wicked",
    "nsdr": [
        11.243449675536244,
        9.054182616627314,
        8.623325084965964,
        3.9096912152529484
    ],
    "sar": [
        10.050353068147114,
        8.48990769787638,
        10.23676417354946,
        9.40157182844931
    ],
    "sdr": [
        2.590860348650051,
        6.494504546121009,
        7.980277121893732,
        -7.222884971772016
    ],
    "sir": [
        3.859417817529663,
        11.406682059348864,
        12.296222451608205,
        -6.655494810685147
    ]
}