{
    "name": "097 - Triviul feat. The Fiend - Widow",
    "nsdr": [
        5.452788995177169,
        11.066935132911409,
        6.633907238714069,
        3.0566537324342358
    ],
    "sar": [
        10.315924509961189,
        10.592932990751002,
        3.8983089067458447,
        8.038952627293519
    ],
    "sdr": [
        3.391015348181124,
        8.465492117282745,
        -0.2001824063633366,
        -6.70424911553151
    ],
    "sir": [
        4.7626028328864125,
        12.948391252676641,
        3.4252915480020327,
        -5.922435490041229
    ]
}