{
    "name": "090 - The Doppler Shift - Atrophy",
    "nsdr": [
        10.30964188155278,
        3.719634098917508,
        4.9465134914804905,
        7.070968439640103
    ],
    "sar": [
        11.519050352645694,
        4.0842247803756955,
        11.244001895949767,
        9.377885986544872
    ],
    "sdr": [
        2.825617498158542,
        -6.32753699255467,
        7.978449681812842,
        -2.607186882934984
    ],
    "sir": [
        3.751765376741502,
        -4.481805845855254,
        11.06213101425045,
        -1.848819744829895
    ]
}