{
    "name": "012 - Dark Ride - Burning Bridges",
    "nsdr": [
        11.869285332198448,
        0.47614757147497677,
        3.5411003161039023,
        5.178165181301006
    ],
    "sar": [
        9.43329634466645,
        6.593827097976951,
        6.572761272248611,
        8.937433985186207
    ],
    "sdr": [
        4.012859426629872,
        -3.4058913925137366,
        3.736602383532546,
        -6.773523551440142
    ],
    "sir": [
        5.9508756964797165,
        -2.0879369808872665,
        7.792460355887682,
        -6.133322256762737
    ]
}