{
    "name": "030 - Patrick Talbot - A Reason To Leave",
    "nsdr": [
        7.465782599896334,
        6.778323574014139,
        10.776546020201474,
        3.4682320766753403
    ],
    "sar": [
        11.883239300467336,
        7.329605443383427,
        6.373035816722419,
        9.74407744400593
    ],
    "sdr": [
        8.446668588920115,
        0.4028597187827115,
        3.176754148007746,
        -5.259496285591673
    ],
    "sir": [
        11.341565019474979,
        2.12481908674835,
        6.9095747874492925,
        -4.68223276837468
    ]
}