{
    "name": "032 - Raft Monk - Tiring",
    "nsdr": [
        6.17824983357024,
        4.425774326896322,
        6.138396200232782,
        3.514930645429077
    ],
    "sar": [
        9.276222820086447,
        8.317757476150225,
        7.911539214455933,
        10.252081788976819
    ],
    "sdr": [
        -1.139738201622572,
        1.757271887009154,
        1.12044299911364,
        -1.0117806076717992
    ],
    "sir": [
        -0.2410732110948223,
        3.4374450426452485,
        2.791775657350681,
        -0.2827640137803497
    ]
}