{
    "name": "087 - Skelpolu - Together Alone",
    "nsdr": [
        -3.3295690531881306,
        8.648330000232919,
        7.098559870676232,
        7.056423811913321
    ],
    "sar": [
        8.899328772358645,
        7.139901506673327,
        11.924029675781341,
        9.05744637671607
    ],
    "sdr": [
        -34.824051114085165,
        1.6395688092143035,
        9.950568715030506,
        1.5480404655347766
    ],
    "sir": [
        -34.29752421698532,
        3.844352670120414,
        14.59582624825915,
        2.9049652122629483
    ]
}