{
    "name": "052 - ANiMAL - Easy Tiger",
    "nsdr": [
        9.111185059420837,
        4.883595588271132,
        3.807762493774392,
        -0.1151642940340949
    ],
    "sar": [
        9.569313812735434,
        5.415721533906861,
        6.285571965269177,
        6.783751268409473
    ],
    "sdr": [
        4.877510515350796,
        0.9472534265047089,
        0.29349121446157567,
        -9.197643976427763
    ],
    "sir": [
        7.1335724545182355,
        3.9648421841595134,
        2.469810014225764,
        -8.25985757139684
    ]
}