{
    "name": "011 - Cnoc An Tursa - Bannockburn",
    "nsdr": [
        4.787244287222709,
        2.6260507008694667,
        3.653478141634351,
        5.333585324380181
    ],
    "sar": [
        8.874997281479962,
        6.898899342223462,
        9.02117001950167,
        9.962813504403716
    ],
    "sdr": [
        -4.8912489651080975,
        -5.322405757449776,
        4.010149442800049,
        0.5177198294001859
    ],
    "sir": [
        -4.175722077575458,
        -4.246785719181634,
        6.168554922682146,
        1.458886930655566
    ]
}