{
    "name": "055 - Angels In Amplifiers - I'm Alright",
    "nsdr": [
        6.7340358462608485,
        9.03621828642435,
        9.32578533822064,
        4.251474535438446
    ],
    "sar": [
        10.732138422996385,
        7.977704438542739,
        7.154845829241587,
        9.411325665975784
    ],
    "sdr": [
        4.524435064252284,
        2.544044806400046,
        3.0643181637697205,
        -0.6142300545508896
    ],
    "sir": [
        6.06544462306732,
        4.650113963318035,
        5.974990147350598,
        0.3113789613298402
    ]
}