{
    "name": "075 - Leaf - Summerghost",
    "nsdr": [
        10.836375080452733,
        10.276812119393767,
        13.09690322623869,
        3.8616814274182465
    ],
    "sar": [
        12.683192697955459,
        13.078473612838192,
        9.684984495341151,
        11.509861538802394
    ],
    "sdr": [
        6.672240112012792,
        8.507415886481416,
        7.148011971563584,
        -4.790985164062358
    ],
    "sir": [
        8.152889105917856,
        10.580645661764944,
        11.133136214270383,
        -4.391574286133645
    ]
}