{
    "name": "084 - Secretariat - Borderline",
    "nsdr": [
        3.7675002914557094,
        5.747407148766387,
        7.385634284571589,
        -0.48479442981687326
    ],
    "sar": [
        9.380472555167128,
        9.658690820179917,
        3.4591885220052463,
        9.08528933847363
    ],
    "sdr": [
        -1.554188703384163,
        -2.0634508444638335,
        -3.72228515922105,
        0.7007023378183707
    ],
    "sir": [
        -0.7150146980733698,
        -1.3149485666430947,
        -1.1834562411353953,
        1.886850634202436
    ]
}