{
    "name": "071 - James May - If You Say",
    "nsdr": [
        6.717006086792433,
        4.972402011083636,
        6.144993041985165,
        1.1665332452735981
    ],
    "sar": [
        10.969694666647005,
        5.211737833891545,
        4.212069573549392,
        9.792472146929397
    ],
    "sdr": [
        3.3742538696551234,
        -2.0725899157740098,
        -6.452087037011486,
        0.6233324190898428
    ],
    "sir": [
        4.5384503410401935,
        -0.030752242219724203,
        -4.666342605558994,
        1.6170658869000918
    ]
}