{
    "name": "038 - Spike Mullings - Mike's Sulking",
    "nsdr": [
        4.05064041877773,
        3.6253284018619882,
        6.249840820278183,
        1.3253192270040741
    ],
    "sar": [
        10.227977058596005,
        7.5876652384857675,
        4.961337502386769,
        9.747409037956391
    ],
    "sdr": [
        -2.491423153255725,
        -2.3769881702041578,
        1.035453841547798,
        -0.9089326570709342
    ],
    "sir": [
        -1.8591061858509275,
        -1.217772295982435,
        4.492619595639073,
        -0.08101293095589995
    ]
}