{
    "name": "094 - Titanium - Haunted Age",
    "nsdr": [
        5.244305822745187,
        3.236673250453695,
        4.8336272699450635,
        -0.6418848835438549
    ],
    "sar": [
        9.045190477979233,
        7.257450043470705,
        6.624173948476749,
        9.350369433705932
    ],
    "sdr": [
        -0.9175353308410985,
        -4.227757423056307,
        -1.0717985044467044,
        -1.6211603193608457
    ],
    "sir": [
        0.0541406678624186,
        -3.159427533342583,
        0.5922360915253434,
        -0.7820826000704237
    ]
}