{
    "name": "099 - Young Griffo - Blood To Bone",
    "nsdr": [
        9.626001919720007,
        4.75975632496073,
        8.337621285212434,
        2.8745537727689427
    ],
    "sar": [
        10.826451940235158,
        8.595069279361798,
        7.2010221943367085,
        9.5004781762756
    ],
    "sdr": [
        2.2335557776675854,
        4.628832101825318,
        4.338487162099975,
        -8.178813578505705
    ],
    "sir": [
        3.2247817196876527,
        7.418284722368803,
        8.259055717148199,
        -7.64227985523701
    ]
}