{
    "name": "028 - Motor Tapes - Shore",
    "nsdr": [
        2.890428462412711,
        11.505277017377281,
        11.722771579914657,
        3.679101389550957
    ],
    "sar": [
        12.521272022763101,
        9.264647331706268,
        3.6950753175639663,
        10.530026931373975
    ],
    "sdr": [
        1.7244585180142864,
        3.9842228214268016,
        -2.0237136541713765,
        1.5682676769337025
    ],
    "sir": [
        2.3383618443267435,
        5.997464779223281,
        0.8755584330182384,
        2.526483120289001
    ]
}