{
    "name": "019 - James Elder & Mark M Thompson - The English Actor",
    "nsdr": [
        7.666616255269575,
        11.349928745702773,
        12.00790243627401,
        5.2256519570614195
    ],
    "sar": [
        12.943979009009512,
        1.8388952545530566,
        9.283199547023127,
        8.78339075893522
    ],
    "sdr": [
        9.322758419620698,
        -9.909444864358939,
        7.521499869658525,
        -2.505439989044356
    ],
    "sir": [
        12.012647408711386,
        -7.421450942792093,
        12.775343588830845,
        -1.6303065942093034
    ]
}