{
    "name": "061 - Chris Durban - Celebrate",
    "nsdr": [
        9.206949349930651,
        5.68746690967617,
        4.500460519978304,
        1.6795859795647665
    ],
    "sar": [
        6.934462598234269,
        11.053925098313295,
        7.223445329725592,
        8.495350071893164
    ],
    "sdr": [
        -4.413517364452204,
        5.407429620614178,
        1.7259769524861484,
        -5.597340083774079
    ],
    "sir": [
        -3.2817638181307136,
        7.117050237078608,
        3.918466584930675,
        -4.850311311957969
    ]
}