{
    "name": "051 - AM Contra - Heart Peripheral",
    "nsdr": [
        11.32423064817399,
        4.256882183716074,
        5.061281600891581,
        0.1807070958686321
    ],
    "sar": [
        11.21218033236082,
        4.730009633584085,
        8.331710552463507,
        7.328933027057923
    ],
    "sdr": [
        6.906736424369495,
        -3.6009197038746255,
        3.966643179673099,
        -7.21326553501086
    ],
    "sir": [
        9.237402778001343,
        -1.6513918522058215,
        6.540829463645032,
        -6.32083444503288
    ]
}