{
    "name": "013 - Drumtracks - Ghost Bitch",
    "nsdr": [
        5.912837327884794,
        0.7207511878878553,
        2.755323198789065,
        4.213966506346976
    ],
    "sar": [
        10.411258305043878,
        4.326070820708676,
        7.333792772324071,
        9.594037034660273
    ],
    "sdr": [
        1.1883378034175787,
        -0.7940770327916057,
        -4.55637174072848,
        -1.3325627878445325
    ],
    "sir": [
        2.1196139588867045,
        2.167370204088483,
        -3.5295025005852705,
        -0.5142844258660323
    ]
}