{
    "name": "060 - Buitraker - Revo X",
    "nsdr": [
        10.341319277301036,
        8.795512023970545,
        5.520464824110375,
        6.482688025277595
    ],
    "sar": [
        9.953763762571064,
        8.691034254563156,
        10.703877448709614,
        8.94593339334805
    ],
    "sdr": [
        -4.6004028038094695,
        4.906497061837081,
        7.890184010695922,
        -5.628361411772973
    ],
    "sir": [
        -4.027338380562827,
        7.810554956928229,
        11.460863574061298,
        -4.953128269042257
    ]
}