{
    "name": "091 - The Long Wait - Dark Horses",
    "nsdr": [
        5.345025267788349,
        5.718176781408721,
        7.468215609812915,
        3.2297370169844495
    ],
    "sar": [
        10.36353884266134,
        8.15802503551576,
        7.33130544227452,
        10.627341865936335
    ],
    "sdr": [
        -2.6946474150584745,
        1.9418864152957085,
        2.288132536023518,
        0.07828230055483543
    ],
    "sir": [
        -2.092282221829025,
        3.7456408639034517,
        4.655907478940464,
        0.8394204511622243
    ]
}