{
    "name": "047 - Voelund - Comfort Lives In Belief",
    "nsdr": [
        2.6566692139209134,
        4.660962527482954,
        7.600908235292685,
        1.9906863122945853
    ],
    "sar": [
        7.823143602621554,
        6.130299565687616,
        5.496178476885827,
        10.011244279275644
    ],
    "sdr": [
        -0.49231772604590107,
        -1.7487962995039539,
        -0.14399249679735732,
        -0.46530573741478976
    ],
    "sir": [
        0.8636985637378785,
        -0.02885937182262821,
        2.3191615600723385,
        0.35531402390937716
    ]
}