{
    "name": "002 - ANiMAL - Rockshow",
    "nsdr": [
        8.771198002173017,
        6.473086791261661,
        6.6441188253061645,
        2.463426999506269
    ],
    "sar": [
        10.508042091786463,
        6.847458188279053,
        9.690798646158425,
        7.748379389092596
    ],
    "sdr": [
        1.9005627282368789,
        4.5531454219709495,
        3.104992857233416,
        -5.931018444278911
    ],
    "sir": [
        2.9146071964072022,
        9.237078828449782,
        4.624184899531061,
        -5.066552799584381
    ]
}