{
    "name": "063 - Detsky Sad - Walkie Talkie",
    "nsdr": [
        6.129342761440589,
        6.2154545432823225,
        5.3072039984783625,
        4.3852154355718245
    ],
    "sar": [
        10.342928839627605,
        2.749831403792526,
        7.675995743466948,
        7.970487490254255
    ],
    "sdr": [
        1.0953649460165502,
        -5.387955867363407,
        6.086612343525659,
        -3.1846026476288953
    ],
    "sir": [
        2.0290429197620763,
        -2.814538178020162,
        11.907350961373705,
        -2.1953140414630052
    ]
}