{
    "name": "033 - Sambasevam Shanmugam - Kaathaadi",
    "nsdr": [
        4.439974893783017,
        3.5664384235462356,
        3.7230701883826436,
        6.333663773873642
    ],
    "sar": [
        9.389246748744968,
        5.591585129719439,
        2.7656824601681196,
        8.319942362246666
    ],
    "sdr": [
        1.8442506022895113,
        2.599076718847471,
        -3.8758881329838255,
        -6.292243687536388
    ],
    "sir": [
        3.158090411085528,
        6.685601951063158,
        -0.971221475673607,
        -5.5429051348345855
    ]
}