{
    "name": "031 - Phre The Eon - Everybody's Falling Apart",
    "nsdr": [
        9.453437903922884,
        -1.0321154235272019,
        3.5491636838034415,
        3.55335355042606
    ],
    "sar": [
        9.857610862422145,
        4.757846733423,
        8.957028178553752,
        7.978064990338791
    ],
    "sdr": [
        2.9387116389434493,
        -8.759726025640006,
        5.624754352767603,
        -7.13532878887175
    ],
    "sir": [
        4.3527597660143025,
        -7.309354877372191,
        8.855107496399604,
        -6.357500160946991
    ]
}