{
    "name": "045 - Traffic Experiment - Sirens",
    "nsdr": [
        4.982157377142425,
        4.083843198614672,
        7.511235662715567,
        2.726912364757232
    ],
    "sar": [
        8.679436720638892,
        6.138317514214487,
        6.336636703455928,
        10.194197327212688
    ],
    "sdr": [
        -1.8721894873006346,
        -4.6369602539597645,
        1.848335667379665,
        2.7280779516813785
    ],
    "sir": [
        -0.919784397993548,
        -3.311757874839315,
        4.6656352587781065,
        3.9824407998618216
    ]
}