{
    "name": "069 - Hollow Ground - Left Blind",
    "nsdr": [
        8.177482478504857,
        5.303964697457474,
        3.768546448867382,
        4.198088000382983
    ],
    "sar": [
        9.351851548218571,
        8.650220638021155,
        6.377072933217908,
        9.86484795653807
    ],
    "sdr": [
        -3.245776972093397,
        2.87279001744339,
        -0.194850527517801,
        0.22571738952743692
    ],
    "sir": [
        -2.523155104367614,
        4.761865199237098,
        1.7853978196596683,
        1.1516931265632753
    ]
}