{
    "name": "076 - Little Chicago's Finest - My Own",
    "nsdr": [
        3.68200074522269,
        10.169898209673224,
        6.76022417374732,
        2.9512776585244804
    ],
    "sar": [
        12.209537964144621,
        5.526810763804006,
        11.162332722552133,
        8.970255276173255
    ],
    "sdr": [
        -0.7615702510037232,
        2.0357843248824805,
        8.097612981917472,
        -11.658759155236059
    ],
    "sir": [
        -0.28316802825138343,
        5.6857583003740135,
        11.374381812405714,
        -11.102716586250011
    ]
}