{
    "name": "023 - Jokers, Jacks & Kings - Sea Of Leaves",
    "nsdr": [
        5.010882317649656,
        7.999814701774138,
        9.915991862551309,
        3.4505687374277465
    ],
    "sar": [
        11.224684092335188,
        5.245757394520857,
        8.596253505388923,
        9.277244303580467
    ],
    "sdr": [
        0.5629711092509686,
        0.30442028943419386,
        5.970943583246802,
        -0.2349085880548804
    ],
    "sir": [
        1.268692197030068,
        3.118229394948935,
        9.965734939854984,
        0.7652491333197277
    ]
}