{
    "name": "096 - Triviul - Angelsaint",
    "nsdr": [
        5.384111719167062,
        8.979592974057038,
        10.9883581899743,
        1.8125753358371433
    ],
    "sar": [
        9.805547354995191,
        8.894231942984923,
        7.271446630587461,
        8.880307393454007
    ],
    "sdr": [
        3.2066000568874067,
        5.218547358302585,
        2.1257448210554584,
        -3.884718033254162
    ],
    "sir": [
        4.711108600022861,
        8.178917492358588,
        4.456970768040073,
        -3.1201351407178897
    ]
}