{
    "name": "049 - Young Griffo - Facade",
    "nsdr": [
        4.1639175925619965,
        7.995983156144144,
        8.146254375583382,
        3.282805708527607
    ],
    "sar": [
        10.488388885584609,
        8.957877828357793,
        5.609990498190701,
        10.016418654574196
    ],
    "sdr": [
        -1.0380551731308758,
        4.109957787178437,
        1.43309469891427,
        -0.15194379598984442
    ],
    "sir": [
        -0.34945169572523804,
        6.3527184698302275,
        4.579124304748218,
        0.6997575972834333
    ]
}