{
    "name": "078 - Moosmusic - Big Dummy Shake",
    "nsdr": [
        6.742270871405092,
        6.328870349863612,
        6.521519230761259,
        5.380192756077581
    ],
    "sar": [
        11.150619466225681,
        5.329368769685566,
        8.873787734749154,
        8.798687833544093
    ],
    "sdr": [
        1.9844826396400008,
        0.03998176743103623,
        3.599270811606547,
        -0.10469370302628211
    ],
    "sir": [
        2.8664705751598825,
        2.6797151105796186,
        5.6581039669408595,
        1.0317004733509814
    ]
}