{
    "name": "043 - Timboz - Pony",
    "nsdr": [
        6.648378630787449,
        2.02845150805838,
        4.215535847800204,
        -0.9079467576656379
    ],
    "sar": [
        11.03982820758695,
        10.403841899360081,
        5.9191376630532675,
        10.740808342612649
    ],
    "sdr": [
        -4.069963400633262,
        -8.061358864674444,
        -1.7971858480003648,
        1.2808173072572562
    ],
    "sir": [
        -3.604910215334334,
        -7.620348205596917,
        -0.0026342402864806386,
        2.154323475904975
    ]
}