{
    "name": "074 - Juliet's Rescue - Heartbeats",
    "nsdr": [
        11.268815169772491,
        5.227964108933481,
        6.707385128963544,
        5.2370848319213605
    ],
    "sar": [
        9.795092603888033,
        2.9631406543674537,
        13.682874281267239,
        8.42272840817914
    ],
    "sdr": [
        3.0060368699559206,
        -9.174460337007059,
        8.869463536494782,
        -0.2592547068973797
    ],
    "sir": [
        4.459740170171992,
        -7.123835070008048,
        10.791550379232696,
        0.9563407104665991
    ]
}