{
    "name": "064 - Enda Reilly - Cur An Long Ag Seol",
    "nsdr": [
        8.884903005418016,
        6.999168613879134,
        8.612510073075759,
        4.350111476236741
    ],
    "sar": [
        11.05977648404901,
        6.670526759317869,
        9.020992917083301,
        8.967416874674127
    ],
    "sdr": [
        6.346105608494495,
        0.7218415638821268,
        4.449002349837487,
        -2.695571350931614
    ],
    "sir": [
        8.463662811970828,
        2.842131262037812,
        6.8256883269031015,
        -1.8702344093038588
    ]
}