{
    "name": "041 - The Mountaineering Club - Mallory",
    "nsdr": [
        6.2157176128002,
        8.49516726440741,
        11.594670830195483,
        4.4994078970677736
    ],
    "sar": [
        10.785489146991749,
        7.663855126857079,
        8.233802123378148,
        9.954084387289159
    ],
    "sdr": [
        1.1880946882676031,
        5.993417706046518,
        5.3654761479565884,
        -1.1275383344330805
    ],
    "sir": [
        2.0409052040849875,
        11.637911845620197,
        9.130216780150988,
        -0.35694367239963604
    ]
}