{
    "name": "082 - Punkdisco - Oral Hygiene",
    "nsdr": [
        12.09334666938938,
        6.863792208842838,
        6.405580065861529,
        6.2714637719008435
    ],
    "sar": [
        9.83408769301043,
        9.093096249743184,
        8.343856979443432,
        6.019322703862695
    ],
    "sdr": [
        -0.528645331233141,
        5.99487811667275,
        4.960941736496561,
        -5.229489613493397
    ],
    "sir": [
        0.3197086974838935,
        9.423662785517251,
        8.221540427734764,
        -3.9215047099592604
    ]
}