{
    "name": "026 - Louis Cressy Band - Good Time",
    "nsdr": [
        6.56895708278503,
        8.211225510924978,
        8.502682636789416,
        3.883068409198967
    ],
    "sar": [
        9.8622657417296,
        7.9155281995798665,
        9.388625593489735,
        9.020671634486717
    ],
    "sdr": [
        2.056552118690317,
        2.1327703319922073,
        6.213931906030826,
        -2.750645369390903
    ],
    "sir": [
        3.2701707162654605,
        4.114997867110705,
        9.539036919624369,
        -1.9390924696906495
    ]
}