{
    "name": "016 - Forkupines - Semantics",
    "nsdr": [
        11.401381947557566,
        6.528819994599029,
        3.986542777475148,
        6.338338494664318
    ],
    "sar": [
        9.972005216593733,
        4.629910157285741,
        9.276287740555066,
        7.992507858997664
    ],
    "sdr": [
        3.5859271664838452,
        -2.946768864072361,
        6.873088389248706,
        -3.189662373729777
    ],
    "sir": [
        5.136497155421598,
        -0.8276580423852254,
        11.074299070604244,
        -2.2056377114421806
    ]
}