{
    "name": "089 - St Vitus - Word Gets Around",
    "nsdr": [
        4.014817820549241,
        7.161885117447624,
        4.713558700078547,
        3.239669207469392
    ],
    "sar": [
        10.580734916570481,
        9.32530886852266,
        1.9127079753401652,
        8.365208259534601
    ],
    "sdr": [
        4.757821650888943,
        3.826297652887552,
        -4.437222476089277,
        -11.311117078031494
    ],
    "sir": [
        6.439383153626823,
        5.74424484147686,
        -1.1338822408376306,
        -10.673339252711182
    ]
}