{
    "name": "100 - Young Griffo - Pennies",
    "nsdr": [
        8.495907269704329,
        7.824455829959451,
        7.179087945189871,
        5.19912037145393
    ],
    "sar": [
        10.527177575068949,
        9.53538563692986,
        8.081213295685961,
        8.48463400533552
    ],
    "sdr": [
        3.054313981383495,
        5.943670641452938,
        3.098832320482514,
        -3.8319985130525924
    ],
    "sir": [
        4.279138593359651,
        8.899561874236921,
        5.385789376004494,
        -2.9937399530916164
    ]
}