{
    "name": "062 - Cristina Vane - So Easy",
    "nsdr": [
        11.197884148876462,
        8.05631951025289,
        8.520375156371282,
        5.472938343965565
    ],
    "sar": [
        11.667667583617662,
        5.397135603140811,
        11.495505619487911,
        8.87183282321791
    ],
    "sdr": [
        6.164861553702896,
        0.22359938019167,
        9.171136654181508,
        -5.000464932083011
    ],
    "sir": [
        7.8877124657767705,
        2.897674090156046,
        13.293761677219207,
        -4.289167038583084
    ]
}