{
    "name": "080 - North To Alaska - All The Same",
    "nsdr": [
        5.37727554289839,
        8.028077606817412,
        8.763237580571852,
        3.493197455221652
    ],
    "sar": [
        11.641981342294653,
        6.2937650809339445,
        7.693200781250176,
        10.535053641941944
    ],
    "sdr": [
        -1.7699759680842375,
        1.4438499937199445,
        3.1451886041003845,
        2.351837219260477
    ],
    "sir": [
        -1.279540357170281,
        4.081764135982905,
        5.704350178216602,
        3.435502341993646
    ]
}