{
    "name": "020 - James May - Dont Let Go",
    "nsdr": [
        7.795805775227837,
        4.967070710887785,
        3.5618713424562705,
        3.08600902262457
    ],
    "sar": [
        9.681747909028024,
        7.695037372742939,
        4.172874361249176,
        8.596000509375148
    ],
    "sdr": [
        1.646921603558822,
        4.76443171256466,
        -7.761274405456532,
        -1.9518563650674472
    ],
    "sir": [
        2.833639301905597,
        8.537843167087631,
        -6.06687986558893,
        -0.9890435474637544
    ]
}