{
    "name": "086 - Skelpolu - Human Mistakes",
    "nsdr": [
        6.854629346587096,
        3.069032082881868,
        5.359208476659402,
        7.13987849734431
    ],
    "sar": [
        9.110635220184069,
        10.537047062093663,
        5.498892091686605,
        8.478579700435258
    ],
    "sdr": [
        -13.564097998789528,
        5.90627246068621,
        -0.6333610803214886,
        -0.3235325485824635
    ],
    "sir": [
        -13.037837639880296,
        8.106902438314053,
        1.6580134734936711,
        0.8665565597440074
    ]
}