{
    "name": "057 - BKS - Bulldozer",
    "nsdr": [
        8.24455551648154,
        7.491787912415789,
        7.590190980085609,
        3.773515020703254
    ],
    "sar": [
        7.940099942289994,
        7.038823533190266,
        11.18582660620718,
        8.663614404436021
    ],
    "sdr": [
        -3.2165688317626118,
        4.298219487329127,
        8.389940713958099,
        -8.434718666188473
    ],
    "sir": [
        -2.2232169306841993,
        8.379742551222918,
        11.94434219866193,
        -7.795265747501407
    ]
}