{
    "name": "095 - Traffic Experiment - Once More (With Feeling)",
    "nsdr": [
        7.116235733293647,
        4.523028432754513,
        8.5703841538104,
        1.7564762429213387
    ],
    "sar": [
        8.232695522312403,
        9.304109192461684,
        6.071068354827011,
        10.610571152956343
    ],
    "sdr": [
        -1.7860849588971215,
        4.731532149382169,
        0.5767074901145394,
        -2.8411246121583607
    ],
    "sir": [
        -0.7227791074138855,
        7.077280322306293,
        2.9757533450493185,
        -2.278560057237602
    ]
}