{
    "name": "009 - Bobby Nobody - Stitch Up",
    "nsdr": [
        5.680101387552696,
        5.610204076862815,
        8.720019583677368,
        2.161554320447424
    ],
    "sar": [
        10.335982500813728,
        10.054333407130025,
        6.259283453591372,
        9.84596347544084
    ],
    "sdr": [
        1.892152073782337,
        1.42466720936562,
        0.6771478869408978,
        -1.839886976442475
    ],
    "sir": [
        2.9472474461457585,
        2.4740714898641945,
        3.005512855948007,
        -1.1066850609828787
    ]
}