{
    "name": "004 - Al James - Schoolboy Facination",
    "nsdr": [
        5.684564286248992,
        7.492419135381768,
        5.92082776497751,
        2.3189808407973693
    ],
    "sar": [
        10.5552993820782,
        8.073008151650482,
        4.57910304416702,
        9.602107330091114
    ],
    "sdr": [
        4.0193799417876095,
        3.7783386286431027,
        -0.8132805102549887,
        -5.92211115280306
    ],
    "sir": [
        5.476019912392134,
        6.427688091897417,
        1.9656872797848388,
        -5.347009264626794
    ]
}