{
    "name": "034 - Secretariat - Over The Top",
    "nsdr": [
        7.925889961365174,
        6.941988208508857,
        5.336940466145116,
        5.614388769000044
    ],
    "sar": [
        10.953843405176569,
        10.061172312474874,
        5.502335836903755,
        9.946592879482866
    ],
    "sdr": [
        1.2029408427264952,
        6.314172946633487,
        -0.06359807091255378,
        -2.237677044609666
    ],
    "sir": [
        2.0244657424925436,
        9.103205323432242,
        2.4263941080711247,
        -1.5479530248962132
    ]
}