{
    "name": "067 - Georgia Wonder - Siren",
    "nsdr": [
        7.226706760934332,
        8.944588440476604,
        7.2220658628579475,
        4.428874120120392
    ],
    "sar": [
        10.309281537759388,
        8.162935119385407,
        8.592406655951766,
        9.586282444249917
    ],
    "sdr": [
        0.6364216766790942,
        4.045212299076672,
        5.087538529414393,
        -1.9523259006534286
    ],
    "sir": [
        1.518617596491523,
        6.790860459851031,
        8.216368064158878,
        -1.183161685123128
    ]
}