{
    "name": "021 - James May - On The Line",
    "nsdr": [
        10.78156648298855,
        5.298936978147111,
        4.44463371481986,
        3.0131530998159812
    ],
    "sar": [
        10.966393523593414,
        9.568129303940136,
        2.8392695149584894,
        9.895196458491366
    ],
    "sdr": [
        5.919595242188665,
        2.78105994812555,
        -3.2915909465985904,
        -1.8194809290591716
    ],
    "sir": [
        7.883445049223248,
        4.257341543687733,
        -0.2596693179390629,
        -1.092967623813202
    ]
}