{
    "name": "073 - Johnny Lokke - Whisper To A Scream",
    "nsdr": [
        10.229758593113978,
        7.077429942067802,
        7.833783698354896,
        4.4935927389336054
    ],
    "sar": [
        11.04797486584184,
        8.067139469899729,
        9.704288143167386,
        9.703626564178405
    ],
    "sdr": [
        3.8315530512582074,
        1.7770943171178712,
        5.953775763312805,
        -1.5638099345291319
    ],
    "sir": [
        5.074218860466249,
        3.5700539094000567,
        8.77350138272079,
        -0.7849660585870872
    ]
}