{
    "name": "006 - Atlantis Bound - It Was My Fault For Waiting",
    "nsdr": [
        8.377146206077029,
        8.19893956492422,
        7.252717599750045,
        4.501897551036858
    ],
    "sar": [
        9.318361092167176,
        5.700605770010561,
        10.313972755107173,
        9.035094447844028
    ],
    "sdr": [
        1.6530265595843219,
        0.9930185274836055,
        7.311725237950931,
        -2.687569754004637
    ],
    "sir": [
        2.9489609879798406,
        3.8211097571835135,
        10.716396138190428,
        -1.8741331989950667
    ]
}