{
    "name": "018 - Hollow Ground - Ill Fate",
    "nsdr": [
        9.551756417757296,
        2.5818470134320375,
        5.233829148535298,
        -0.662481765519225
    ],
    "sar": [
        9.35550815924829,
        11.086724314170905,
        6.980706830031668,
        9.468156355649866
    ],
    "sdr": [
        -0.27621505642226624,
        -1.910588953262847,
        -1.8063482648145048,
        -0.5444951629345132
    ],
    "sir": [
        0.7009087009146691,
        -1.3615073531983568,
        -0.3971360639019237,
        0.3767354846339699
    ]
}