{
    "name": "046 - Triviul - Dorothy",
    "nsdr": [
        5.109260764897267,
        6.308886800554689,
        7.148441470882827,
        3.138451630442627
    ],
    "sar": [
        7.640603335618065,
        3.8497995297310483,
        11.059353531578214,
        8.726543981455961
    ],
    "sdr": [
        2.590069125427804,
        -2.035288138359726,
        5.858800579919183,
        -7.454853069535683
    ],
    "sir": [
        4.90766092510344,
        0.758931591729413,
        7.747593159805706,
        -6.802529788995081
    ]
}