{
    "name": "037 - Speak Softly - Broken Man",
    "nsdr": [
        7.505943906281084,
        6.650085141448022,
        4.541157042667283,
        6.655852544301917
    ],
    "sar": [
        11.073395766207154,
        11.990066981552406,
        7.373237721846632,
        10.817824285872097
    ],
    "sdr": [
        -2.6270227265597934,
        7.63800554143086,
        -2.449098279011426,
        0.6878657589298192
    ],
    "sir": [
        -2.1111154536697945,
        9.891023447498874,
        -1.2411309076949435,
        1.4768636620505609
    ]
}