{
    "name": "085 - Side Effects Project - Sing With Me",
    "nsdr": [
        9.349727379029485,
        11.429377289647412,
        8.458820795843591,
        5.973069306032839
    ],
    "sar": [
        10.165280352736657,
        6.281307861384646,
        11.94379948555956,
        7.590126870729719
    ],
    "sdr": [
        6.89770650233537,
        1.4210963134631047,
        8.796700756120229,
        -9.757009325545274
    ],
    "sir": [
        10.064283335753752,
        4.056379682818769,
        11.943459402505955,
        -8.978936434653711
    ]
}