{
    "name": "015 - Fergessen - The Wind",
    "nsdr": [
        7.112155182388654,
        6.433929368484392,
        7.7426735751375135,
        2.1034951856298547
    ],
    "sar": [
        11.494562175334483,
        6.5608261251804,
        4.8629320675783365,
        9.758219088049229
    ],
    "sdr": [
        5.368813818086958,
        -2.509781454983868,
        1.2151905464431005,
        -1.3339635472137776
    ],
    "sir": [
        6.881131286168087,
        -1.0692075102018375,
        4.896385173094984,
        -0.5459099376011374
    ]
}