{
    "name": "040 - The Long Wait - Back Home To Blue",
    "nsdr": [
        9.797969303867763,
        8.533838806222962,
        10.850662680713818,
        5.677314557178755
    ],
    "sar": [
        12.794040663880155,
        11.652298616886691,
        4.167849148494696,
        10.67998596959101
    ],
    "sdr": [
        4.478205853208648,
        9.478863473652858,
        1.1370973592934943,
        -2.965739425240879
    ],
    "sir": [
        5.39305155710145,
        13.813886469638142,
        5.535308317010486,
        -2.41765042953231
    ]
}