{
    "name": "053 - Actions - Devil's Words",
    "nsdr": [
        6.911333551862228,
        8.948772360318818,
        7.249830954168342,
        4.1156853923951555
    ],
    "sar": [
        11.55818175482704,
        7.431432465306589,
        6.5133064466956085,
        8.640123528111133
    ],
    "sdr": [
        4.244328505198317,
        4.371187392950403,
        1.6107871164578182,
        -2.607001871071222
    ],
    "sir": [
        5.4292734793778274,
        8.053350554425677,
        4.182435074672195,
        -1.7115135558810488
    ]
}