{
    "name": "035 - Signe Jakobsen - What Have You Done To Me",
    "nsdr": [
        8.047039884770738,
        5.533219210523325,
        6.362409651298195,
        3.0892125442191514
    ],
    "sar": [
        10.932576788596633,
        5.93075652803809,
        5.785569983278764,
        8.70069190665289
    ],
    "sdr": [
        5.315962994319338,
        -1.2180583554502447,
        -0.008630030032023879,
        -0.8945239929698157
    ],
    "sir": [
        7.045771796329852,
        0.6993756489027974,
        2.3360595945112683,
        0.15992679342359628
    ]
}