{
    "name": "081 - Patrick Talbot - Set Me Free",
    "nsdr": [
        4.455808148395202,
        3.833419993684233,
        8.678461877695838,
        2.83000645069232
    ],
    "sar": [
        10.23307859148218,
        7.91102708909848,
        5.022450876075535,
        11.033962781685487
    ],
    "sdr": [
        -0.3466871441056241,
        0.4546991727504268,
        1.1893907911665416,
        -1.2095241309423075
    ],
    "sir": [
        0.44424615032058296,
        1.9657765450403473,
        4.696178791430915,
        -0.6129275042080385
    ]
}