{
    "name": "058 - Ben Carrigan - We'll Talk About It All Tonight",
    "nsdr": [
        7.4713753402379695,
        6.180639440392214,
        5.646422222690618,
        3.553431598147112
    ],
    "sar": [
        8.52493102266157,
        8.327180050062431,
        7.461672290821603,
        9.14555962584941
    ],
    "sdr": [
        0.2226493860485446,
        3.6024179819798445,
        2.9016317846294744,
        -3.814702293714232
    ],
    "sir": [
        1.4881472504091287,
        5.982332345639452,
        5.48873701511385,
        -3.0903550054354434
    ]
}