{
    "name": "039 - Swinging Steaks - Lost My Way",
    "nsdr": [
        8.111471687016918,
        6.241641419148625,
        8.589378946825434,
        2.0275508625280008
    ],
    "sar": [
        10.409655351135394,
        11.719962381400473,
        3.543566021729788,
        10.159304537282788
    ],
    "sdr": [
        6.048936218120792,
        3.6479348432309173,
        -3.600853647345379,
        -4.218132650699156
    ],
    "sir": [
        8.408867943962289,
        4.666763556042989,
        -1.0792567391685233,
        -3.6569800134473436
    ]
}