{
    "name": "048 - We Fell From The Sky - Not You",
    "nsdr": [
        5.301501627056267,
        8.40313229789241,
        8.829534259882745,
        4.291194203450287
    ],
    "sar": [
        10.483041482951096,
        4.628082710541879,
        12.250371363930888,
        8.9228542009985
    ],
    "sdr": [
        -1.1346645663489456,
        -4.145660149921699,
        8.166318648368643,
        0.7080900172810373
    ],
    "sir": [
        -0.45245242339271596,
        -2.242114191875361,
        10.567673135065705,
        1.9418711697830258
    ]
}