{
    "name": "056 - Arise - Run Run Run",
    "nsdr": [
        8.469589951446595,
        5.704614657738919,
        7.167194703896862,
        -2.7908957279897897
    ],
    "sar": [
        8.730021531497677,
        8.092976655980173,
        5.652794247374686,
        9.33847700867166
    ],
    "sdr": [
        1.2923801610997505,
        3.1911719263665015,
        -2.6825347115309297,
        -5.18057334404829
    ],
    "sir": [
        2.702363367743383,
        5.514549507390662,
        -0.948293084667001,
        -4.545972758122939
    ]
}