{
    "name": "014 - Fergessen - Back From The Start",
    "nsdr": [
        8.395318233326796,
        2.1614621018307947,
        1.119209705081662,
        2.306469716544358
    ],
    "sar": [
        9.330511192723865,
        6.348063267727529,
        4.7159270083643055,
        8.497316506232421
    ],
    "sdr": [
        3.787301056208101,
        -4.459184675325622,
        1.641139574510092,
        -13.684427726953615
    ],
    "sir": [
        5.687475533970399,
        -3.1771465681640527,
        5.851170491537902,
        -13.083914413507001
    ]
}