{
    "name": "017 - Girls Under Glass - We Feel Alright",
    "nsdr": [
        5.317085050460822,
        4.47155934077581,
        5.1650988201074295,
        7.0299701935536945
    ],
    "sar": [
        10.367505337387408,
        5.802434734842278,
        10.17332613736089,
        9.394183912566598
    ],
    "sdr": [
        -11.922335520971327,
        1.0651177133504677,
        4.019829847324438,
        1.7791754202092407
    ],
    "sir": [
        -11.514853452702539,
        3.8566965225737357,
        5.624259704115566,
        3.0776974604416445
    ]
}