{
    "name": "098 - Wall Of Death - Femme",
    "nsdr": [
        7.314855282376341,
        2.9904681998909055,
        7.687824204257896,
        1.7365097042665614
    ],
    "sar": [
        9.506667402855538,
        6.646066750583641,
        9.494315441410258,
        9.76270005437855
    ],
    "sdr": [
        -1.588015263971378,
        -4.518917183849912,
        3.9989076908132795,
        0.7100943697868846
    ],
    "sir": [
        -0.7754801126121842,
        -3.3224123380026933,
        5.90089869989699,
        1.722965262500967
    ]
}