{
    "name": "093 - Tim Taler - Stalker",
    "nsdr": [
        -0.8495553118384416,
        3.4694545993321495,
        3.918570349367654,
        2.3935776880085413
    ],
    "sar": [
        8.038278442866924,
        5.529842050647513,
        3.732574777580033,
        10.395755463023345
    ],
    "sdr": [
        -2.501970155110156,
        -3.57933555009394,
        -4.247158461881112,
        -1.5107740741448423
    ],
    "sir": [
        -1.4667722554442133,
        -1.9386957282729438,
        -1.9606823262142448,
        -0.8419557841488303
    ]
}