{
    "name": "079 - Mu - Too Bright",
    "nsdr": [
        8.828012904163426,
        9.600835132628557,
        9.57909351070073,
        5.098104218167791
    ],
    "sar": [
        10.958992777980384,
        6.568209456299549,
        11.169348937212654,
        9.08793589865675
    ],
    "sdr": [
        5.2179503122603075,
        0.39698588809823254,
        8.610283723459183,
        -2.088849407928613
    ],
    "sir": [
        6.89965775884947,
        2.4622675384718864,
        12.443913533880963,
        -1.2391017889858629
    ]
}