{
    "name": "010 - Carlos Gonzalez - A Place For Us",
    "nsdr": [
        4.267886645700966,
        9.367930095146049,
        8.787706905064251,
        2.925326394356687
    ],
    "sar": [
        11.50627514387029,
        4.870025163067493,
        7.554046154752616,
        9.681814681592343
    ],
    "sdr": [
        2.2348411464504383,
        1.2481958115671412,
        3.892015078499818,
        -1.8340895434202187
    ],
    "sir": [
        3.078107873534491,
        4.947437311604403,
        7.038447492210903,
        -1.072580672970995
    ]
}