{
    "name": "027 - M.E.R.C. Music - Knockout",
    "nsdr": [
        5.790721395872785,
        6.7976431195194555,
        6.266961305617423,
        4.027521425381187
    ],
    "sar": [
        10.820052691716207,
        4.732410417404064,
        5.761387262247323,
        9.572289766435569
    ],
    "sdr": [
        3.536676558028738,
        -1.1357371029728316,
        1.8018778521857466,
        -1.2861706863328006
    ],
    "sir": [
        4.780814223562137,
        1.4248010709242869,
        5.055871745999507,
        -0.4596959106190781
    ]
}