{
    "name": "050 - Zeno - Signs",
    "nsdr": [
        6.5783905237098494,
        5.870842105931276,
        6.290494718625448,
        4.305335739221377
    ],
    "sar": [
        9.693016154487749,
        4.077672709441168,
        8.403429456459273,
        9.743821095359737
    ],
    "sdr": [
        0.14379959798501082,
        -2.9287948214068518,
        5.478320258840009,
        -0.41721237330916955
    ],
    "sir": [
        1.0972252513076552,
        -0.5304478280725734,
        9.161407448438219,
        0.4606834248295766
    ]
}