{
    "name": "042 - The Wrong'Uns - Rothko",
    "nsdr": [
        9.13788897832448,
        6.439000237582939,
        8.104264150710721,
        3.088592034422029
    ],
    "sar": [
        10.9574710082242,
        7.103827954054973,
        7.445604472523717,
        9.259175785840673
    ],
    "sdr": [
        5.419502670312494,
        -0.5482910825795313,
        4.285239152606827,
        -1.7850544310858953
    ],
    "sir": [
        7.177570043939578,
        1.0428674078364186,
        7.869561288783392,
        -0.9426590007449375
    ]
}