{
    "name": "007 - BKS - Too Much",
    "nsdr": [
        9.44047693978557,
        8.054110577795512,
        7.192004681004218,
        4.190600803810633
    ],
    "sar": [
        11.318098997902474,
        8.360648190169188,
        6.6163353536155824,
        7.908047439962659
    ],
    "sdr": [
        7.292506305221713,
        4.884446942705743,
        2.051668034799622,
        -7.3373692261984536
    ],
    "sir": [
        9.789795370415277,
        8.065333687791238,
        4.775969390355223,
        -6.553984229691654
    ]
}